<?xml version="1.0" encoding="UTF-8"?>

<udhrs>
  <udhr l='007'                iso639-3=''       uli=''               bcp47=''               ohchr='1128'   stage='4'  pdf='y' notes='n' loc=''               country=''   region=''            demo='n' n='(Forro)'/>
  <udhr l='008'                iso639-3=''       uli=''               bcp47=''               ohchr=''       stage='4'  pdf='y' notes='n' loc=''               country=''   region=''            demo='n' n='(Crioulo da Guin&#x00E9;)'/>
  <udhr l='009'                iso639-3=''       uli=''               bcp47=''               ohchr=''       stage='4'  pdf='y' notes='n' loc=''               country=''   region=''            demo='n' n='(Kimbundo)'/>
  <udhr l='010'                iso639-3=''       uli=''               bcp47=''               ohchr=''       stage='4'  pdf='y' notes='n' loc=''               country=''   region=''            demo='n' n='(Tetum)'/>
  <udhr l='011'                iso639-3=''       uli=''               bcp47=''               ohchr=''       stage='4'  pdf='y' notes='n' loc=''               country=''   region=''            demo='n' n='(Umbundo)'/>
  <udhr l='abk'                iso639-3='abk'    uli='ab'             bcp47='ab'             ohchr='abk'    stage='4'  pdf='y' notes='y' loc='42,42'          country='GE' region='Asia'        demo='n' n='Abkhaz'/>
  <udhr l='ace'                iso639-3='ace'    uli='ace'            bcp47='ace'            ohchr='atj'    stage='4'  pdf='y' notes='n' loc='5,96'           country='ID' region='Asia'        demo='n' n='Aceh'/>
  <udhr l='acu'                iso639-3='acu'    uli='acu'            bcp47='acu'            ohchr='acu'    stage='4'  pdf='y' notes='y' loc='-3,-76'         country='PE' region='Americas'    demo='n' n='Achuar-Shiwiar'/>
  <udhr l='acu' v='1'          iso639-3='acu'    uli='acu'            bcp47='acu'            ohchr='jiv'    stage='4'  pdf='y' notes='n' loc='-3,-77'         country='PE' region='Americas'    demo='n' n='Achuar-Shiwiar' nv='1'/>
  <udhr l='ada'                iso639-3='ada'    uli='ada'            bcp47='ada'            ohchr='gac1'   stage='4'  pdf='y' notes='n' loc='6,0'            country='GH' region='Africa'      demo='n' n='Dangme'/>
  <udhr l='afr'                iso639-3='afr'    uli='af'             bcp47='af'             ohchr='afk'    stage='4'  pdf='y' notes='y' loc='-30,23'         country='ZA' region='Africa'      demo='n' n='Afrikaans'/>
  <udhr l='agr'                iso639-3='agr'    uli='agr'            bcp47='agr'            ohchr='agr'    stage='4'  pdf='y' notes='y' loc='-12.00,-76.50'  country='PE' region='Americas'    demo='n' n='Aguaruna'/>
  <udhr l='aii'                iso639-3='aii'    uli='aii'            bcp47='aii'            ohchr='aii'    stage='4'  pdf='n' notes='n' loc='33,44'          country='IQ' region='Asia'        demo='n' n='Assyrian Neo-Aramaic'/>
  <udhr l='ajg'                iso639-3='ajg'    uli='ajg'            bcp47='ajg'            ohchr='ajg'    stage='4'  pdf='y' notes='n' loc='7,1.7'          country='BJ' region='Africa'      demo='n' n='Aja'/>
  <udhr l='aka' v='akuapem'    iso639-3='aka'    uli=''               bcp47=''               ohchr='tws1'   stage='4'  pdf='y' notes='n' loc='7,-1'           country='GH' region='Africa'      demo='n' n='Akan' nv='Akuapem'/>
  <udhr l='aka' v='asante'     iso639-3='aka'    uli='twi'            bcp47='ak'             ohchr='ass'    stage='4'  pdf='y' notes='n' loc='7,-2'           country='GH' region='Africa'      demo='n' n='Akan' nv='Asante'/>
  <udhr l='aka' v='fante'      iso639-3='aka'    uli='fat'            bcp47='ak'             ohchr='tws3'   stage='4'  pdf='y' notes='n' loc='6,-1'           country='GH' region='Africa'      demo='n' n='Akan' nv='Fante'/>
  <udhr l='als'                iso639-3='als'    uli='sq'             bcp47='sq'             ohchr='aln'    stage='4'  pdf='y' notes='n' loc='40.5,21'        country='AL' region='Europe'      demo='n' n='Albanian, Tosk'/>
  <udhr l='alt'                iso639-3='alt'    uli='alt'            bcp47='alt'            ohchr='alt'    stage='4'  pdf='y' notes='n' loc='50,86'          country='RU' region='Asia'        demo='n' n='Altai, Southern'/>
  <udhr l='amc'                iso639-3='amc'    uli='amc'            bcp47='amc'            ohchr='amc'    stage='4'  pdf='y' notes='n' loc='-10.5,-73'      country='PE' region='Americas'    demo='n' n='Amahuaca'/>
  <udhr l='ame'                iso639-3='ame'    uli='ame'            bcp47='ame'            ohchr='ame'    stage='4'  pdf='y' notes='y' loc='-10.5,-75.5'    country='PE' region='Americas'    demo='n' n='Yanesha&#x02BC;'/>
  <udhr l='amh'                iso639-3='amh'    uli='am'             bcp47='am'             ohchr='amh'    stage='4'  pdf='y' notes='n' loc='12,38'          country='ET' region='Africa'      demo='n' n='Amharic'/>
  <udhr l='amr'                iso639-3='amr'    uli='amr'            bcp47='amr'            ohchr='amr'    stage='4'  pdf='y' notes='n' loc='-12.5,-70.5'    country='PE' region='Americas'    demo='n' n='Amarakaeri'/>
  <udhr l='arb'                iso639-3='arb'    uli='ar'             bcp47='ar'             ohchr='arz'    stage='4'  pdf='y' notes='n' loc='25,45'          country='SA' region='Asia'        demo='y' n='Arabic, Standard'/>
  <udhr l='arl'                iso639-3='arl'    uli='arl'            bcp47='arl'            ohchr='arl'    stage='4'  pdf='y' notes='n' loc='-2,-75'         country='PE' region='Americas'    demo='n' n='Arabela'/>
  <udhr l='arn'                iso639-3='arn'    uli='arn'            bcp47='arn'            ohchr='aru'    stage='4'  pdf='y' notes='n' loc='-42,-72'        country='CL' region='Americas'    demo='n' n='Mapudungun'/>
  <udhr l='asm'                iso639-3='asm'    uli='as'             bcp47='as'             ohchr='asm'    stage='2'  pdf='n' notes='n' loc='26,93'          country='IN' region='Asia'        demo='n' n='Assamese'/>
  <udhr l='ast'                iso639-3='ast'    uli='ast'            bcp47='ast'            ohchr='aub'    stage='4'  pdf='y' notes='n' loc='43.5,-6'        country='ES' region='Europe'      demo='n' n='Asturian'/>
  <udhr l='auc'                iso639-3='auc'    uli='auc'            bcp47='auc'            ohchr='1127'   stage='4'  pdf='y' notes='n' loc='-1,-77'         country='EC' region='Americas'    demo='n' n='Waorani'/>
  <udhr l='auv'                iso639-3='auv'    uli='oc'             bcp47='oc'             ohchr='auv1'   stage='4'  pdf='y' notes='n' loc='45.0,3.1'       country='FR' region='Europe'      demo='n' n='Auvergnat'/>
  <udhr l='awa'                iso639-3='awa'    uli='awa'            bcp47='awa'            ohchr='awa'    stage='2'  pdf='n' notes='n' loc=''               country='IN' region='Asia'        demo='n' n='Awadhi'/>
  <udhr l='ayr'                iso639-3='ayr'    uli='ay'             bcp47='ay'             ohchr='aym'    stage='4'  pdf='y' notes='n' loc='-16,-68'        country='BO' region='Americas'    demo='n' n='Aymara, Central'/>
  <udhr l='azj' v='cyrl'       iso639-3='azj'    uli='az-Cyrl'        bcp47='az-Cyrl'        ohchr='azb1'   stage='4'  pdf='y' notes='n' loc='51,40'          country='AZ' region='Asia'        demo='n' n='Azerbaijani, North' nv='Cyrillic'/>
  <udhr l='azj' v='latn'       iso639-3='azj'    uli='az-Latn'        bcp47='az-Latn'        ohchr='azb'    stage='4'  pdf='y' notes='n' loc='50,40'          country='AZ' region='Asia'        demo='n' n='Azerbaijani, North' nv='Latin'/>
  <udhr l='bam'                iso639-3='bam'    uli='bm'             bcp47='bm'             ohchr='bra'    stage='4'  pdf='y' notes='n' loc='15,-7'          country='ML' region='Africa'      demo='n' n='Bamanankan'/>
  <udhr l='ban'                iso639-3='ban'    uli='ban'            bcp47='ban'            ohchr='bzc'    stage='4'  pdf='y' notes='n' loc='-8.5,115'       country='ID' region='Asia'        demo='n' n='Bali'/>
  <udhr l='bba'                iso639-3='bba'    uli='bba'            bcp47='bba'            ohchr='bba'    stage='4'  pdf='y' notes='n' loc='10.2,2.6'       country='BJ' region='Africa'      demo='n' n='Baatonum'/>
  <udhr l='bci'                iso639-3='bci'    uli='bci'            bcp47='bci'            ohchr='bci'    stage='4'  pdf='y' notes='n' loc='7,-7'           country='CI' region='Africa'      demo='n' n='Baoulé'/>
  <udhr l='bcl'                iso639-3='bcl'    uli='bik'            bcp47='bik'            ohchr='bkl'    stage='4'  pdf='y' notes='n' loc='14,124'         country='PH' region='Asia'        demo='n' n='Bicolano, Central'/>
  <udhr l='bel'                iso639-3='bel'    uli='be'             bcp47='be'             ohchr='ruw'    stage='4'  pdf='y' notes='y' loc='53,28'          country='BY' region='Europe'      demo='n' n='Belarusan'/>
  <udhr l='bem'                iso639-3='bem'    uli='bem'            bcp47='bem'            ohchr='bem'    stage='4'  pdf='y' notes='n' loc='-10,31'         country='ZM' region='Africa'      demo='n' n='Bemba'/>
  <udhr l='ben'                iso639-3='ben'    uli='bn'             bcp47='bn'             ohchr='bng'    stage='4'  pdf='y' notes='n' loc='24,90'          country='BD' region='Asia'        demo='y' n='Bengali'/>
  <udhr l='bfa'                iso639-3='bfa'    uli='bfa'            bcp47='bfa'            ohchr='bfa'    stage='4'  pdf='y' notes='n' loc='10.7,34'        country='SD' region='Africa'      demo='n' n='Bari'/>
  <udhr l='bgp'                iso639-3='bgp'    uli='bal'            bcp47='bal'            ohchr='bgp'    stage='2'  pdf='n' notes='n' loc='28,66'          country='PK' region='Asia'        demo='n' n='Balochi, Eastern'/>
  <udhr l='bho'                iso639-3='bho'    uli='bho'            bcp47='bho'            ohchr='bhj'    stage='4'  pdf='y' notes='n' loc='25,86'          country='IN' region='Asia'        demo='n' n='Bhojpuri'/>
  <udhr l='bin'                iso639-3='bin'    uli='bin'            bcp47='bin'            ohchr='edo'    stage='4'  pdf='y' notes='n' loc='6.8,6'          country='NG' region='Africa'      demo='n' n='Edo'/>
  <udhr l='bis'                iso639-3='bis'    uli='bi'             bcp47='bi'             ohchr='bcy'    stage='4'  pdf='y' notes='n' loc='-17,168'        country='VU' region='Pacific'     demo='n' n='Bislama'/>
  <udhr l='bjj'                iso639-3='bjj'    uli='bjj'            bcp47='bjj'            ohchr='bjj'    stage='2'  pdf='n' notes='n' loc=''               country='IN' region='Asia'        demo='n' n='Kanauji'/>
  <udhr l='blu'                iso639-3='blu'    uli='hnj'            bcp47='hnj'            ohchr='blu'    stage='4'  pdf='y' notes='n' loc='27,104'         country='CN' region='Asia'        demo='n' n='Hmong Njua'/>
  <udhr l='boa'                iso639-3='boa'    uli='boa'            bcp47='boa'            ohchr='boa'    stage='4'  pdf='y' notes='n' loc='-2.5,-71.5'     country='PE' region='Americas'    demo='n' n='Bora'/>
  <udhr l='bod'                iso639-3='bod'    uli='bo'             bcp47='bo'             ohchr='tic'    stage='4'  pdf='y' notes='n' loc='30,90'          country='CN' region='Asia'        demo='y' n='Tibetan, Central'/>
  <udhr l='bos' v='cyrl'       iso639-3='bos'    uli='bs-Cyrl'        bcp47='bs-Cyrl'        ohchr='src4'   stage='4'  pdf='y' notes='n' loc='44,18'          country='BA' region='Europe'      demo='n' n='Bosnian' nv='Cyrillic'/>
  <udhr l='bos' v='latn'       iso639-3='bos'    uli='bs-Latn'        bcp47='bs-Latn'        ohchr='src1'   stage='4'  pdf='y' notes='n' loc='44,17'          country='BA' region='Europe'      demo='n' n='Bosnian' nv='Latin'/>
  <udhr l='bpy'                iso639-3='bpy'    uli='bpy'            bcp47='bpy'            ohchr='bpy'    stage='2'  pdf='n' notes='n' loc='24.5,92.5'      country='IN' region='Asia'        demo='n' n='Bishnupriya'/>
  <udhr l='bre'                iso639-3='bre'    uli='br'             bcp47='br'             ohchr='brt'    stage='4'  pdf='y' notes='n' loc='48.2,-3.5'      country='FR' region='Europe'      demo='n' n='Breton'/>
  <udhr l='btb'                iso639-3='btb'    uli='btb'            bcp47='btb'            ohchr='btb'    stage='4'  pdf='y' notes='n' loc='3,12'           country='CM' region='Africa'      demo='n' n='Beti'/>
  <udhr l='buc'                iso639-3='buc'    uli='buc'            bcp47='buc'            ohchr='buc'    stage='2'  pdf='n' notes='n' loc='-13,46'         country='YT' region='Africa'      demo='n' n='Bushi'/>
  <udhr l='bug'                iso639-3='bug'    uli='bug'            bcp47='bug'            ohchr='bpr'    stage='4'  pdf='y' notes='n' loc='-4.5,120'       country='ID' region='Asia'        demo='n' n='Bugis'/>
  <udhr l='bul'                iso639-3='bul'    uli='bg'             bcp47='bg'             ohchr='blg'    stage='4'  pdf='y' notes='n' loc='43,25'          country='BG' region='Europe'      demo='n' n='Bulgarian'/>
  <udhr l='bvi'                iso639-3='bvi'    uli='bvi'            bcp47='bvi'            ohchr='bvi'    stage='2'  pdf='n' notes='n' loc='10.2,32.5'      country='SD' region='Africa'      demo='n' n='Belanda Viri'/>
  <udhr l='cab'                iso639-3='cab'    uli='cab'            bcp47='cab'            ohchr='cab'    stage='4'  pdf='y' notes='n' loc='15.8,-87'       country='HN' region='Americas'    demo='n' n='Garifuna'/>
  <udhr l='cak'                iso639-3='cak'    uli='cak'            bcp47='cak'            ohchr='cak1'   stage='4'  pdf='y' notes='n' loc='14.5,-91'       country='GT' region='Americas'    demo='n' n='Kaqchikel, Central'/>
  <udhr l='cat'                iso639-3='cat'    uli='ca'             bcp47='ca'             ohchr='cln'    stage='4'  pdf='y' notes='n' loc='41,1'           country='ES' region='Europe'      demo='n' n='Catalan-Valencian-Balear'/>
  <udhr l='cax'                iso639-3='cax'    uli='cax'            bcp47='cax'            ohchr='cax'    stage='2'  pdf='n' notes='n' loc=''               country='BO' region='Americas'    demo='n' n='Chiquitano'/>
  <udhr l='cbi'                iso639-3='cbi'    uli='cbi'            bcp47='cbi'            ohchr='1122'   stage='4'  pdf='y' notes='n' loc='0,-79'          country='EC' region='Americas'    demo='n' n='Chachi'/>
  <udhr l='cbr'                iso639-3='cbr'    uli='cbr'            bcp47='cbr'            ohchr='cbr'    stage='4'  pdf='y' notes='n' loc='-9,-75'         country='PE' region='Americas'    demo='n' n='Cashibo-Cacataibo'/>
  <udhr l='cbs'                iso639-3='cbs'    uli='cbs'            bcp47='cbs'            ohchr='cbs'    stage='4'  pdf='y' notes='n' loc='-10.5,-72'      country='PE' region='Americas'    demo='n' n='Cashinahua'/>
  <udhr l='cbt'                iso639-3='cbt'    uli='cbt'            bcp47='cbt'            ohchr='cbt'    stage='4'  pdf='y' notes='n' loc='-5.5,-77'       country='PE' region='Americas'    demo='n' n='Chayahuita'/>
  <udhr l='cbu'                iso639-3='cbu'    uli='cbu'            bcp47='cbu'            ohchr='cbu'    stage='4'  pdf='y' notes='n' loc='-4.5,-77'       country='PE' region='Americas'    demo='n' n='Candoshi-Shapra'/>
  <udhr l='ccx'                iso639-3='ccx'    uli='za'             bcp47='za'             ohchr='ccx'    stage='4'  pdf='y' notes='n' loc='24,109'         country='CN' region='Asia'        demo='n' n='Zhuang, Northern'/>
  <udhr l='ceb'                iso639-3='ceb'    uli='ceb'            bcp47='ceb'            ohchr='ceb'    stage='4'  pdf='y' notes='n' loc='10,124'         country='PH' region='Asia'        demo='n' n='Cebuano'/>
  <udhr l='ces'                iso639-3='ces'    uli='cs'             bcp47='cs'             ohchr='czc'    stage='4'  pdf='y' notes='n' loc='49.5,15'        country='CZ' region='Europe'      demo='n' n='Czech'/>
  <udhr l='cha'                iso639-3='cha'    uli='ch'             bcp47='ch'             ohchr='cjd'    stage='4'  pdf='y' notes='n' loc='13,144'         country='GU' region='Pacific'     demo='n' n='Chamorro'/>
  <udhr l='chj'                iso639-3='chj'    uli='chj'            bcp47='chj'            ohchr='chj'    stage='4'  pdf='y' notes='n' loc='18.0,-96.3'     country='MX' region='Americas'    demo='n' n='Chinantec, Ojitlán'/>
  <udhr l='chk'                iso639-3='chk'    uli='chk'            bcp47='chk'            ohchr='tru1'   stage='4'  pdf='y' notes='n' loc='8,152'          country='FM' region='Pacific'     demo='n' n='Chuukese'/>
  <udhr l='chr'                iso639-3='chr'    uli='chr'            bcp47='chr'            ohchr=''       stage='1'  pdf='y' notes='n' loc='35,-95'         country='US' region='Americas'    demo='y' n='Cherokee'/>
  <udhr l='cic'                iso639-3='cic'    uli='cic'            bcp47='cic'            ohchr='cic'    stage='4'  pdf='y' notes='n' loc='34.5,-97'       country='US' region='Americas'    demo='n' n='Chickasaw'/>
  <udhr l='cjk'                iso639-3='cjk'    uli='cjk'            bcp47='cjk'            ohchr='cjk'    stage='4'  pdf='y' notes='n' loc='-10,23'         country='CD' region='Africa'      demo='n' n='Chokwe'/>
  <udhr l='cjk' v='AO'         iso639-3='cjk'    uli='cjk'            bcp47='cjk'            ohchr='cjk'    stage='4'  pdf='y' notes='n' loc='-10,20'         country='AO' region='Africa'      demo='n' n='Chokwe (Angola)'/>
  <udhr l='cjs'                iso639-3='cjs'    uli='cjs'            bcp47='cjs'            ohchr='cjs'    stage='4'  pdf='y' notes='n' loc='53,87'          country='RU' region='Asia'        demo='n' n='Shor'/>
  <udhr l='ckb'                iso639-3='ckb'    uli='ku'             bcp47='ku'             ohchr='kdb1'   stage='4'  pdf='y' notes='n' loc='36,44'          country='IQ' region='Asia'        demo='n' n='Kurdish, Central'/>
  <udhr l='cmn' v='hans'       iso639-3='cmn'    uli='zh-Hans'        bcp47='zh-Hans'        ohchr='chn'    stage='4'  pdf='y' notes='n' loc='35,115'         country='CN' region='Asia'        demo='y' n='Chinese, Mandarin (Simplified)'/>
  <udhr l='cmn' v='hant'       iso639-3='cmn'    uli='zh-Hant'        bcp47='zh-Hant'        ohchr=''       stage='4'  pdf='y' notes='n' loc='24,121'         country='TW' region='Asia'        demo='n' n='Chinese, Mandarin (Traditional)'/>
  <udhr l='cnh'                iso639-3='cnh'    uli='cnh'            bcp47='cnh'            ohchr='hak'    stage='4'  pdf='y' notes='n' loc='25.5,95.5'      country='  ' region='Asia'        demo='n' n='Chin, Haka'/>
  <udhr l='cni'                iso639-3='cni'    uli='cni'            bcp47='cni'            ohchr='cni'    stage='4'  pdf='y' notes='n' loc='-12,-74'        country='PE' region='Americas'    demo='n' n='Asháninka'/>
  <udhr l='cof'                iso639-3='cof'    uli='cof'            bcp47='cof'            ohchr='cof'    stage='4'  pdf='y' notes='n' loc='-0.5,-79'       country='EC' region='Americas'    demo='n' n='Colorado'/>
  <udhr l='con'                iso639-3='con'    uli='con'            bcp47='con'            ohchr='ccc'    stage='2'  pdf='n' notes='n' loc='0.5,-77'        country='EC' region='Americas'    demo='n' n='Cof&#x00E1;n'/>
  <udhr l='cos'                iso639-3='cos'    uli='co'             bcp47='co'             ohchr='coi'    stage='4'  pdf='y' notes='n' loc='42.1,9.0'       country='FR' region='Europe'      demo='n' n='Corsican'/>
  <udhr l='cot'                iso639-3='cot'    uli='cot'            bcp47='cot'            ohchr='cot'    stage='4'  pdf='y' notes='n' loc='-11.5,-73.5'    country='PE' region='Americas'    demo='n' n='Caquinte'/>
  <udhr l='cpu'                iso639-3='cpu'    uli='cpu'            bcp47='cpu'            ohchr='cpu'    stage='4'  pdf='y' notes='n' loc='-10.25,-74.5'   country='PE' region='Americas'    demo='n' n='Ashéninka, Pichis'/>
  <udhr l='crs'                iso639-3='crs'    uli='crs'            bcp47='crs'            ohchr='crs'    stage='4'  pdf='y' notes='n' loc='-4.75,55.5'     country='SC' region='Africa'      demo='n' n='Seselwa Creole French'/>
  <udhr l='csa'                iso639-3='csa'    uli='csa'            bcp47='csa'            ohchr='csa'    stage='4'  pdf='y' notes='n' loc='18.0,-95.8'     country='MX' region='Americas'    demo='n' n='Chinantec, Chiltepec'/>
  <udhr l='csw'                iso639-3='csw'    uli='csw'            bcp47='cr'             ohchr='crm'    stage='4'  pdf='y' notes='n' loc='55,-95'         country='CA' region='Americas'    demo='y' n='Cree, Swampy'/>
  <udhr l='ctd'                iso639-3='ctd'    uli='ctd'            bcp47='ctd'            ohchr='tid'    stage='4'  pdf='y' notes='n' loc='26,96'          country='  ' region='Asia'        demo='n' n='Chin, Tedim'/>
  <udhr l='cym'                iso639-3='cym'    uli='cy'             bcp47='cy'             ohchr='wls'    stage='4'  pdf='y' notes='n' loc='52.5,-4'        country='GB' region='Europe'      demo='n' n='Welsh'/>
  <udhr l='dag'                iso639-3='dag'    uli='dag'            bcp47='dag'            ohchr='dag'    stage='4'  pdf='y' notes='n' loc='9.5,-0.5'       country='GH' region='Africa'      demo='n' n='Dagbani'/>
  <udhr l='dan'                iso639-3='dan'    uli='da'             bcp47='da'             ohchr='dns'    stage='4'  pdf='y' notes='n' loc='56.5,9'         country='DK' region='Europe'      demo='n' n='Danish'/>
  <udhr l='ddn'                iso639-3='ddn'    uli='ddn'            bcp47='ddn'            ohchr='den'    stage='4'  pdf='y' notes='n' loc='11.6,3.4'       country='BJ' region='Africa'      demo='n' n='Dendi'/>
  <udhr l='deu' v='1901'       iso639-3='deu'    uli='de-1901'        bcp47='de-1901'        ohchr='ger'    stage='4'  pdf='y' notes='y' loc='50,9'           country='DE' region='Europe'      demo='n' n='German, Standard (1901)'/>
  <udhr l='deu' v='1996'       iso639-3='deu'    uli='de-1996'        bcp47='de-1996'        ohchr=''       stage='4'  pdf='y' notes='y' loc='50,10'          country='DE' region='Europe'      demo='n' n='German, Standard (1996)'/>
  <udhr l='dga'                iso639-3='dga'    uli='dga'            bcp47='dga'            ohchr='dga'    stage='4'  pdf='y' notes='n' loc='10.5,-2.5'      country='GH' region='Africa'      demo='n' n='Dagaare, Southern'/>
  <udhr l='dip'                iso639-3='dip'    uli='dip'            bcp47='dip'            ohchr='dinka'  stage='4'  pdf='y' notes='n' loc='10.2,32'        country='SD' region='Africa'      demo='n' n='Dinka, Northeastern'/>
  <udhr l='div'                iso639-3='div'    uli='dv'             bcp47='dv'             ohchr='div'    stage='4'  pdf='y' notes='n' loc='4.17,75.31'     country='MV' region='Asia'        demo='y' n='Maldivian'/>
  <udhr l='dyo'                iso639-3='dyo'    uli='dyo'            bcp47='dyo'            ohchr='dyo'    stage='4'  pdf='y' notes='n' loc='13,-16.5'       country='SN' region='Africa'      demo='n' n='Jola-Fonyi'/>
  <udhr l='dyu'                iso639-3='dyu'    uli='dyu'            bcp47='dyu'            ohchr='dyu'    stage='2'  pdf='n' notes='n' loc='10,-4.5'        country='BF' region='Africa'      demo='n' n='Jula'/>
  <udhr l='dzo'                iso639-3='dzo'    uli='dz'             bcp47='dz'             ohchr='dzo'    stage='3'  pdf='y' notes='n' loc='27,90'          country='BT' region='Asia'        demo='n' n='Dzongkha'/>
  <udhr l='ell' v='monotonic'  iso639-3='ell'    uli='el-monoton'     bcp47='el-monoton'     ohchr='grk'    stage='4'  pdf='y' notes='n' loc='39,21'          country='GR' region='Europe'      demo='n' n='Greek (monotonic)'/>
  <udhr l='ell' v='polytonic'  iso639-3='ell'    uli='el-polyton'     bcp47='el-polyton'     ohchr=''       stage='4'  pdf='y' notes='n' loc='39,22'          country='GR' region='Europe'      demo='y' n='Greek (polytonic)'/>
  <udhr l='emk'                iso639-3='emk'    uli='emk'            bcp47='emk'            ohchr='mni'    stage='4'  pdf='y' notes='n' loc='11,-11.5'       country='GN' region='Africa'      demo='n' n='Maninkakan, Eastern'/>
  <udhr l='eml'                iso639-3='rgn'    uli='eml'            bcp47='eml'            ohchr='eml'    stage='4'  pdf='y' notes='n' loc='44.5,11'        country='IT' region='Europe'      demo='n' n='Emiliano-Romagnolo'/>
  <udhr l='eng'                iso639-3='eng'    uli='en'             bcp47='en'             ohchr='eng'    stage='5'  pdf='y' notes='n' loc='52,0'           country='UK' region='Europe'      demo='y' n='English'/>
  <udhr l='epo'                iso639-3='epo'    uli='eo'             bcp47='eo'             ohchr='1115'   stage='4'  pdf='y' notes='n' loc='-75,00'         country='FR' region='Other'       demo='n' n='Esperanto'/>
  <udhr l='est'                iso639-3='est'    uli='et'             bcp47='et'             ohchr='est'    stage='4'  pdf='y' notes='n' loc='59,26'          country='EE' region='Europe'      demo='n' n='Estonian'/>
  <udhr l='eus'                iso639-3='eus'    uli='eu'             bcp47='eu'             ohchr='bsq'    stage='4'  pdf='y' notes='n' loc='43,-2'          country='ES' region='Europe'      demo='n' n='Basque'/>
  <udhr l='eve'                iso639-3='eve'    uli='eve'            bcp47='eve'            ohchr='eve'    stage='4'  pdf='y' notes='n' loc='55,157'         country='RU' region='Asia'        demo='n' n='Even'/>
  <udhr l='evn'                iso639-3='evn'    uli='evn'            bcp47='evn'            ohchr='evn'    stage='4'  pdf='y' notes='n' loc='50,120'         country='CN' region='Asia'        demo='n' n='Evenki'/>
  <udhr l='ewe'                iso639-3='ewe'    uli='ee'             bcp47='ee'             ohchr='ewe'    stage='4'  pdf='y' notes='n' loc='6,1'            country='GH' region='Africa'      demo='n' n='Éwé'/>
  <udhr l='fao'                iso639-3='fao'    uli='fo'             bcp47='fo'             ohchr='fae'    stage='4'  pdf='y' notes='n' loc='62,-7'          country='DK' region='Europe'      demo='n' n='Faroese'/>
  <udhr l='fij'                iso639-3='fij'    uli='fj'             bcp47='fj'             ohchr='fji'    stage='4'  pdf='y' notes='n' loc='-18,178'        country='FJ' region='Pacific'     demo='n' n='Fijian'/>
  <udhr l='fin'                iso639-3='fin'    uli='fi'             bcp47='fi'             ohchr='fin'    stage='4'  pdf='y' notes='n' loc='65,28'          country='FI' region='Europe'      demo='n' n='Finnish'/>
  <udhr l='flm'                iso639-3='flm'    uli='cfm'            bcp47='cfm'            ohchr='fal'    stage='4'  pdf='y' notes='n' loc='25,95'          country='  ' region='Asia'        demo='n' n='Chin, Falam'/>
  <udhr l='fon'                iso639-3='fon'    uli='fon'            bcp47='fon'            ohchr='foa'    stage='4'  pdf='y' notes='n' loc='7.3,2.4'        country='BJ' region='Africa'      demo='n' n='Fon'/>
  <udhr l='fra'                iso639-3='fra'    uli='fr'             bcp47='fr'             ohchr='frn'    stage='5'  pdf='y' notes='y' loc='47.5,2.0'       country='FR' region='Europe'      demo='n' n='French'/>
  <udhr l='fri'                iso639-3='fri'    uli='fy'             bcp47='fy'             ohchr='fri'    stage='4'  pdf='y' notes='n' loc='53,6'           country='NL' region='Europe'      demo='n' n='Frisian, Western'/>
  <udhr l='fuc'                iso639-3='fuc'    uli='fuc'            bcp47='ff'             ohchr='fum1'   stage='4'  pdf='y' notes='n' loc='15,-14'         country='SN' region='Africa'      demo='n' n='Pulaar'/>
  <udhr l='fur'                iso639-3='fur'    uli='fur'            bcp47='fur'            ohchr='frl'    stage='4'  pdf='y' notes='n' loc='46.5,13'        country='IT' region='Europe'      demo='n' n='Friulian'/>
  <udhr l='gaa'                iso639-3='gaa'    uli='gaa'            bcp47='gaa'            ohchr='gac2'   stage='4'  pdf='y' notes='n' loc='5.5,-0.3'       country='GH' region='Africa'      demo='n' n='Ga'/>
  <udhr l='gag'                iso639-3='gag'    uli='gag'            bcp47='gag'            ohchr='gag'    stage='4'  pdf='y' notes='n' loc='47,29'          country='MD' region='Europe'      demo='n' n='Gagauz'/>
  <udhr l='gax'                iso639-3='gax'    uli='om'             bcp47='om'             ohchr='gax'    stage='4'  pdf='y' notes='n' loc='10.2,38.5'      country='ET' region='Africa'      demo='n' n='Oromo, Borana-Arsi-Guji'/>
  <udhr l='gbm'                iso639-3='gbm'    uli='gbm'            bcp47='gbm'            ohchr='gbm'    stage='2'  pdf='n' notes='n' loc=''               country='IN' region='Asia'        demo='n' n='Garhwali'/>
  <udhr l='gjn'                iso639-3='gjn'    uli='gjn'            bcp47='gjn'            ohchr='dum'    stage='4'  pdf='y' notes='n' loc='9,-1'           country='GH' region='Africa'      demo='n' n='Gonja'/>
  <udhr l='gkp'                iso639-3='gkp'    uli='kpe'            bcp47='kpe'            ohchr='gkp1'   stage='4'  pdf='y' notes='n' loc='8,-9'           country='GN' region='Africa'      demo='n' n='Kpelle, Guinea'/>
  <udhr l='gla'                iso639-3='gla'    uli='gd'             bcp47='gd'             ohchr='gls'    stage='4'  pdf='y' notes='n' loc='58,-6'          country='UK' region='Europe'      demo='n' n='Gaelic, Scottish'/>
  <udhr l='gld'                iso639-3='gld'    uli='gld'            bcp47='gld'            ohchr='gld'    stage='2'  pdf='n' notes='n' loc='50,135'         country='RU' region='Asia'        demo='n' n='Nanai'/>
  <udhr l='gle'                iso639-3='gle'    uli='ga'             bcp47='ga'             ohchr='gli1'   stage='4'  pdf='y' notes='n' loc='54,-10'         country='IE' region='Europe'      demo='n' n='Gaelic, Irish'/>
  <udhr l='glg'                iso639-3='glg'    uli='gl'             bcp47='gl'             ohchr='gln'    stage='4'  pdf='y' notes='n' loc='43,-8'          country='ES' region='Europe'      demo='n' n='Galician'/>
  <udhr l='gno'                iso639-3='gno'    uli='gno'            bcp47='gno'            ohchr='gno'    stage='2'  pdf='n' notes='n' loc=''               country='IN' region='Asia'        demo='n' n='Gondi, Northern'/>
  <udhr l='guc'                iso639-3='guc'    uli='guc'            bcp47='guc'            ohchr='guc'    stage='4'  pdf='y' notes='n' loc='12,-72'         country='CO' region='Americas'    demo='n' n='Wayuu'/>
  <udhr l='gug'                iso639-3='gug'    uli='gn'             bcp47='gn'             ohchr='gun'    stage='4'  pdf='y' notes='n' loc='-24,-58'        country='PY' region='Americas'    demo='n' n='Guaraní, Paraguayan'/>
  <udhr l='guj'                iso639-3='guj'    uli='gu'             bcp47='gu'             ohchr='gjr'    stage='4'  pdf='y' notes='n' loc='23,72'          country='IN' region='Asia'        demo='y' n='Gujarati'/>
  <udhr l='guu'                iso639-3='guu'    uli='guu'            bcp47='guu'            ohchr='guu'    stage='4'  pdf='y' notes='n' loc='2,-65'          country='VE' region='Americas'    demo='n' n='Yanomamö'/>
  <udhr l='gyr'                iso639-3='gyr'    uli='gyr'            bcp47='gyr'            ohchr='gua'    stage='4'  pdf='y' notes='n' loc='-16,-62'        country='  ' region='Americas'    demo='n' n='Guarayu'/>
  <udhr l='hat' v='kreyol'     iso639-3='hat'    uli='ht'             bcp47='ht'             ohchr='hat'    stage='4'  pdf='y' notes='n' loc='19,-72'         country='HT' region='Americas'    demo='n' n='Haitian Creole French' nv='Kreyol'/>
  <udhr l='hat' v='popular'    iso639-3='hat'    uli='ht'             bcp47='ht'             ohchr='hat1'   stage='4'  pdf='y' notes='n' loc='19,-73'         country='HT' region='Americas'    demo='n' n='Haitian Creole French' nv='Popular'/>
  <udhr l='hau' v='NE'         iso639-3='hau'    uli='ha-NE'          bcp47='ha-NE'          ohchr='gej'    stage='4'  pdf='y' notes='n' loc='15,6'           country='NE' region='Africa'      demo='n' n='Hausa (Niger)'/>
  <udhr l='hau' v='NG'         iso639-3='hau'    uli='ha-NG'          bcp47='ha-NG'          ohchr='gej'    stage='4'  pdf='y' notes='n' loc='12,6'           country='NG' region='Africa'      demo='n' n='Hausa (Nigeria)'/>
  <udhr l='haw'                iso639-3='haw'    uli='haw'            bcp47='haw'            ohchr='hwi'    stage='4'  pdf='y' notes='n' loc='20,-155'        country='US' region='Pacific'     demo='n' n='Hawaiian'/>
  <udhr l='hea'                iso639-3='hea'    uli='hea'            bcp47='hea'            ohchr='hea'    stage='4'  pdf='y' notes='n' loc='25,104'         country='CN' region='Asia'        demo='n' n='Hmong, Northern Qiandong'/>
  <udhr l='heb'                iso639-3='heb'    uli='he'             bcp47='he'             ohchr='hbr'    stage='4'  pdf='y' notes='n' loc='32,35'          country='IL' region='Asia'        demo='y' n='Hebrew'/>
  <udhr l='hil'                iso639-3='hil'    uli='hil'            bcp47='hil'            ohchr='hil'    stage='4'  pdf='y' notes='n' loc='11,123'         country='PH' region='Asia'        demo='n' n='Hiligaynon'/>
  <udhr l='hin'                iso639-3='hin'    uli='hi'             bcp47='hi'             ohchr='hnd'    stage='4'  pdf='y' notes='y' loc='28,77'          country='IN' region='Asia'        demo='y' n='Hindi'/>
  <udhr l='hlt'                iso639-3='hlt'    uli='hlt'            bcp47='hlt'            ohchr='hlt'    stage='4'  pdf='y' notes='n' loc=''               country='MY' region='Asia'        demo='n' n='Chin, Matu'/>
  <udhr l='hms'                iso639-3='hms'    uli='hms'            bcp47='hms'            ohchr='hms'    stage='4'  pdf='y' notes='n' loc='25,107'         country='CN' region='Asia'        demo='n' n='Hmong, Southern Qiandong'/>
  <udhr l='hna'                iso639-3='hna'    uli='hna'            bcp47='hna'            ohchr='hna'    stage='4'  pdf='y' notes='n' loc='10.3,14'        country='CM' region='Africa'      demo='n' n='Mina'/>
  <udhr l='hne'                iso639-3='hne'    uli='hne'            bcp47='hne'            ohchr='hne'    stage='2'  pdf='n' notes='n' loc=''               country='IN' region='Asia'        demo='n' n='Chhattisgarhi'/>
  <udhr l='hni'                iso639-3='hni'    uli='hni'            bcp47='hni'            ohchr='hni'    stage='4'  pdf='y' notes='n' loc='24,101'         country='CN' region='Asia'        demo='n' n='Hani'/>
  <udhr l='hoc'                iso639-3='hoc'    uli='hoc'            bcp47='hoc'            ohchr='hoc'    stage='2'  pdf='n' notes='n' loc=''               country='IN' region='Asia'        demo='n' n='Ho'/>
  <udhr l='hrv'                iso639-3='hrv'    uli='hr'             bcp47='hr'             ohchr='src2'   stage='4'  pdf='y' notes='n' loc='46,17'          country='HR' region='Europe'      demo='n' n='Croatian'/>
  <udhr l='hsb'                iso639-3='hsb'    uli='hsb'            bcp47='hsb'            ohchr='wee'    stage='4'  pdf='y' notes='n' loc='51,14'          country='DE' region='Europe'      demo='n' n='Sorbian, Upper'/>
  <udhr l='hsf'                iso639-3='hsf'    uli=''               bcp47=''               ohchr='hus'    stage='4'  pdf='y' notes='n' loc=''               country='MX' region='Americas'    demo='n' n='Huastec, Southeastern'/>
  <udhr l='hun'                iso639-3='hun'    uli='hu'             bcp47='hu'             ohchr='hng'    stage='4'  pdf='y' notes='n' loc='47,18'          country='HU' region='Europe'      demo='n' n='Hungarian'/>
  <udhr l='hus'                iso639-3='hus'    uli='hus'            bcp47='hus'            ohchr='1118'   stage='4'  pdf='y' notes='n' loc='21.0,-98.0'     country='MX' region='Americas'    demo='n' n='Huastec, Veracruz'/>
  <udhr l='huu'                iso639-3='huu'    uli='huu'            bcp47='huu'            ohchr='huu'    stage='4'  pdf='y' notes='n' loc='-1.8,-73.5'     country='PE' region='Americas'    demo='n' n='Huitoto, Murui'/>
  <udhr l='hva'                iso639-3='hva'    uli='hva'            bcp47='hva'            ohchr='hva'    stage='4'  pdf='y' notes='n' loc='22.0,-99.0'     country='MX' region='Americas'    demo='n' n='Huastec, San Luís Potosí'/>
  <udhr l='hye'                iso639-3='hye'    uli='hy'             bcp47='hy'             ohchr='arm'    stage='4'  pdf='y' notes='n' loc='40,45'          country='AM' region='Asia'        demo='y' n='Armenian'/>
  <udhr l='ibb'                iso639-3='ibb'    uli='ibb'            bcp47='ibb'            ohchr='ibb'    stage='4'  pdf='y' notes='n' loc='5,7.5'          country='NG' region='Africa'      demo='n' n='Ibibio'/>
  <udhr l='ibo'                iso639-3='ibo'    uli='ig'             bcp47='ig'             ohchr='igr'    stage='4'  pdf='y' notes='n' loc='6.5,7.5'        country='NG' region='Africa'      demo='n' n='Igbo'/>
  <udhr l='ido'                iso639-3='ido'    uli='io'             bcp47='io'             ohchr='1120'   stage='4'  pdf='y' notes='n' loc='-75,20'         country='  ' region='Other'       demo='n' n='Ido'/>
  <udhr l='iii'                iso639-3='iii'    uli='ii'             bcp47='ii'             ohchr='iii'    stage='4'  pdf='y' notes='n' loc='28,102'         country='CN' region='Asia'        demo='y' n='Yi, Sichuan'/>
  <udhr l='ike'                iso639-3='ike'    uli='iu'             bcp47='iu'             ohchr='esb'    stage='4'  pdf='y' notes='n' loc='65,-95'         country='CA' region='Americas'    demo='n' n='Inuktitut, Eastern Canadian'/>
  <udhr l='ilo'                iso639-3='ilo'    uli='ilo'            bcp47='ilo'            ohchr='ilo'    stage='4'  pdf='y' notes='n' loc='19,121'         country='PH' region='Asia'        demo='n' n='Ilocano'/>
  <udhr l='ina'                iso639-3='ina'    uli='ia'             bcp47='ia'             ohchr='1119'   stage='4'  pdf='y' notes='n' loc='-75,10'         country='FR' region='Other'       demo='n' n='Interlingua'/>
  <udhr l='ind'                iso639-3='ind'    uli='id'             bcp47='id'             ohchr='inz'    stage='4'  pdf='y' notes='n' loc='-5,105'         country='ID' region='Asia'        demo='n' n='Indonesian'/>
  <udhr l='isl'                iso639-3='isl'    uli='is'             bcp47='is'             ohchr='ice'    stage='4'  pdf='y' notes='n' loc='65,-20'         country='IS' region='Europe'      demo='n' n='Icelandic'/>
  <udhr l='ita'                iso639-3='ita'    uli='it'             bcp47='it'             ohchr='itn'    stage='4'  pdf='y' notes='n' loc='40,16'          country='IT' region='Europe'      demo='n' n='Italian'/>
  <udhr l='jav'                iso639-3='jav'    uli='jv'             bcp47='jv'             ohchr='jan'    stage='4'  pdf='y' notes='n' loc='-7,110'         country='ID' region='Asia'        demo='n' n='Javanese'/>
  <udhr l='jiv'                iso639-3='jiv'    uli='jiv'            bcp47='jiv'            ohchr='1125'   stage='4'  pdf='y' notes='n' loc='-3,-78'         country='EC' region='Americas'    demo='n' n='Shuar'/>
  <udhr l='jpn'                iso639-3='jpn'    uli='ja'             bcp47='ja'             ohchr='jpn'    stage='4'  pdf='y' notes='n' loc='37,140'         country='JA' region='Asia'        demo='y' n='Japanese'/>
  <udhr l='kal'                iso639-3='kal'    uli='kl'             bcp47='kl'             ohchr='esg'    stage='4'  pdf='y' notes='n' loc='63,-45'         country='GL' region='Americas'    demo='n' n='Inuktitut, Greenlandic'/>
  <udhr l='kan'                iso639-3='kan'    uli='kn'             bcp47='kn'             ohchr='kjv'    stage='4'  pdf='y' notes='n' loc='14,77'          country='IN' region='Asia'        demo='y' n='Kannada'/>
  <udhr l='kas'                iso639-3='kas'    uli='ks'             bcp47='ks'             ohchr='ksh'    stage='2'  pdf='n' notes='n' loc='32,75'          country='IN' region='Asia'        demo='n' n='Kashmiri'/>
  <udhr l='kat'                iso639-3='kat'    uli='ka'             bcp47='ka'             ohchr='geo'    stage='4'  pdf='y' notes='n' loc='43,41'          country='GE' region='Asia'        demo='y' n='Georgian'/>
  <udhr l='kaz'                iso639-3='kaz'    uli='kk'             bcp47='kk'             ohchr='kaz'    stage='4'  pdf='y' notes='n' loc='48,76'          country='KZ' region='Asia'        demo='n' n='Kazakh'/>
  <udhr l='kbp'                iso639-3='kbp'    uli='kbp'            bcp47='kbp'            ohchr='kbp'    stage='4'  pdf='y' notes='n' loc='7,1'            country='TG' region='Africa'      demo='n' n='Kabiyé'/>
  <udhr l='kde'                iso639-3='kde'    uli='kde'            bcp47='kde'            ohchr='kde'    stage='4'  pdf='y' notes='n' loc='-10.5,39.5'     country='TZ' region='Africa'      demo='n' n='Makonde'/>
  <udhr l='kea'                iso639-3='kea'    uli='kea'            bcp47='kea'            ohchr='kea'    stage='4'  pdf='y' notes='n' loc='16,-22'         country='CV' region='Africa'      demo='n' n='Kabuverdianu'/>
  <udhr l='kek'                iso639-3='kek'    uli='kek'            bcp47='kek'            ohchr='1116'   stage='4'  pdf='y' notes='n' loc='14.50,-91.00'   country='GT' region='Americas'    demo='n' n='Q&apos;eqchi&apos;'/>
  <udhr l='kfa'                iso639-3='kfa'    uli='kfa'            bcp47='kfa'            ohchr='kfa'    stage='2'  pdf='n' notes='n' loc=''               country='IN' region='Asia'        demo='n' n='Kodava'/>
  <udhr l='kha'                iso639-3='kha'    uli='kha'            bcp47='kha'            ohchr='kha'    stage='4'  pdf='y' notes='n' loc=''               country='IN' region='Asia'        demo='n' n='Khasi'/>
  <udhr l='khk'                iso639-3='khk'    uli='mn-Cyrl'        bcp47='mn-Cyrl'        ohchr='khk'    stage='4'  pdf='y' notes='n' loc='48,108'         country='MN' region='Asia'        demo='n' n='Mongolian, Halh (Cyrillic)'/>
  <udhr l='khk' v='mong'       iso639-3='khk'    uli='mn-Mong'        bcp47='mn-Mong'        ohchr=''       stage='1'  pdf='n' notes='n' loc='48,109'         country='MN' region='Asia'        demo='n' n='Mongolian, Halh (Mongolian)'/>
  <udhr l='khm'                iso639-3='khm'    uli='km'             bcp47='km'             ohchr='khm'    stage='4'  pdf='n' notes='n' loc='12,105'         country='KH' region='Asia'        demo='y' n='Khmer, Central'/>
  <udhr l='khr'                iso639-3='khr'    uli='khr'            bcp47='khr'            ohchr='khr'    stage='2'  pdf='n' notes='n' loc=''               country='IN' region='Asia'        demo='n' n='Kharia'/>
  <udhr l='kin'                iso639-3='kin'    uli='rw'             bcp47='rw'             ohchr='rua1'   stage='4'  pdf='y' notes='n' loc='-2,30'          country='RW' region='Africa'      demo='n' n='Rwanda'/>
  <udhr l='kir'                iso639-3='kir'    uli='ky'             bcp47='ky'             ohchr='kdo'    stage='4'  pdf='y' notes='n' loc='42,75'          country='KG' region='Asia'        demo='n' n='Kirghiz'/>
  <udhr l='kjh'                iso639-3='kjh'    uli='kjh'            bcp47='kjh'            ohchr='kjh'    stage='4'  pdf='y' notes='n' loc='52,90'          country='RU' region='Asia'        demo='n' n='Khakas'/>
  <udhr l='kmb'                iso639-3='kmb'    uli='kmb'            bcp47='kmb'            ohchr='mlo'    stage='4'  pdf='y' notes='n' loc='-9,15'          country='AO' region='Africa'      demo='n' n='Mbundu'/>
  <udhr l='kmr'                iso639-3='kmr'    uli='kmr'            bcp47='kmr'            ohchr='kur'    stage='2'  pdf='n' notes='n' loc='37,45'          country='TR' region='Asia'        demo='n' n='Kurdish, Northern'/>
  <udhr l='knc'                iso639-3='knc'    uli='knc'            bcp47='knc'            ohchr='kph'    stage='4'  pdf='y' notes='n' loc='12,13'          country='NG' region='Africa'      demo='n' n='Kanuri, Central'/>
  <udhr l='kng'                iso639-3='kng'    uli='kg'             bcp47='kg'             ohchr='kon'    stage='4'  pdf='y' notes='n' loc='-4,21'          country='CD' region='Africa'      demo='n' n='Koongo'/>
  <udhr l='kng' v='AO'         iso639-3='kng'    uli='kg'             bcp47='kg'             ohchr='kng'    stage='4'  pdf='y' notes='n' loc='-7,15'          country='AO' region='Africa'      demo='n' n='Koongo (Angola)'/>
  <udhr l='koi'                iso639-3='koi'    uli='koi'            bcp47='koi'            ohchr='koi'    stage='2'  pdf='n' notes='n' loc='60,55'          country='RU' region='Europe'      demo='n' n='Komi-Permyak'/>
  <udhr l='koo'                iso639-3='koo'    uli='koo'            bcp47='koo'            ohchr='koo1'   stage='4'  pdf='y' notes='n' loc='0,30'           country='UG' region='Africa'      demo='n' n='Konjo'/>
  <udhr l='kor'                iso639-3='kor'    uli='ko'             bcp47='ko'             ohchr='kkn'    stage='4'  pdf='y' notes='n' loc='36,128'         country='KR' region='Asia'        demo='y' n='Korean'/>
  <udhr l='kqn'                iso639-3='kqn'    uli='kqn'            bcp47='kqn'            ohchr='kqn'    stage='4'  pdf='y' notes='n' loc='-13,26'         country='ZM' region='Africa'      demo='n' n='Kaonde'/>
  <udhr l='kri'                iso639-3='kri'    uli='kri'            bcp47='kri'            ohchr='kri'    stage='4'  pdf='y' notes='n' loc='8.5,-13.2'      country='SL' region='Africa'      demo='n' n='Krio'/>
  <udhr l='krl'                iso639-3='krl'    uli='krl'            bcp47='krl'            ohchr='krl'    stage='4'  pdf='y' notes='n' loc='63,32'          country='RU' region='Asia'        demo='n' n='Karelian'/>
  <udhr l='ksw'                iso639-3='ksw'    uli='ksw'            bcp47='ksw'            ohchr='ksw'    stage='2'  pdf='n' notes='n' loc='24,96'          country='MM' region='Asia'        demo='n' n='Karen, S&apos;gaw'/>
  <udhr l='ktu'                iso639-3='ktu'    uli='ktu'            bcp47='ktu'            ohchr='ktu'    stage='4'  pdf='y' notes='n' loc='-7,28'          country='CD' region='Africa'      demo='n' n='Kituba'/>
  <udhr l='kwi'                iso639-3='kwi'    uli='kwi'            bcp47='kwi'            ohchr='kwi'    stage='4'  pdf='y' notes='n' loc='1,-79'          country='CO' region='Americas'    demo='n' n='Awa-Cuaiquer'/>
  <udhr l='lad'                iso639-3='lad'    uli='lad'            bcp47='lad'            ohchr='lad'    stage='4'  pdf='y' notes='n' loc='39,33'          country='TR' region='Asia'        demo='n' n='Ladino'/>
  <udhr l='lao'                iso639-3='lao'    uli='lo'             bcp47='lo'             ohchr='nol'    stage='4'  pdf='y' notes='n' loc='19,103'         country='LA' region='Asia'        demo='y' n='Lao'/>
  <udhr l='lat'                iso639-3='lat'    uli='la'             bcp47='la'             ohchr='ltn'    stage='4'  pdf='y' notes='n' loc='41.9,13.1'      country='VA' region='Europe'      demo='n' n='Latin'/>
  <udhr l='lat' v='1'          iso639-3='lat'    uli='la'             bcp47='la'             ohchr='ltn1'   stage='4'  pdf='y' notes='n' loc='41.9,12.1'      country='VA' region='Europe'      demo='n' n='Latin' nv='1'/>
  <udhr l='lav'                iso639-3='lav'    uli='lv'             bcp47='lv'             ohchr='lat'    stage='4'  pdf='y' notes='n' loc='57,24'          country='LV' region='Europe'      demo='n' n='Latvian'/>
  <udhr l='lia'                iso639-3='lia'    uli='lia'            bcp47='lia'            ohchr='lia'    stage='4'  pdf='y' notes='n' loc='9.5,-12.3'      country='SL' region='Africa'      demo='n' n='Limba, West-Central'/>
  <udhr l='lin'                iso639-3='lin'    uli='ln'             bcp47='ln'             ohchr='lin'    stage='4'  pdf='y' notes='n' loc='-2,20'          country='CD' region='Africa'      demo='n' n='Lingala'/>
  <udhr l='lin' v='tones'      iso639-3='lin'    uli='ln'             bcp47='ln'             ohchr=''       stage='4'  pdf='y' notes='n' loc='-2,21'          country='CD' region='Africa'      demo='n' n='Lingala (tones)'/>
  <udhr l='lit'                iso639-3='lit'    uli='lt'             bcp47='lt'             ohchr='lit'    stage='4'  pdf='y' notes='n' loc='55,25'          country='LT' region='Europe'      demo='n' n='Lithuanian'/>
  <udhr l='lnc'                iso639-3='lnc'    uli='oc'             bcp47='oc'             ohchr='prv1'   stage='4'  pdf='y' notes='n' loc='43.7,2.1'       country='FR' region='Europe'      demo='n' n='Languedocien'/>
  <udhr l='lns'                iso639-3='lns'    uli='lns'            bcp47='lns'            ohchr='nso'    stage='4'  pdf='y' notes='n' loc='6.2,10.6'       country='CM' region='Africa'      demo='n' n='Lamnso&apos;'/>
  <udhr l='lob'                iso639-3='lob'    uli='lob'            bcp47='lob'            ohchr='lob'    stage='2'  pdf='n' notes='n' loc='10.5,-3'        country='BF' region='Africa'      demo='n' n='Lobi'/>
  <udhr l='lot'                iso639-3='lot'    uli='lot'            bcp47='lot'            ohchr='lot'    stage='4'  pdf='y' notes='n' loc='10.2,33.5'      country='SD' region='Africa'      demo='n' n='Otuho'/>
  <udhr l='loz'                iso639-3='loz'    uli='loz'            bcp47='loz'            ohchr='lbm1'   stage='4'  pdf='y' notes='n' loc='-16,23'         country='ZM' region='Africa'      demo='n' n='Lozi'/>
  <udhr l='ltz'                iso639-3='ltz'    uli='lb'             bcp47='lb'             ohchr='lux'    stage='4'  pdf='y' notes='n' loc='49.5,6.2'       country='LU' region='Europe'      demo='n' n='Luxembourgeois'/>
  <udhr l='lua'                iso639-3='lua'    uli='lua'            bcp47='lua'            ohchr='lub'    stage='4'  pdf='y' notes='n' loc='-6,22'          country='CD' region='Africa'      demo='n' n='Luba-Kasai'/>
  <udhr l='lue'                iso639-3='lue'    uli='lue'            bcp47='lue'            ohchr='lue'    stage='4'  pdf='y' notes='n' loc='-14,23'         country='ZM' region='Africa'      demo='n' n='Luvale'/>
  <udhr l='lug'                iso639-3='lug'    uli='lg'             bcp47='lg'             ohchr='lap1'   stage='4'  pdf='y' notes='n' loc='0.5,32'         country='UG' region='Africa'      demo='n' n='Ganda'/>
  <udhr l='lun'                iso639-3='lun'    uli='lun'            bcp47='lun'            ohchr='mlo1'   stage='4'  pdf='y' notes='n' loc='-12,25'         country='ZM' region='Africa'      demo='n' n='Lunda'/>
  <udhr l='lus'                iso639-3='lus'    uli='lus'            bcp47='lus'            ohchr='lus'    stage='4'  pdf='y' notes='n' loc=''               country='IN' region='Asia'        demo='n' n='Mizo'/>
  <udhr l='mad'                iso639-3='mad'    uli='mad'            bcp47='mad'            ohchr='mhj'    stage='4'  pdf='y' notes='n' loc='-7,113.5'       country='ID' region='Asia'        demo='n' n='Madura'/>
  <udhr l='mag'                iso639-3='mag'    uli='mag'            bcp47='mag'            ohchr='mqm'    stage='4'  pdf='y' notes='n' loc='24,84'          country='IN' region='Asia'        demo='n' n='Magahi'/>
  <udhr l='mah'                iso639-3='mah'    uli='mh'             bcp47='mh'             ohchr='mzm'    stage='4'  pdf='y' notes='n' loc='7,173'          country='MH' region='Pacific'     demo='n' n='Marshallese'/>
  <udhr l='mai'                iso639-3='mai'    uli='mai'            bcp47='mai'            ohchr=''       stage='4'  pdf='y' notes='n' loc='26.4,86.1'      country='IN' region='Asia'        demo='n' n='Maithili'/>
  <udhr l='mai' v='2'          iso639-3='mai'    uli='mai'            bcp47='mai'            ohchr='mai'    stage='2'  pdf='n' notes='n' loc='26.9,86.6'      country='IN' region='Asia'        demo='n' n='Maithili' nv='2'/>
  <udhr l='mal'                iso639-3='mal'    uli='ml'             bcp47='ml'             ohchr='mjs'    stage='4'  pdf='n' notes='n' loc='9,77'           country='IN' region='Asia'        demo='n' n='Malayalam'/>
  <udhr l='mam'                iso639-3='mam'    uli='mam'            bcp47='mam'            ohchr='mam'    stage='4'  pdf='y' notes='n' loc='15.5,-92'       country='GT' region='Americas'    demo='n' n='Mam, Northern'/>
  <udhr l='mar'                iso639-3='mar'    uli='mr'             bcp47='mr'             ohchr='mrt'    stage='4'  pdf='y' notes='n' loc='19,74'          country='IN' region='Asia'        demo='n' n='Marathi'/>
  <udhr l='maz'                iso639-3='maz'    uli='maz'            bcp47='maz'            ohchr='maz'    stage='4'  pdf='y' notes='n' loc='19.8,-100.0'    country='MX' region='Americas'    demo='n' n='Mazahua Central'/>
  <udhr l='mcd'                iso639-3='mcd'    uli='mcd'            bcp47='mcd'            ohchr='mcd'    stage='4'  pdf='y' notes='n' loc='-10,-70'        country='PE' region='Americas'    demo='n' n='Sharanahua'/>
  <udhr l='mcf'                iso639-3='mcf'    uli='mcf'            bcp47='mcf'            ohchr='mcf'    stage='4'  pdf='y' notes='n' loc='-5.5,-73'       country='PE' region='Americas'    demo='n' n='Matsés'/>
  <udhr l='men'                iso639-3='men'    uli='men'            bcp47='men'            ohchr='mfy'    stage='4'  pdf='y' notes='n' loc='7.5,-11.5'      country='SL' region='Africa'      demo='n' n='Mende'/>
  <udhr l='mic'                iso639-3='mic'    uli='mic'            bcp47='mic'            ohchr='mic'    stage='4'  pdf='y' notes='n' loc='46,-67'         country='CA' region='Americas'    demo='n' n='Micmac'/>
  <udhr l='min'                iso639-3='min'    uli='min'            bcp47='min'            ohchr='mpu'    stage='4'  pdf='y' notes='n' loc='0,100'          country='ID' region='Asia'        demo='n' n='Minangkabau'/>
  <udhr l='miq'                iso639-3='miq'    uli='miq'            bcp47='miq'            ohchr='miq'    stage='4'  pdf='y' notes='n' loc='14,-83.5'       country='NI' region='America'     demo='n' n='Mískito'/>
  <udhr l='mkd'                iso639-3='mkd'    uli='mk'             bcp47='mk'             ohchr='mkj'    stage='4'  pdf='y' notes='n' loc='42,22'          country='MK' region='Europe'      demo='n' n='Macedonian'/>
  <udhr l='mlt'                iso639-3='mlt'    uli='mt'             bcp47='mt'             ohchr='mls'    stage='4'  pdf='y' notes='n' loc='35.9,14.5'      country='MT' region='Europe'      demo='n' n='Maltese'/>
  <udhr l='mly' v='arab'       iso639-3='mly'    uli='ms-Arab'        bcp47='ms-Arab'        ohchr=''       stage='4'  pdf='y' notes='n' loc='4,102'          country='MY' region='Asia'        demo='n' n='Malay (Arabic)'/>
  <udhr l='mly' v='latn'       iso639-3='mly'    uli='ms-Latn'        bcp47='ms-Latn'        ohchr='mli'    stage='4'  pdf='y' notes='n' loc='5,102'          country='MY' region='Asia'        demo='n' n='Malay (Latin)'/>
  <udhr l='mos'                iso639-3='mos'    uli='mos'            bcp47='mos'            ohchr='mhm'    stage='4'  pdf='y' notes='n' loc='13,-1'          country='BF' region='Africa'      demo='n' n='Mòoré'/>
  <udhr l='mri'                iso639-3='mri'    uli='mi'             bcp47='mi'             ohchr='mbf'    stage='4'  pdf='y' notes='n' loc='-38,176'        country='NZ' region='Pacific'     demo='n' n='Maori'/>
  <udhr l='mve'                iso639-3='mve'    uli='mwr'            bcp47='mwr'            ohchr='mkd'    stage='2'  pdf='n' notes='n' loc='27,70'          country='PK' region='Asia'        demo='n' n='Marwari'/>
  <udhr l='mxi'                iso639-3='mxi'    uli='mxi'            bcp47='mxi'            ohchr='moz'    stage='4'  pdf='y' notes='n' loc='38,-4'          country='  ' region='Europe'      demo='n' n='Mozarabic'/>
  <udhr l='mxv'                iso639-3='mxv'    uli='mxv'            bcp47='mxv'            ohchr='mxv'    stage='4'  pdf='y' notes='n' loc='17.0,-98.5'     country='MX' region='Americas'    demo='n' n='Mixtec, Metlatónoc'/>
  <udhr l='mya'                iso639-3='mya'    uli='my'             bcp47='my'             ohchr='bms'    stage='4'  pdf='y' notes='n' loc='22,95'          country='MM' region='Asia'        demo='y' n='Burmese'/>
  <udhr l='mzi'                iso639-3='mzi'    uli='mzi'            bcp47='mzi'            ohchr='mao'    stage='4'  pdf='y' notes='n' loc='18.2,-96.5'     country='MX' region='Americas'    demo='n' n='Mazatec, Ixcatlán'/>
  <udhr l='nav'                iso639-3='nav'    uli='nv'             bcp47='nv'             ohchr='nav'    stage='4'  pdf='y' notes='n' loc='36,-110'        country='US' region='Americas'    demo='n' n='Navajo'/>
  <udhr l='nba'                iso639-3='nba'    uli='nba'            bcp47='nba'            ohchr='nba'    stage='4'  pdf='y' notes='n' loc='-16,18'         country='AO' region='Africa'      demo='n' n='Nyemba'/>
  <udhr l='nbl'                iso639-3='nbl'    uli='nr'             bcp47='nr'             ohchr='nel'    stage='4'  pdf='y' notes='n' loc='-32,28'         country='ZA' region='Africa'      demo='n' n='Ndebele'/>
  <udhr l='ndo'                iso639-3='ndo'    uli='ng'             bcp47='ng'             ohchr='1114'   stage='4'  pdf='y' notes='n' loc='-22,17'         country='NA' region='Africa'      demo='n' n='Ndonga'/>
  <udhr l='nds'                iso639-3='nds'    uli='nds'            bcp47='nds'            ohchr='ige'    stage='4'  pdf='y' notes='n' loc=''               country='DE' region='Europe'      demo='n' n='Saxon, Low'/>
  <udhr l='nep'                iso639-3='nep'    uli='ne'             bcp47='ne'             ohchr='nep'    stage='4'  pdf='y' notes='n' loc='27.5,85'        country='NP' region='Asia'        demo='n' n='Nepali'/>
  <udhr l='nhn'                iso639-3='nhn'    uli='nah'            bcp47='nah'            ohchr='nhn'    stage='4'  pdf='y' notes='n' loc='19.0,-98.2'     country='MX' region='Americas'    demo='n' n='Nahuatl, Central'/>
  <udhr l='nio'                iso639-3='nio'    uli='nio'            bcp47='nio'            ohchr='nio'    stage='2'  pdf='n' notes='n' loc='72,95'          country='RU' region='Asia'        demo='n' n='Nganasan'/>
  <udhr l='niv'                iso639-3='niv'    uli='niv'            bcp47='niv'            ohchr='Nivkh'  stage='2'  pdf='n' notes='n' loc='54,141'         country='RU' region='Asia'        demo='n' n='Gilyak'/>
  <udhr l='njo'                iso639-3='njo'    uli='njo'            bcp47='njo'            ohchr='njo'    stage='4'  pdf='y' notes='n' loc=''               country='IN' region='Asia'        demo='n' n='Naga, Ao'/>
  <udhr l='nku'                iso639-3='nku'    uli='nku'            bcp47='nku'            ohchr='kou'    stage='2'  pdf='n' notes='n' loc='9,-3'           country='CI' region='Africa'      demo='n' n='Kulango, Bouna'/>
  <udhr l='nld'                iso639-3='nld'    uli='nl'             bcp47='nl'             ohchr='dut'    stage='4'  pdf='y' notes='n' loc='52,5'           country='NL' region='Europe'      demo='n' n='Dutch'/>
  <udhr l='nno'                iso639-3='nno'    uli='nn'             bcp47='nn'             ohchr='nrn'    stage='4'  pdf='y' notes='n' loc='61,11'          country='NO' region='Europe'      demo='n' n='Norwegian, Nynorsk'/>
  <udhr l='nob'                iso639-3='nob'    uli='nb'             bcp47='nb'             ohchr='nrr'    stage='4'  pdf='y' notes='n' loc='61,8'           country='NO' region='Europe'      demo='n' n='Norwegian, Bokmål'/>
  <udhr l='not'                iso639-3='not'    uli='not'            bcp47='not'            ohchr='not'    stage='4'  pdf='y' notes='n' loc='-10.8,-74.2'    country='PE' region='Americas'    demo='n' n='Nomatsiguenga'/>
  <udhr l='nso'                iso639-3='nso'    uli='nso'            bcp47='nso'            ohchr='srt'    stage='4'  pdf='y' notes='n' loc='-29,28'         country='ZA' region='Africa'      demo='n' n='Sotho, Northern'/>
  <udhr l='nus'                iso639-3='nus'    uli='nus'            bcp47='nus'            ohchr='nus'    stage='2'  pdf='n' notes='n' loc='10.2,33'        country='SD' region='Africa'      demo='n' n='Nuer'/>
  <udhr l='nya' v='chechewa'   iso639-3='nya'    uli='ny'             bcp47='ny'             ohchr='nyj1'   stage='4'  pdf='y' notes='n' loc='-14,34'         country='MW' region='Africa'      demo='n' n='Nyanja' nv='Chechewa'/>
  <udhr l='nya' v='chinyanja'  iso639-3='nya'    uli='ny'             bcp47='ny'             ohchr='nyj'    stage='4'  pdf='y' notes='n' loc='-13,33.5'       country='MW' region='Africa'      demo='n' n='Nyanja' nv='Chinyanja'/>
  <udhr l='nym'                iso639-3='nym'    uli='nym'            bcp47='nym'            ohchr='nyz'    stage='4'  pdf='y' notes='n' loc='-5,33'          country='TZ' region='Africa'      demo='n' n='Nyamwezi'/>
  <udhr l='nyn'                iso639-3='nyn'    uli='nyn'            bcp47='nyn'            ohchr='nyn1'   stage='4'  pdf='y' notes='n' loc='-0.5,30.5'      country='UG' region='Africa'      demo='n' n='Nyankore'/>
  <udhr l='nzi'                iso639-3='nzi'    uli='nzi'            bcp47='nzi'            ohchr='nze'    stage='4'  pdf='y' notes='n' loc='5,-2.5'         country='GH' region='Africa'      demo='n' n='Nzema'/>
  <udhr l='oaa'                iso639-3='oaa'    uli='oaa'            bcp47='oaa'            ohchr='oaa'    stage='2'  pdf='n' notes='n' loc=''               country='RU' region='Asia'        demo='n' n='Orok'/>
  <udhr l='ojb'                iso639-3='ojb'    uli='oj'             bcp47='oj'             ohchr='ojb'    stage='4'  pdf='y' notes='n' loc='50,-85'         country='CA' region='Americas'    demo='n' n='Ojibwa, Northwestern'/>
  <udhr l='oki'                iso639-3='oki'    uli='oki'            bcp47='oki'            ohchr='oki'    stage='2'  pdf='n' notes='n' loc='0,36'           country='KE' region='Africa'      demo='n' n='Okiek'/>
  <udhr l='ori'                iso639-3='ori'    uli='or'             bcp47='or'             ohchr='ory'    stage='2'  pdf='n' notes='n' loc='18,82'          country='IN' region='Asia'        demo='n' n='Oriya'/>
  <udhr l='oss'                iso639-3='oss'    uli='os'             bcp47='os'             ohchr='ose'    stage='4'  pdf='y' notes='n' loc='43,42'          country='GE' region='Asia'        demo='n' n='Osetin'/>
  <udhr l='ote'                iso639-3='ote'    uli='ote'            bcp47='ote'            ohchr='1111'   stage='4'  pdf='y' notes='n' loc='20.1,-99.5'     country='MX' region='Americas'    demo='n' n='Otomi, Mezquital'/>
  <udhr l='pam'                iso639-3='pam'    uli='pam'            bcp47='pam'            ohchr='pmp'    stage='4'  pdf='y' notes='n' loc='15.5,120.5'     country='PH' region='Asia'        demo='n' n='Pampangan'/>
  <udhr l='pan'                iso639-3='pan'    uli='pa'             bcp47='pa'             ohchr='pnj1'   stage='4'  pdf='y' notes='n' loc='29,75'          country='PK' region='Asia'        demo='y' n='Panjabi, Eastern'/>
  <udhr l='pau'                iso639-3='pau'    uli='pau'            bcp47='pau'            ohchr='plu'    stage='4'  pdf='y' notes='n' loc='8,135'          country='PW' region='Pacific'     demo='n' n='Palauan'/>
  <udhr l='pbb'                iso639-3='pbb'    uli='pbb'            bcp47='pbb'            ohchr='pbb'    stage='4'  pdf='y' notes='n' loc='2.5,-77'        country='CO' region='Americas'    demo='n' n='Páez'/>
  <udhr l='pbu'                iso639-3='pbu'    uli='ps'             bcp47='ps'             ohchr='pbu'    stage='3'  pdf='y' notes='n' loc='32,68'          country='PK' region='Asia'        demo='n' n='Pashto, Northern'/>
  <udhr l='pcd'                iso639-3='pcd'    uli='pcd'            bcp47='pcd'            ohchr='frn2'   stage='4'  pdf='y' notes='n' loc='50.0,2.5'       country='FR' region='Europe'      demo='n' n='Picard'/>
  <udhr l='pcm'                iso639-3='pcm'    uli='pcm'            bcp47='pcm'            ohchr='pcm'    stage='4'  pdf='y' notes='n' loc='5,6'            country='NG' region='Africa'      demo='n' n='Pidgin, Nigerian'/>
  <udhr l='pes' v='1'          iso639-3='pes'    uli='fa'             bcp47='fa'             ohchr='prs'    stage='4'  pdf='y' notes='n' loc='35,56'          country='IR' region='Asia'        demo='n' n='Farsi, Western' nv='1'/>
  <udhr l='pes' v='2'          iso639-3='pes'    uli='fa'             bcp47='fa'             ohchr='prs1'   stage='4'  pdf='y' notes='n' loc='35,55'          country='IR' region='Asia'        demo='n' n='Farsi, Western' nv='2'/>
  <udhr l='pis'                iso639-3='pis'    uli='pis'            bcp47='pis'            ohchr='pis'    stage='4'  pdf='y' notes='n' loc='-10,160'        country='SB' region='Pacific'     demo='n' n='Pijin'/>
  <udhr l='plt'                iso639-3='plt'    uli='mg'             bcp47='mg'             ohchr='mex'    stage='4'  pdf='y' notes='n' loc='-20,49'         country='MG' region='Africa'      demo='n' n='Malagasy, Plateau'/>
  <udhr l='pnb'                iso639-3='pnb'    uli='pnb'            bcp47='pnb'            ohchr=''       stage='4'  pdf='y' notes='n' loc='30,71'          country='IN' region='Asia'        demo='n' n='Panjabi, Western'/>
  <udhr l='pol'                iso639-3='pol'    uli='pl'             bcp47='pl'             ohchr='pql'    stage='4'  pdf='y' notes='n' loc='53,20'          country='PL' region='Europe'      demo='n' n='Polish'/>
  <udhr l='pon'                iso639-3='pon'    uli='pon'            bcp47='pon'            ohchr='pnf'    stage='4'  pdf='y' notes='n' loc='7,158'          country='FM' region='Pacific'     demo='n' n='Pohnpeian'/>
  <udhr l='por' v='BR'         iso639-3='por'    uli='pt-BR'          bcp47='pt-BR'          ohchr=''       stage='5'  pdf='y' notes='n' loc='-15,-47'        country='BR' region='Americas'    demo='n' n='Portuguese (Brazil)'/>
  <udhr l='por' v='PT'         iso639-3='por'    uli='pt-PT'          bcp47='pt-PT'          ohchr='por'    stage='5'  pdf='y' notes='n' loc='40,-8'          country='PT' region='Europe'      demo='n' n='Portuguese (Portugal)'/>
  <udhr l='pov'                iso639-3='pov'    uli='pov'            bcp47='pov'            ohchr='gbc'    stage='4'  pdf='y' notes='n' loc='12,-15'         country='  ' region='Africa'      demo='n' n='Crioulo, Upper Guinea'/>
  <udhr l='ppl'                iso639-3='ppl'    uli='ppl'            bcp47='ppl'            ohchr='ppl'    stage='4'  pdf='y' notes='n' loc='13.7,-89.5'     country='SV' region='Americas'    demo='n' n='Pipil'/>
  <udhr l='prq'                iso639-3='prq'    uli='prq'            bcp47='prq'            ohchr='cpp'    stage='4'  pdf='y' notes='n' loc='-11,-75'        country='PE' region='Americas'    demo='n' n='Ashéninka Perené'/>
  <udhr l='prv'                iso639-3='prv'    uli=''               bcp47=''               ohchr='pro'    stage='4'  pdf='y' notes='n' loc='43.7,5.5'       country='FR' region='Europe'      demo='n' n='Proven&#x00E7;al'/>
  <udhr l='pwo'                iso639-3='pwo'    uli='pwo'            bcp47='pwo'            ohchr='pwo'    stage='2'  pdf='n' notes='n' loc='24,95'          country='MM' region='Asia'        demo='n' n='Karen, Pwo Western'/>
  <udhr l='quc'                iso639-3='quc'    uli='quc'            bcp47='quc'            ohchr='1117'   stage='4'  pdf='y' notes='n' loc='14.50,-90.00'   country='GT' region='Americas'    demo='n' n='K&apos;iche&apos;, Central'/>
  <udhr l='qud'                iso639-3='qud'    uli='qud'            bcp47='qud'            ohchr='qud1'   stage='4'  pdf='y' notes='n' loc='-0.5,-78.5'     country='EC' region='Americas'    demo='n' n='Quichua, Calderón Highland'/>
  <udhr l='qug'                iso639-3='qug'    uli='qug'            bcp47='qug'            ohchr='qug'    stage='4'  pdf='y' notes='n' loc='-1,-79'         country='EC' region='Americas'    demo='n' n='Quichua, Chimborazo Highland'/>
  <udhr l='quy'                iso639-3='quy'    uli='quy'            bcp47='quy'            ohchr='quy'    stage='4'  pdf='y' notes='n' loc='-14,-74'        country='PE' region='Americas'    demo='n' n='Quechua, Ayacucho'/>
  <udhr l='quz'                iso639-3='quz'    uli='quz'            bcp47='quz'            ohchr='quz'    stage='4'  pdf='y' notes='n' loc='-8,-76'         country='PE' region='Americas'    demo='n' n='Quechua, Cusco'/>
  <udhr l='qva'                iso639-3='qva'    uli='qva'            bcp47='qva'            ohchr='qeg'    stage='4'  pdf='y' notes='n' loc='-10.5,-76'      country='PE' region='Americas'    demo='n' n='Quechua, Ambo-Pasco'/>
  <udhr l='qvc'                iso639-3='qvc'    uli='qvc'            bcp47='qvc'            ohchr='qnt'    stage='4'  pdf='y' notes='n' loc='-7,-79'         country='PE' region='Americas'    demo='n' n='Quechua, Cajamarca'/>
  <udhr l='qvh'                iso639-3='qvh'    uli='qvh'            bcp47='qvh'            ohchr='qej'    stage='4'  pdf='y' notes='n' loc='-9,-76.5'       country='PE' region='Americas'    demo='n' n='Quechua, Huamalíes-Dos de Mayo Huánuco'/>
  <udhr l='qvm'                iso639-3='qvm'    uli='qvm'            bcp47='qvm'            ohchr='qei'    stage='4'  pdf='y' notes='n' loc='-10,-76.5'      country='PE' region='Americas'    demo='n' n='Quechua, Margos-Yarowilca-Lauricocha'/>
  <udhr l='qvn'                iso639-3='qvn'    uli='qvn'            bcp47='qvn'            ohchr='qju'    stage='4'  pdf='y' notes='n' loc='-11,-76'        country='PE' region='Americas'    demo='n' n='Quechua, North Junín'/>
  <udhr l='qwh'                iso639-3='qwh'    uli='qwh'            bcp47='qwh'            ohchr='qan'    stage='4'  pdf='y' notes='n' loc='-9,-78'         country='PE' region='Americas'    demo='n' n='Quechua, Huaylas Ancash'/>
  <udhr l='qxa'                iso639-3='qxa'    uli='qxa'            bcp47='qxa'            ohchr='qec1'   stage='4'  pdf='y' notes='n' loc='-10.5,-77'      country='PE' region='Americas'    demo='n' n='Quechua, Chiquián Ancash'/>
  <udhr l='qxn'                iso639-3='qxn'    uli='qxn'            bcp47='qxn'            ohchr='qed'    stage='4'  pdf='y' notes='n' loc='-15.5,-72.5'    country='PE' region='Americas'    demo='n' n='Quechua, Northern Conchucos Ancash'/>
  <udhr l='qxu'                iso639-3='qxu'    uli='qxu'            bcp47='qxu'            ohchr='qar'    stage='4'  pdf='y' notes='n' loc='-15.5,-73'      country='PE' region='Americas'    demo='n' n='Quechua, Arequipa-La Unión'/>
  <udhr l='raj'                iso639-3='raj'    uli='raj'            bcp47='raj'            ohchr='raj'    stage='2'  pdf='n' notes='n' loc='30,74'          country='IN' region='Asia'        demo='n' n='Rajasthani'/>
  <udhr l='rar'                iso639-3='rar'    uli='rar'            bcp47='rar'            ohchr='rrt'    stage='4'  pdf='y' notes='n' loc='-21,-175'       country='CK' region='Pacific'     demo='n' n='Rarotongan'/>
  <udhr l='rmn'                iso639-3='rmn'    uli='rom'            bcp47='rom'            ohchr='rmn'    stage='4'  pdf='y' notes='n' loc='43.5,21'        country='CS' region='Europe'      demo='n' n='Romani, Balkan'/>
  <udhr l='rmn' v='1'          iso639-3='rmn'    uli='rom'            bcp47='rom'            ohchr='rmn1'   stage='4'  pdf='y' notes='n' loc='43.5,20'        country='CS' region='Europe'      demo='n' n='Romani, Balkan' nv='1'/>
  <udhr l='rmy'                iso639-3='rmy'    uli='rmy'            bcp47='rmy'            ohchr='rmy1'   stage='4'  pdf='y' notes='n' loc='44,25'          country='RO' region='Europe'      demo='n' n='Romani, Vlax'/>
  <udhr l='roh'                iso639-3='roh'    uli='rm'             bcp47='rm'             ohchr='rhe'    stage='4'  pdf='y' notes='n' loc='46.5,9.8'       country='CH' region='Europe'      demo='n' n='Romansch'/>
  <udhr l='ron' v='1953'       iso639-3='ron'    uli='ro'             bcp47='ro'             ohchr='rum'    stage='4'  pdf='y' notes='y' loc='46,24'          country='RO' region='Europe'      demo='n' n='Romanian (1953)'/>
  <udhr l='ron' v='1993'       iso639-3='ron'    uli='ro'             bcp47='ro'             ohchr=''       stage='4'  pdf='y' notes='y' loc='46,25'          country='RO' region='Europe'      demo='n' n='Romanian (1993)'/>
  <udhr l='ron' v='2006'       iso639-3='ron'    uli='ro'             bcp47='ro'             ohchr=''       stage='4'  pdf='y' notes='y' loc='46,26'          country='RO' region='Europe'      demo='n' n='Romanian (2006)'/>
  <udhr l='run'                iso639-3='run'    uli='rn'             bcp47='rn'             ohchr='rud1'   stage='4'  pdf='y' notes='n' loc='-4,30'          country='BI' region='Africa'      demo='n' n='Rundi'/>
  <udhr l='rus'                iso639-3='rus'    uli='ru'             bcp47='ru'             ohchr='rus'    stage='4'  pdf='y' notes='n' loc='55,45'          country='RU' region='Europe'      demo='y' n='Russian'/>
  <udhr l='sag'                iso639-3='sag'    uli='sg'             bcp47='sg'             ohchr='saj'    stage='4'  pdf='y' notes='n' loc='7,21'           country='CF' region='Africa'      demo='n' n='Sango'/>
  <udhr l='sah'                iso639-3='sah'    uli='sah'            bcp47='sah'            ohchr='sah'    stage='4'  pdf='y' notes='n' loc='65,125'         country='RU' region='Asia'        demo='n' n='Yakut'/>
  <udhr l='san'                iso639-3='san'    uli='sa'             bcp47='sa'             ohchr='skt'    stage='4'  pdf='y' notes='n' loc='24,80'          country='IN' region='Asia'        demo='n' n='Sanskrit'/>
  <udhr l='sat'                iso639-3='sat'    uli='sat'            bcp47='sat'            ohchr='sat'    stage='2'  pdf='n' notes='n' loc='24,87'          country='IN' region='Asia'        demo='n' n='Santhali'/>
  <udhr l='sco'                iso639-3='sco'    uli='sco'            bcp47='sco'            ohchr='sco'    stage='4'  pdf='y' notes='n' loc='59,-2'          country='GB' region='Europe'      demo='n' n='Scots'/>
  <udhr l='sey'                iso639-3='sey'    uli='sey'            bcp47='sey'            ohchr='1123'   stage='4'  pdf='y' notes='n' loc='0,-76'          country='EC' region='Americas'    demo='n' n='Secoya'/>
  <udhr l='shk'                iso639-3='shk'    uli='shk'            bcp47='shk'            ohchr='shk'    stage='4'  pdf='y' notes='n' loc='10.2,34'        country='SD' region='Africa'      demo='n' n='Shilluk'/>
  <udhr l='shn'                iso639-3='shn'    uli='shn'            bcp47='shn'            ohchr='sjn'    stage='2'  pdf='n' notes='n' loc='22,99'          country='MM' region='Asia'        demo='n' n='Shan'/>
  <udhr l='shp'                iso639-3='shp'    uli='shp'            bcp47='shp'            ohchr='shp'    stage='4'  pdf='y' notes='n' loc='-8,-74.5'       country='PE' region='Americas'    demo='n' n='Shipibo-Conibo'/>
  <udhr l='sin'                iso639-3='sin'    uli='si'             bcp47='si'             ohchr='snh'    stage='2'  pdf='n' notes='n' loc='7,81'           country='LK' region='Asia'        demo='n' n='Sinhala'/>
  <udhr l='sja'                iso639-3='sja'    uli='sja'            bcp47='sja'            ohchr='1126'   stage='2'  pdf='n' notes='n' loc='1,-79'          country='CO' region='Americas'    demo='n' n='Epena'/>
  <udhr l='skr'                iso639-3='skr'    uli='skr'            bcp47='skr'            ohchr='skr'    stage='4'  pdf='y' notes='n' loc='28,70'          country='PK' region='Asia'        demo='n' n='Seraiki'/>
  <udhr l='slk'                iso639-3='slk'    uli='sk'             bcp47='sk'             ohchr='slo'    stage='4'  pdf='y' notes='n' loc='48,18'          country='SK' region='Europe'      demo='n' n='Slovak'/>
  <udhr l='slv'                iso639-3='slv'    uli='sl'             bcp47='sl'             ohchr='slv'    stage='4'  pdf='y' notes='n' loc='46,15'          country='SI' region='Europe'      demo='n' n='Slovenian'/>
  <udhr l='sme'                iso639-3='sme'    uli='se'             bcp47='se'             ohchr='lpi'    stage='4'  pdf='y' notes='n' loc='65,13'          country='NO' region='Europe'      demo='n' n='Saami, North'/>
  <udhr l='smo'                iso639-3='smo'    uli='sm'             bcp47='sm'             ohchr='smy'    stage='4'  pdf='y' notes='n' loc='-14,-172'       country='WS' region='Pacific'     demo='n' n='Samoan'/>
  <udhr l='sna'                iso639-3='sna'    uli='sn'             bcp47='sn'             ohchr='shd'    stage='4'  pdf='y' notes='n' loc='-19,31'         country='ZW' region='Africa'      demo='n' n='Shona'/>
  <udhr l='snd'                iso639-3='snd'    uli='sd'             bcp47='sd'             ohchr='snd'    stage='2'  pdf='n' notes='n' loc='25,68'          country='PK' region='Asia'        demo='n' n='Sindhi'/>
  <udhr l='snk'                iso639-3='snk'    uli='snk'            bcp47='snk'            ohchr='snn'    stage='4'  pdf='y' notes='n' loc='15,-9'          country='ML' region='Africa'      demo='n' n='Soninke'/>
  <udhr l='snn'                iso639-3='snn'    uli='snn'            bcp47='snn'            ohchr='1121'   stage='4'  pdf='y' notes='n' loc='1,-76'          country='CO' region='Americas'    demo='n' n='Siona'/>
  <udhr l='som'                iso639-3='som'    uli='so'             bcp47='so'             ohchr='som'    stage='4'  pdf='y' notes='n' loc='10,50'          country='SO' region='Africa'      demo='n' n='Somali'/>
  <udhr l='sot'                iso639-3='sot'    uli='st'             bcp47='st'             ohchr='sso'    stage='4'  pdf='y' notes='n' loc='-20,29'         country='LS' region='Africa'      demo='n' n='Sotho, Southern'/>
  <udhr l='spa'                iso639-3='spa'    uli='es'             bcp47='es'             ohchr='spn'    stage='4'  pdf='y' notes='n' loc='40,-3'          country='ES' region='Europe'      demo='n' n='Spanish'/>
  <udhr l='src'                iso639-3='src'    uli='sc'             bcp47='sc'             ohchr='srd'    stage='4'  pdf='y' notes='n' loc='40,9'           country='IT' region='Europe'      demo='n' n='Sardinian, Logudorese'/>
  <udhr l='srp' v='cyrl'       iso639-3='srp'    uli='sr-Cyrl'        bcp47='sr-Cyrl'        ohchr='src5'   stage='4'  pdf='y' notes='n' loc='42.5,21'        country='CS' region='Europe'      demo='n' n='Serbian' nv='Cyrillic'/>
  <udhr l='srp' v='latn'       iso639-3='srp'    uli='sr-Latn'        bcp47='sr-Latn'        ohchr='src3'   stage='4'  pdf='y' notes='n' loc='42.5,21'        country='CS' region='Europe'      demo='n' n='Serbian' nv='Latin'/>
  <udhr l='srr'                iso639-3='srr'    uli='srr'            bcp47='srr'            ohchr='ses'    stage='4'  pdf='y' notes='n' loc='14.2,-15.5'     country='SN' region='Africa'      demo='n' n='Serer-Sine'/>
  <udhr l='ssw'                iso639-3='ssw'    uli='ss'             bcp47='ss'             ohchr='swz1'   stage='4'  pdf='y' notes='n' loc='-27,32'         country='SZ' region='Africa'      demo='n' n='Swati'/>
  <udhr l='suk'                iso639-3='suk'    uli='suk'            bcp47='suk'            ohchr='sua'    stage='4'  pdf='y' notes='n' loc='-2.5,33'        country='TZ' region='Africa'      demo='n' n='Sukuma'/>
  <udhr l='sun'                iso639-3='sun'    uli='su'             bcp47='su'             ohchr='suo'    stage='4'  pdf='y' notes='n' loc='-7,108'         country='ID' region='Asia'        demo='n' n='Sunda'/>
  <udhr l='sus'                iso639-3='sus'    uli='sus'            bcp47='sus'            ohchr='sus'    stage='4'  pdf='y' notes='n' loc='10,-13'         country='GN' region='Africa'      demo='n' n='Susu'/>
  <udhr l='suz'                iso639-3='suz'    uli='suz'            bcp47='suz'            ohchr='suz'    stage='2'  pdf='n' notes='n' loc='27.5,86.5'      country='NP' region='Asia'        demo='n' n='Sunwar'/>
  <udhr l='swb'                iso639-3='swb'    uli='swb'            bcp47='swb'            ohchr='swb'    stage='2'  pdf='n' notes='n' loc='-13,45'         country='YT' region='Africa'      demo='n' n='Comorian, Maore'/>
  <udhr l='swe'                iso639-3='swe'    uli='sv'             bcp47='sv'             ohchr='swd'    stage='4'  pdf='y' notes='n' loc='60,15'          country='SE' region='Europe'      demo='n' n='Swedish'/>
  <udhr l='swh'                iso639-3='swh'    uli='sw'             bcp47='sw'             ohchr='swa'    stage='4'  pdf='y' notes='n' loc='-6,36'          country='TZ' region='Africa'      demo='n' n='Swahili'/>
  <udhr l='tah'                iso639-3='tah'    uli='ty'             bcp47='ty'             ohchr='tht'    stage='4'  pdf='y' notes='n' loc='-18,-149'       country='PF' region='Pacific'     demo='n' n='Tahitian'/>
  <udhr l='taj'                iso639-3='taj'    uli='taj'            bcp47='taj'            ohchr='taj'    stage='3'  pdf='y' notes='n' loc='26.85'          country='NP' region='Asia'        demo='n' n='Tamang, Eastern'/>
  <udhr l='tam'                iso639-3='tam'    uli='ta'             bcp47='ta'             ohchr='tcv'    stage='4'  pdf='y' notes='n' loc='12,79'          country='IN' region='Asia'        demo='y' n='Tamil'/>
  <udhr l='taq'                iso639-3='taq'    uli='taq'            bcp47='taq'            ohchr='taq'    stage='2'  pdf='n' notes='n' loc='19,3'           country='ML' region='Africa'      demo='n' n='Tamasheq'/>
  <udhr l='taq' v='tfng'       iso639-3='taq'    uli='taq-Tfng'       bcp47='taq-Tfng'       ohchr='taq'    stage='2'  pdf='n' notes='n' loc='19,4'           country='ML' region='Africa'      demo='n' n='Tamasheq' nv='Tifinagh'/>
  <udhr l='tat'                iso639-3='tat'    uli='tt'             bcp47='tt'             ohchr='ttr'    stage='4'  pdf='y' notes='n' loc='57,49'          country='RU' region='Europe'      demo='n' n='Tatar'/>
  <udhr l='tbz'                iso639-3='tbz'    uli='tbz'            bcp47='tbz'            ohchr='tbz'    stage='4'  pdf='y' notes='n' loc='10.2,1.2'       country='BJ' region='Africa'      demo='n' n='Ditammari'/>
  <udhr l='tca'                iso639-3='tca'    uli='tca'            bcp47='tca'            ohchr='tca'    stage='4'  pdf='y' notes='n' loc='-3,-68'         country='BR' region='Americas'    demo='n' n='Ticuna'/>
  <udhr l='tel'                iso639-3='tel'    uli='te'             bcp47='te'             ohchr='tcw'    stage='2'  pdf='n' notes='n' loc='16,80'          country='IN' region='Asia'        demo='n' n='Telugu'/>
  <udhr l='tem'                iso639-3='tem'    uli='tem'            bcp47='tem'            ohchr='tej'    stage='4'  pdf='y' notes='y' loc='8.5,-12.5'      country='SL' region='Africa'      demo='n' n='Themne'/>
  <udhr l='tet'                iso639-3='tet'    uli='tet'            bcp47='tet'            ohchr='ttm'    stage='4'  pdf='y' notes='n' loc='-9,125'         country='ID' region='Asia'        demo='n' n='Tetun'/>
  <udhr l='tgk'                iso639-3='tgk'    uli='tg'             bcp47='tg'             ohchr='pet'    stage='4'  pdf='y' notes='n' loc='38,70'          country='TJ' region='Asia'        demo='n' n='Tajiki'/>
  <udhr l='tgl'                iso639-3='tgl'    uli='tl'             bcp47='tl'             ohchr='tgl'    stage='4'  pdf='y' notes='n' loc='14.5,121'       country='PH' region='Asia'        demo='n' n='Tagalog'/>
  <udhr l='tgl' v='tglg'       iso639-3='tgl'    uli='tl-Tglg'        bcp47='tl-Tglg'        ohchr=''       stage='1'  pdf='y' notes='n' loc='14.5,122'       country='PH' region='Asia'        demo='y' n='Tagalog' nv='Tagalog'/>
  <udhr l='tha'                iso639-3='tha'    uli='th'             bcp47='th'             ohchr='thj'    stage='4'  pdf='y' notes='n' loc='14,100'         country='TH' region='Asia'        demo='y' n='Thai'/>
  <udhr l='tir'                iso639-3='tir'    uli='ti'             bcp47='ti'             ohchr='tgn'    stage='4'  pdf='y' notes='n' loc='15.5,39'        country='ET' region='Africa'      demo='y' n='Tigrigna'/>
  <udhr l='tiv'                iso639-3='tiv'    uli='tiv'            bcp47='tiv'            ohchr='tiv'    stage='4'  pdf='y' notes='n' loc='7.5,9'          country='NG' region='Africa'      demo='n' n='Tiv'/>
  <udhr l='tob'                iso639-3='tob'    uli='tob'            bcp47='tob'            ohchr='tob'    stage='4'  pdf='y' notes='n' loc='-28,-56'        country='AR' region='Americas'    demo='n' n='Toba'/>
  <udhr l='toi'                iso639-3='toi'    uli='toi'            bcp47='toi'            ohchr='toi'    stage='4'  pdf='y' notes='n' loc='-15,25'         country='ZM' region='Africa'      demo='n' n='Tonga'/>
  <udhr l='toj'                iso639-3='toj'    uli='toj'            bcp47='toj'            ohchr='toj'    stage='4'  pdf='y' notes='n' loc='16.2,-91.8'     country='MX' region='Americas'    demo='n' n='Tojolabal'/>
  <udhr l='ton'                iso639-3='ton'    uli='to'             bcp47='to'             ohchr='tov'    stage='4'  pdf='y' notes='n' loc='-21,-175'       country='TO' region='Pacific'     demo='n' n='Tongan'/>
  <udhr l='top'                iso639-3='top'    uli='top'            bcp47='top'            ohchr='top'    stage='4'  pdf='y' notes='n' loc='20.5,-97.0'     country='MX' region='Americas'    demo='n' n='Totonac, Papantla'/>
  <udhr l='tpi'                iso639-3='tpi'    uli='tpi'            bcp47='tpi'            ohchr='pdg'    stage='4'  pdf='y' notes='n' loc='-6,150'         country='PG' region='Pacific'     demo='n' n='Tok Pisin'/>
  <udhr l='tsn'                iso639-3='tsn'    uli='tn'             bcp47='tn'             ohchr='tsw'    stage='4'  pdf='y' notes='n' loc='-23.5,26'       country='BW' region='Africa'      demo='n' n='Tswana'/>
  <udhr l='tso' v='MZ'         iso639-3='tso'    uli='ts'             bcp47='ts'             ohchr='tso'    stage='4'  pdf='y' notes='n' loc='-23,33'         country=''   region=''            demo='n' n='Tsonga (Mozambique)'/>
  <udhr l='tsz'                iso639-3='tsz'    uli='tsz'            bcp47='tsz'            ohchr='1112'   stage='4'  pdf='y' notes='n' loc='19,-102.0'      country='MX' region='Americas'    demo='n' n='Purepecha'/>
  <udhr l='tuk' v='cyrl'       iso639-3='tuk'    uli='tk-Cyrl'        bcp47='tk-Cyrl'        ohchr='tck'    stage='4'  pdf='y' notes='n' loc='40,60'          country='TM' region='Asia'        demo='n' n='Turkmen' nv='Cyrillic'/>
  <udhr l='tuk' v='latn'       iso639-3='tuk'    uli='tk-Latn'        bcp47='tk-Latn'        ohchr=''       stage='4'  pdf='y' notes='n' loc='41,60'          country='TM' region='Asia'        demo='n' n='Turkmen' nv='Latin'/>
  <udhr l='tur'                iso639-3='tur'    uli='tr'             bcp47='tr'             ohchr='trk'    stage='4'  pdf='y' notes='n' loc='39,32'          country='TR' region='Asia'        demo='n' n='Turkish'/>
  <udhr l='tyv'                iso639-3='tyv'    uli='tyv'            bcp47='tyv'            ohchr='tyv'    stage='4'  pdf='y' notes='n' loc='52,92'          country='RU' region='Asia'        demo='n' n='Tuva'/>
  <udhr l='tzc'                iso639-3='tzc'    uli='tzc'            bcp47='tzc'            ohchr='tzc'    stage='4'  pdf='y' notes='n' loc='16.5,-93.0'     country='MX' region='Americas'    demo='n' n='Tzotzil, Chamula'/>
  <udhr l='tzh'                iso639-3='tzh'    uli='tzh'            bcp47='tzh'            ohchr='tzc1'   stage='4'  pdf='y' notes='n' loc='16.5,-92.1'     country='MX' region='Americas'    demo='n' n='Tzeltal, Oxchuc'/>
  <udhr l='tzm'                iso639-3='tzm'    uli='tzm'            bcp47='tzm'            ohchr='tzm'    stage='4'  pdf='y' notes='n' loc='30,-5'          country='MA' region='Africa'      demo='n' n='Tamazight, Central Atlas'/>
  <udhr l='tzm' v='tfng'       iso639-3='tzm'    uli='tzm-Tfng'       bcp47='Tfng'           ohchr=''       stage='1'  pdf='y' notes='n' loc='30,-6'          country='MA' region='Africa'      demo='y' n='Tamazight, Central Atlas' nv='Tifinagh'/>
  <udhr l='uig' v='arab'       iso639-3='uig'    uli='ug-Arab'        bcp47='ug-Arab'        ohchr='uig'    stage='4'  pdf='y' notes='n' loc='36,80'          country='CN' region='Asia'        demo='n' n='Uyghur' nv='Arabic'/>
  <udhr l='uig' v='latn'       iso639-3='uig'    uli='ug-Latn'        bcp47='ug-Latn'        ohchr=''       stage='4'  pdf='y' notes='n' loc='36,81'          country='CN' region='Asia'        demo='n' n='Uyghur' nv='Latin'/>
  <udhr l='ukr'                iso639-3='ukr'    uli='uk'             bcp47='uk'             ohchr='ukr'    stage='4'  pdf='y' notes='n' loc='50,30'          country='UA' region='Europe'      demo='n' n='Ukrainian'/>
  <udhr l='umb'                iso639-3='umb'    uli='umb'            bcp47='umb'            ohchr='mnf'    stage='4'  pdf='y' notes='n' loc='-13,15'         country='AO' region='Africa'      demo='n' n='Umbundu'/>
  <udhr l='unr'                iso639-3='unr'    uli='unr'            bcp47='unr'            ohchr='unr'    stage='2'  pdf='n' notes='n' loc=''               country='IN' region='Asia'        demo='n' n='Mundari'/>
  <udhr l='ura'                iso639-3='ura'    uli='ura'            bcp47='ura'            ohchr='ura'    stage='4'  pdf='y' notes='n' loc='-4.5,-75.5'     country='PE' region='Americas'    demo='n' n='Urarina'/>
  <udhr l='urd'                iso639-3='urd'    uli='ur'             bcp47='ur'             ohchr='urd'    stage='4'  pdf='n' notes='n' loc='30,73'          country='PK' region='Asia'        demo='n' n='Urdu'/>
  <udhr l='uzn' v='cyrl'       iso639-3='uzn'    uli='uz-Cyrl'        bcp47='uzn-Cyrl'       ohchr='uzb1'   stage='4'  pdf='y' notes='n' loc='42,62'          country='UZ' region='Asia'        demo='n' n='Uzbek, Northern' nv='Cyrillic'/>
  <udhr l='uzn' v='latn'       iso639-3='uzn'    uli='uz-Latn'        bcp47='uzn-Latn'       ohchr='uzb'    stage='4'  pdf='y' notes='y' loc='42,63'          country='UZ' region='Asia'        demo='n' n='Uzbek, Northern' nv='Latin'/>
  <udhr l='vai'                iso639-3='vai'    uli='vai'            bcp47='vai'            ohchr='vai'    stage='4'  pdf='y' notes='n' loc='6.2,-10.5'      country='LR' region='Africa'      demo='y' n='Vai'/>
  <udhr l='vec'                iso639-3='vec'    uli='vec'            bcp47='vec'            ohchr='vec'    stage='4'  pdf='y' notes='n' loc=''               country='IT' region='Europe'       demo='n' n='Venetian'/>
  <udhr l='ven'                iso639-3='ven'    uli='ve'             bcp47='ve'             ohchr='tsh'    stage='4'  pdf='y' notes='n' loc='-23,30'         country='ZA' region='Africa'      demo='n' n='Venda'/>
  <udhr l='vep'                iso639-3='vep'    uli='vep'            bcp47='vep'            ohchr='vep'    stage='4'  pdf='y' notes='n' loc='60,35'          country='RU' region='Asia'        demo='n' n='Veps'/>
  <udhr l='vie'                iso639-3='vie'    uli='vi'             bcp47='vi'             ohchr='vie'    stage='4'  pdf='y' notes='n' loc='12,108'         country='VN' region='Asia'        demo='n' n='Vietnamese'/>
  <udhr l='vmw'                iso639-3='vmw'    uli='vmw'            bcp47='vmw'            ohchr='vmw'    stage='4'  pdf='y' notes='n' loc='12,108'         country='MZ' region='Africa'      demo='n' n='Makhuwa'/>
  <udhr l='war'                iso639-3='war'    uli='war'            bcp47='war'            ohchr='wry'    stage='4'  pdf='y' notes='n' loc='11.5,125'       country='PH' region='Asia'        demo='n' n='Waray-Waray'/>
  <udhr l='wln'                iso639-3='wln'    uli='wa'             bcp47='wa'             ohchr='frn1'   stage='4'  pdf='y' notes='n' loc='50.5,5.5'       country='BE' region='Europe'      demo='n' n='Walloon'/>
  <udhr l='wol'                iso639-3='wol'    uli='wo'             bcp47='wo'             ohchr='wol'    stage='4'  pdf='y' notes='n' loc='15.5,-16'       country='SN' region='Africa'      demo='n' n='Wolof'/>
  <udhr l='wwa'                iso639-3='wwa'    uli='wwa'            bcp47='wwa'            ohchr='ako'    stage='4'  pdf='y' notes='n' loc='10.5,1.7'       country='BJ' region='Africa'      demo='n' n='Waama'/>
  <udhr l='xho'                iso639-3='xho'    uli='xh'             bcp47='xh'             ohchr='xos'    stage='4'  pdf='y' notes='n' loc='-28,28'         country='ZA' region='Africa'      demo='n' n='Xhosa'/>
  <udhr l='xsm'                iso639-3='xsm'    uli='xsm'            bcp47='xsm'            ohchr='kas'    stage='4'  pdf='y' notes='n' loc='11,-1.2'        country='BF' region='Africa'      demo='n' n='Kasem'/>
  <udhr l='yad'                iso639-3='yad'    uli='yad'            bcp47='yad'            ohchr='yad'    stage='4'  pdf='y' notes='n' loc='-3.5,-73'       country='PE' region='Americas'    demo='n' n='Yagua'/>
  <udhr l='yao'                iso639-3='yao'    uli='yao'            bcp47='yao'            ohchr='yao'    stage='4'  pdf='y' notes='n' loc='-14.5,36'       country='MW' region='Africa'      demo='n' n='Yao'/>
  <udhr l='yap'                iso639-3='yap'    uli='yap'            bcp47='yap'            ohchr='yps'    stage='4'  pdf='y' notes='n' loc='10,138'         country='FM' region='Pacific'     demo='n' n='Yapese'/>
  <udhr l='ydd'                iso639-3='ydd'    uli='yi'             bcp47='yi'             ohchr='ydd'    stage='4'  pdf='y' notes='n' loc='31,35'          country='IL' region='Asia'        demo='n' n='Yiddish, Eastern'/>
  <udhr l='ykg'                iso639-3='ykg'    uli='ykg'            bcp47='ykg'            ohchr='ykg'    stage='4'  pdf='y' notes='n' loc='58,160'         country='RU' region='Asia'        demo='n' n='Yukaghir, Northern'/>
  <udhr l='yor'                iso639-3='yor'    uli='yo'             bcp47='yo'             ohchr='yor'    stage='4'  pdf='y' notes='n' loc='8,4'            country='NG' region='Africa'      demo='n' n='Yoruba'/>
  <udhr l='yrk'                iso639-3='yrk'    uli='yrk'            bcp47='yrk'            ohchr='yrk'    stage='2'  pdf='n' notes='n' loc='70,75'          country='RU' region='Asia'        demo='n' n='Nenets'/>
  <udhr l='yua'                iso639-3='yua'    uli='yua'            bcp47='yua'            ohchr='yua'    stage='4'  pdf='y' notes='n' loc='20.0,-89.0'     country='MX' region='Americas'    demo='n' n='Maya, Yucatán'/>
  <udhr l='zam'                iso639-3='zam'    uli='zam'            bcp47='zam'            ohchr='zam'    stage='4'  pdf='y' notes='n' loc='16.2,-96.6'     country='MX' region='Americas'    demo='n' n='Zapotec, Miahuatlán'/>
  <udhr l='zro'                iso639-3='zro'    uli='zro'            bcp47='zro'            ohchr='1124'   stage='4'  pdf='y' notes='n' loc='-2,-76'         country='EC' region='Americas'    demo='n' n='Z&#x00E1;paro'/>
  <udhr l='ztu'                iso639-3='ztu'    uli='ztu'            bcp47='ztu'            ohchr='ztu1'   stage='4'  pdf='y' notes='n' loc='16.9,-96.5'     country='MX' region='Americas'    demo='n' n='Zapotec, Güilá'/>
  <udhr l='zul'                iso639-3='zul'    uli='zu'             bcp47='zu'             ohchr='zuu'    stage='4'  pdf='y' notes='y' loc='-28,29'         country='ZA' region='Africa'      demo='n' n='Zulu'/>
</udhrs>
