<?xml version="1.0" encoding="UTF-8"?>

<!--© The Office of the High Commisioner for Human Rights-->

<udhr lang="qwh" language="Quechua, Huaylas Ancash" xmlns="http://www.unhchr.ch/udhr">
  <title>KAQ KEYMI LLAPAN PATSACHOW IMANA KAQ NUNAKUNAPAPIS DERECHUNKUNA</title>
  <preamble>
    <title>QALLANAN KAQ</title>
    <para>Musyantsikmi keynow kashqan ta: Imana kaq nunaku napis nunam kayan. Llapantsik tseynowlla kashqaqa tseynowllam derëchuñtsikkuna kapamantsik. I tseynow kaptinmi kushi, shumaq, allilla kawashun derëchuntsikkunawan (kikintsikpa kaqwan).</para>
    <para>I derëchukunata mana wiyakurninpis mana alli nunakunam allápa allqotsayarqan wakin nunakunata. I tseynow allqotsanqanta musyar llapan patsachow nunakuna llakikur ajayarqan. I yapey mana tseynow kananpaqmi munantsik key patsa keynow kananta:</para>
    <para>Parleyta munashqaqa yarpanqantsikmannowmi parlashwan llapantsik nunakuna. Kreyinqantsikmannowmi imamanpis kreyikurnin kashwan llapantsik nunakuna. Ama ni pipis mantsakutsuntsu ni imapitapis. I manam ni pipis pishupukoq kanmantsu.</para>
    <para>Allápa mana alli allqotsaq awtoridakuna kaptenqa mana meymanpis tsatakiyta, pwedirninmi awtorida wajaq sharkuyanman. I tseynow mana kananpaqmi alli kanman llapan nunakunapa derëchunkuna leykunachow alli qellqashqa kanman, llapantsik reqinapaq.</para>
    <para>Imey kutipis mas shumaq kawakiychow llapan nasyonkuna jukninwan jukninwan kayánanmi kanan.</para>
    <para>Nasyonkuna purwakarkur; kanan Naciones Unidas jutiyoq, eyllukayashqanchow nasyonkunam konstitusyonchow áninakuyarqan, keynow nunakunapa derëchunkuna kananpaq. Llapan imana kaq nunapapis derëchunkuna kanman. Pi nunapis nuna kanqannowmi ima nunatapis kikintanow rikanman. I nuna karninmi: Oliqopis, warmipis derëchunkunachowqa mana meyqanpis jukláyatsu kayanman. Llapan nasyonkunam ániyashqa Naciones Unidas yanapeyta, markakunachow key konstitusyonta mana qonqarishpa llapan nunakunata reqitsiyanqa shumaq kawakuyánanpaq.</para>
    <para>Naciones Unidas eyllukayanqan kaq nasyonkunam yachatsinakuyashqa tsey kamatsiyanqanchow keynow rurananpaq. Nasyonkunachowmi llapan nunakunata yachatsikuyanman nunakunapa derëchunkúnata wiyakurnin kayananpaq.</para>
    <para>Tsey intutsinakuyanqanchow keynow kananpaq nasyonkunam key derëchukunata llapan nunakunata káyitsiyanman.</para>
    <para>I tseynow kaptinmi nasyonkuna purwakayanqanchow (asamblea generalchow) kanan willakayámushqa Llapan Nunakunapa Derëchun (Los Derechos Humanos). Key willakayámunqanchowmi, llapan patsachow imana kaq nunakunapapis derëchunkuna keykan. I mey markachowpis llapan nunakunam kawayanman key derëchukuna keykanqanmannow. I pi nunapis o gobiyernupis key derëchukunata yawarninmi imanowpapis nunakunata yachatsikuyanman ániyánanpaq. I mey nasyonchowpis llapan nunakuna key derëchukunata káyiyánanpaqmi kikin nasyonninchow i jinantin nasyonkunachowpis tukiy láyapa willakuyanman. I Naciones Unidaschow kaq nasyonkunachowpis i tsey nasyonkunapa kallpan kaq nasyonkunachowpis tseynow rurayanman.</para>
  </preamble>
  <article number="1">
    <title>Artikulu 1.</title>
    <para>Meyqan nunapis manam pipa sirweqnin nuna kananpaqtsu yurikushqa. I nuna karninmi meyqan nunapis juk láyatsu kayanman derëchunkunachowpis. I yarpachakiyta yacharninmi i allita mana allita shonqonkunachow mákurninmi nunakuna jukninta wiyanakur kayanman.</para>
  </article>
  <article number="2">
    <title>Artikulu 2.</title>
    <para>Key niyashqanmunqanchow derëchukunaqa llapan nunakunapaqmi kanqa imana kaq láya nunakunapaqpis, ima rikoq nunakunapis, warmikunapaqpis, ollqokunapaqpis, i mana kaq idiyomata parlaq nunakunapaqpis, ima relijyonninchow kaq nunakunapaqpis, ima politikuman kreyeq nunakunapaqpis, imaman kreyikoq nunakunapaqpis, meylo markayoq nunakunapaqpis, waktsa nunakunapaqpis kapoqyoq nunakunapaqpis, i imana kaq yurishqa nunakunapaqpis.</para>
    <para>Llapan nunakunapa derëchunkunapis meyqan nasyonkunachowpis imanow gobyernu kaptinpis, nasyonkuna, ichik nasyonkunata nitirarpis, key derëchukunataqa niyaman qonqayanmantsu.</para>
  </article>
  <article number="3">
    <title>Artikulu 3.</title>
    <para>Juk nunapa derëchunmi kanman kawananpaq, i mana pipis jarqarishqa purikunanpaq i mana pipis peyta allqotsananpaq.</para>
  </article>
  <article number="4">
    <title>Artikulu 4.</title>
    <para>Manam meyqan nunapis pipa sirweqnin nuna kanmantsu. Manam meyqan nunatapis sirweqnin kananpaq ni imanowpa rantikushqa kanmantsu.</para>
  </article>
  <article number="5">
    <title>Artikulu 5.</title>
    <para>Manam ni meyqan nunata imeyká ashnutanow rutatarnin, mana ankuparnin maqarnin rurayanmantsu ni pikunapis.</para>
  </article>
  <article number="6">
    <title>Artikulu 6.</title>
    <para>Llapan nunakunapa derëchunkunam kanman mey markachowpis leykuna kanqanmannow kananpaq.</para>
  </article>
  <article number="7">
    <title>Artikulu 7.</title>
    <para>Justisyankunachowmi llapan nunakunatam justisyankunataqa ratatsiyanman. Meyqan nuna kaptinpis llapanpaqmi key leykunaqa. Itsanqa juk awtorida ninqa meyqan nunatapis keynow nishpa: - Qampaqqa manam derëchiyki kantsu justisyachow, o keynow nishpa ninqa: - Key nunapaqqa manam justisya kanqatsu - nishpa. Tseynow niptinpis llapan nunakunapaqmi key derë'chunkuna. I tseynow nirninqa key deklarasyonchow ninqanta manam wiyakuyantsu.</para>
  </article>
  <article number="8">
    <title>Artikulu 8.</title>
    <para>Mey nasyonchowpis konstitusyon kaq leykunata o meyqan leykunata niana wiyakurriin juk nuna allqotsakunqa nuna mayinta. Tsey allqotsashqa nunaqa tsatakunmanmi alli kaq awtoridaman i tsey awtorida manam jaqerinmantsu keynow kananpaq leyninwan.</para>
  </article>
  <article number="9">
    <title>Artikulu 9.</title>
    <para>Manam ni pi awtoridakuna muneyninta rurarnin juk nunapa mana jutsan keykaptinqa tsey nunata ni pwestuman ni karselman llawitsiyanmantsu ni kuyey markanpita qarqoyanmantsu.</para>
  </article>
  <article number="10">
    <title>Artikulu 10.</title>
    <para>Llapan nunakunapa derëchunkunam kanman tsatashqa kayanqanta alli kaq jweschow llapan nunakunapa nowpanchow altsananpaq. I juk nuna jutsayoqta tarirqa mana alli rurashqanpita !eykuna kanqanmannowmi qochiyanman derëchunkunata.</para>
  </article>
  <article number="11">
    <title>Artikulu 11.</title>
    <orderedlist>
      <listitem>
	<para>Tsatashqa karninqa juk nunaqa manam jutsayoqran jwes jutsan tarinqanyaq. Nunakunapa nowpanchow, justisyata jwes rurashqanchowmi, tsey nunapa derëchun kanman juk washaqnin peypaq parlakunanpaq.</para>
      </listitem>
      <listitem>
	<para>Juk nuna imatapis ruranqa; i tseynow ruranqata manana rurananpaqqa juk mushoq ley kikinpa nasyonninchow o llapan patsachow karinqa. Tsey nunaqa rurashqanpita manam jutsayoqtsu kanman. Pi nunapis imata ruranqanchow mana alli kashqanta, ni pi musyarqantsu, manam jutsatsu kanman, ni nasyonninchow ni llapan patsachow; manam juk jutsapaq kantsu ishkey laya justisya.</para>
      </listitem>
    </orderedlist>
  </article>
  <article number="12">
    <title>Artikulu 12.</title>
    <para>Mana imapis keykaptenqa nuna mayinpa kaweykininman, ni yarwar mayinman (familyanman), ni pi nuna manam jaka kanmantsu, ni qellqakuyanqanta paqilapa leyikunmantsu, ni wayinman mana alli rurakoq yeykunmantsu. I ulikurkurnenqa nunakunapa jananchow nunapa wasan manam rimanmantsu. Tseynow mana alli nunakunapaq llapan nasyonkunachowmi leykuna kanmi.</para>
  </article>
  <article number="13">
    <title>Artikulu 13.</title>
    <orderedlist>
      <listitem>
	<para>Mey nasyonchow keykarninmi meyqan nunapapis derëchun kanman munanqanpa purikunanpaq, munanqan markachow tákunanpaq.</para>
      </listitem>
      <listitem>
	<para>Mey nasyonpita o kikinpa nasyonninpita yarqushqa karninpis, meyqan nunapa derëchunmi kanman nasyonninman kutikunanpaq.</para>
      </listitem>
    </orderedlist>
  </article>
  <article number="14">
    <title>Artikulu 14.</title>
    <orderedlist>
      <listitem>
	<para>Pi nunapis mana alli awtorida qatikachaptenqa, tsey nuna derë'chunchowmi ashinman, meyqan nasyonchowpis tákunanpaq.</para>
      </listitem>
      <listitem>
	<para>Lluta jutsakuna ruraq, Naciones Unidaskuna nishqanta mana ruraqkunaqa, manam key derëchuyoqtsu kayan.</para>
      </listitem>
    </orderedlist>
  </article>
  <article number="15">
    <title>Artikulu 15.</title>
    <orderedlist>
      <listitem>
	<para>Meyqan nunapapis derëchunmi kanman nasyonninpa nunan kananpaq.</para>
      </listitem>
      <listitem>
	<para>Mana pitapis awtorida muneyniyta rurar waqanmantsu nasyonninpita, pi nunapis munarqa eywukunmanmi juk nasyonkunachow täraq.</para>
      </listitem>
    </orderedlist>
  </article>
  <article number="16">
    <title>Artikulu 16.</title>
    <orderedlist>
      <listitem>
	<para>Meyqan laya, mey nasyon, meyqan relijyonchow karninpis oliqopis, warmipis, llapan nunakuna mallwayarqa derëchunkunam kanman kasakurnin yarwar mayinkuna kayäpunanpaq. Warmipaqpis, ollqopaqpis tseynowllam derëchunkuna kanman kasakuyänanpaq. I kasadu keykäyanqanchow rakikayaptinpis derëchunkunam keykanman.</para>
      </listitem>
      <listitem>
	<para>Ishkankuna warmi oliqo munanakurninmi kasakuyanman. Manam ni pipis pushanmantsu mana munanqanwan kasakunanpaq.</para>
      </listitem>
      <listitem>
	<para>Yarwar mayikunawanmi qal]ayan markakuna nasyonkunam rikapäyanman i yanapäyanman alli kawayänanpaq.</para>
      </listitem>
    </orderedlist>
  </article>
  <article number="17">
    <title>Artikulu 17.</title>
    <orderedlist>
      <listitem>
	<para>Llapan nunam kapoqyoq kanman; munarqa japallan o piwanpis shuntukur.</para>
      </listitem>
      <listitem>
	<para>Mana pitapis qochiyanmantsu kapoqninta.</para>
      </listitem>
    </orderedlist>
  </article>
  <article number="18">
    <title>Artikulu 18.</title>
    <para>Llapan nunapam derëchum kan, munanqannow yarpachakunanpaq, i rurananpaq, relijyonnin akrananpaq o jukta ashinanpaq; tseynow kashqanchow derëchunchowmi ninman japallan kashqanchow o nunakunapa nowpanchow.</para>
  </article>
  <article number="19">
    <title>Artikulu 19.</title>
    <para>Llapan nunam derëchunchow munanqanta ninanpaq o ruranapaq; tseypaqreykur nuna pipis piñapanmantsu ni qatikachanmantsu. Kikin rurashqantaqa shuntukiywanpis munarqa musyatsikunmanmi kikinpa nasyonninchow o juk nasyonkunachowpis.</para>
  </article>
  <article number="20">
    <title>Artikulu 20.</title>
    <orderedlist>
      <listitem>
	<para>Meyqan nunakunapapis derëchunmi kanman imapaq eyllukayänanpaq i ima purwakayanqanchow shuntukayänanpaq. I tsey purwakayanqanqa kanman manam pitapis piñapäyananpaq.</para>
      </listitem>
      <listitem>
	<para>Manam munaqtaqa, manam pipis purwakan kanman qayanmantsu.</para>
      </listitem>
    </orderedlist>
  </article>
  <article number="21">
    <title>Artikulu 21.</title>
    <orderedlist>
      <listitem>
	<para>Llapan nunapam derëchun kanman nasyonninchow kamatsinanpaq; kikin o marka mayinta akrarkur kamatsikoq pushananpaq.</para>
      </listitem>
      <listitem>
	<para>Meyqan nunakunapis derëchun kanman, nasyonkunapa ofisinanchow uryayänanpaq.</para>
      </listitem>
      <listitem>
	<para>Pipis awtoridaman chan marka mayinkuna munaptinmi; key muneyninkunata rurayanman patsatsikoqkunapa watan ushkäriptin alli kaq marka mayinkunata akrar. Key akrakiykanman mana pipis rikareykämashqam.</para>
      </listitem>
    </orderedlist>
  </article>
  <article number="22">
    <title>Artikulu 22.</title>
    <para>Llapan nunakuna key patsachow kawarnin kayaptinmi derëchun kanman seguru sosyalninkuna kananpaq. I tseynow kananpaqmi mas kapoqyoq nasyonkuna yanapäyanman waktsa nasyonkunata; peykunanman rurayanman kanqanmannow. I tseynow gobiyernu ruraptinmi llapan nunakuna imeypis shumaq alli kawayanman, i munayanqanmannowmi winakuyanman.</para>
  </article>
  <article number="23">
    <title>Artikulu 23.</title>
    <orderedlist>
      <listitem>
	<para>Llapan nunakunapa derëchunmi kanman uryayoq kayänanpaq. I munanqan uryeytam akrayanman. I uryayanqanchow mana rureyta yacharqa o qeshyamarqa manam ruranmantsu. I llapan nasyonchowmi leykuna kanman mana uryayoq nunakunata yanapäyananpaq.</para>
      </listitem>
      <listitem>
	<para>Tseynowlla uryeychow keykäyaptenqa tseynowllam ushkan kanman meyqan nunakunapapis.</para>
      </listitem>
      <listitem>
	<para>Llapan uryakoq munatam ushkan qoyanman mana suwapashpa yawar mayikunawan alli kawananpaq; mana tseynow kaptenqa kamatsiyoqkunam leykunata qorqoyanman yanapakuyänanpaq.</para>
      </listitem>
      <listitem>
	<para>Llapan nunapam derëchun kan purwakarkur sindikatu nishqanta ruraya'nanpaq; keyta rurayanman wallkinakushqa kayänanpaq.</para>
      </listitem>
    </orderedlist>
  </article>
  <article number="24">
    <title>Artikuiu 24.</title>
    <para>Llapan nunapam derëchum kanman uryarirqa jamakurinanpaq; uryeykunaqa manam junareqnowtsu kanman; kamatsikoqkuna leychowmi keyta qeliqayanman. Jamakiynin chämuptinqa llapan uryakoqmi jamakuyanman mana ushkanta oqrashpa.</para>
  </article>
  <article number="25">
    <title>Artikulu 25.</title>
    <orderedlist>
      <listitem>
	<para>Meyqan nunapapis ushkäninmi atskam kanman alli kawakiychow kikin, warmin, i tsurinkuna kawayänanpaq. I ushkanmi tinkunman mikiyninkunapaqpis, ratashninkunapaqpis, wayinpaqpis, qeshyarninqa jampikuyänanpaqwan i estäduta pägananpaq llapan marka mayinkunapaq ruranqanta. I uryey mana kaptenqa, o qeshyakiykaptenqa, o soqru tikrakuriptenqa, o paju kaptenqa, o owkisyaptenqa, o imanowpapis mana uryeyta pwediptenqa, meyqan nunapapis derëchunmi kanman seguru sosyalnin tsarananpaq.</para>
      </listitem>
      <listitem>
	<para>Wawayoq paju warmikunapaq i waktsa wamrakunapaq nasyonkunachow leyninkuna kanman munayanqanmannow yanapayänanpaq. Key ley llapan tsurikunapaqmi derëchunkunata ratatsin.</para>
      </listitem>
    </orderedlist>
  </article>
  <article number="26">
    <title>Artikulu 26.</title>
    <orderedlist>
      <listitem>
	<para>Meyqan nunakunapapis derëchunmi kanman yachakuyänanpaq. I yachakiy mana rantiyoqmi kanman primariyata ushanqanyaq. I llapan wamrakuna primariyachow yachakuyänanman. Keynow yachakiychowqa nunakuna derëchunchowmi kanman ima profesyontapis akrananpaq.</para>
      </listitem>
      <listitem>
	<para>Yachakuyaqa kanman llapan nunakuna winayänanpaq; nuna mayinkunawan mana piñapänakur, wallkinakur kawayänanpaq; manam chikinakushpa, mana jorqapänakushpa, kuyanäkur nuna purapis, nasyon purapis; ima läya nunakunapis, imanow relijyon kaqpis, Naciones Unidasta yanapäkur alli kawakunapaq.</para>
      </listitem>
      <listitem>
	<para>Teytakunapa derëchunmi kanman tsurinkunapaq yachatsikiyninta akrananpaq.</para>
      </listitem>
    </orderedlist>
  </article>
  <article number="27">
    <title>Artikulu 27.</title>
    <orderedlist>
      <listitem>
	<para>Pi nunapis derëchunchowmi kanman qotsukur, qatswakur, shumaq qotsukuwanta wiyakiyta, markanpa kaweynin qellqeyta, i marka mayinkuna ruranqanta meyqanpis tsari nmanmi kushikurinanpaq, yarpachakunanpaq.</para>
      </listitem>
      <listitem>
	<para>Manam pipis derëchuyoqtsu juk rurashqanta noqam rurarqä ninanpaq; keynow mana kanapaq imatapis ruraqkuna wil lakuyanmanmi kamatsikoqkunaman.</para>
      </listitem>
    </orderedlist>
  </article>
  <article number="28">
    <title>Artikulu 28.</title>
    <para>Llapan nunakuna derëchun kan keychow qellqashqa kaqta, tseynow kananpaq.</para>
  </article>
  <article number="29">
    <title>Artikulu 29.</title>
    <orderedlist>
      <listitem>
	<para>Llapan nunam ruranan markan nishqanta, tseychow yurishqanpita, täran winanpis marka mayikunawan. Tseynow kawarnin alli nuna keyta yachakun.</para>
      </listitem>
      <listitem>
	<para>Key deklarasyonchow derëchukuna nishqanmannow kaweykarninmi llapan nunakuna wiyachakuyanman nasyonchow leykuna kashqanta. I wakin nunakunapa derëchunkunata mana jalupashpa, shumaq kakushwan nunakuna kawayänanpaqmi, mana piñapänakur pipaqpis mana allim munarislipa, tseynow nunakuna kawakunapaqmi tsey leykunata gobiyernu rurashqa.</para>
      </listitem>
      <listitem>
	<para>Key derëchukunata i muneykunata manam pipis rurayanmantsu mana Naciones Unidas munanqannowqa.</para>
      </listitem>
    </orderedlist>
  </article>
  <article number="30">
    <title>Artikulu 30.</title>
    <para>Key deklarasyonchowqa manam ni imapis kantsu meyqan nasyonpis, meyqan läya nunakunapis ni meyqan nunapis, nuna rnayinkunapa derëchunkunata micharnin kayänanpaq.</para>
  </article>
</udhr>
