<?xml version="1.0" encoding="UTF-8"?>

<!--© The Office of the High Commisioner for Human Rights-->

<udhr lang="mad" language="Madura" xmlns="http://www.unhchr.ch/udhr">
  <title>PARNYATAAN OMOM PARKARA HAK-HAK ASASI MANOSSA</title>
  <note>
    <para>Sadajana oreng e lahiragi sareng hak-hak se dha-padha, mutlak klaban kabebasan fundamental. Parsarekatan Bangsa-Bangsa agaduwi janji badhi ajungjung tenggi, mamaju sareng anaonge hak-hak asasi sabban oreng. Janji gapaneka asalepon dhari piagam Parsarekatan Bangsa-Bangsa se maneges kayakenan bangsa-bangsa e dunya dha' hak-hak asasi manossa se fundamental ban dha' drajat ban ajina manossa. E dhalem parnyataan omom hak-hak asasi manossa Parsarekatan Bangsa-Bangsa anegesagi ngangguy cara saderhana ban jelas hak-hak se egadhuwi sadajana oreng secara rata ban adil. Hak-hak se kasebut e attas gadhuwana sampeyan sadaja . Hak asasi gapaneka gadhuwana sampeyan. Saena sampeyan ngageli onggu dha' hakhak- asasi gapaneka. Ngereng banto mamajuwagi ban billahi kaangguy sampeyan dibhi' juga kaangguy tan taretan selaen.</para>
  </note>
  <preamble>
    <title>MUKADDIMAH</title>
    <para>Saestona pangakowan drajat secara koddrat klaban hak se dha-padha sareng muttlak dhari sadajana anggota kaluwarga manossa enggi panika dasar dhari kamardikaan, keadilan sareng perdamaian e dunnya.</para>
    <para>Saestona manabi tak agateyagi sareng nganggep enteng hak-hak epon manossa badhi adaddiyagi kalakowan-kalakowan bengges se bisa mapeggel ate nuraniepon umat manossa; wujudepon settong dhunnya, palenggiyanna manossa se badhi arassaagi kenikmatan, kebebasan angocappagi pamanggi ban keyakinan sareng kebebasan dhari rassa tako' ban kemeskenan ampon daddi pernyataan aspirasi paleng tenggi dhari sadajana ra'yat biyasa.</para>
    <para>Saestona hak-hak manossa parlo e naonge kalaban peratoran hukum, sopaja oreng ta' kapaksa mele jalan berontak menangka cara paleng akher kaanguy alaban kedholiman sareng penjajahan.</para>
    <para>Saestona ce' parlona mamajuagi hubungan kakancaan eanterona nagara-nagara.</para>
    <para>Saestona bangsa-bangsa dhari Perserikatan Bangsa-Bangsa e dhalem Piagam Perserikatan Bangsa-Bangsa ampon anegessagi pole kapercajaannepon dha' hak-hak dasar manossa, dha' drajat klaban ajina manossa sareng hak-hak se padha kaangguy oreng lake otaba oreng bine, sareng ampon motossagi kaangguy matenggi kamajuwan sosial sareng drajat kaadilan se langkong sae dhalem kamardikaan se langkong lebar.</para>
    <para>Saestona nagara-nagara anggota ampon ajanji areng-sareng Perserikatan Bangsa- Bangsa kaangguy matenggi kamajuwan, ajina ban hormatepon sadajana oreng dha' hak-hak asasi manossa ban kebebasan dhasar.</para>
    <para>Saestona pemahaman se padha parkara hak-hak ban kebebasan-kebebasan kasebbut sanget penting kaangguy nglakone onggu-onggu janji kasebbut, melaepon:</para>
    <para>Asareng Ka'dhinto</para>
    <para>MAJELIS AKBAR</para>
    <para>ngabarragi</para>
    <para>PERNYATAAN OMOM PARKARA HAK-HAK ASASI MANOSSA</para>
    <para>Kaangguy patogan omom se anyata'agi hasel kaanguy sadajana oreng ban sadajana nagara klaban tojjuwan sopaja sabban oreng sareng sabban perserekatadan e dhalem masyarakat, klaban emot terros dha' pernyataan gapaneka badhi ajuangngagi ngangguy cara ngajari sareng adhidhik nyopre matenggi rasa hormat dha' hak-hak ban kabebasan-kabebasan kasebbut klaban jalan se maju, nasional juga internasional, nyoppre makowat pengakoan ban penghormadan se universal ban efektif se ejalannagi sareng bangsa-bangsa dhari Nagara-Nagara Anggota ka'dhinto dibhi', juga sareng bangsa-bangsa dhari wilayah-wilayah se ebabana kabasaannepon hukum nagara ka'dhinto.</para>
  </preamble>
  <article number="1">
    <title>PASAL 1</title>
    <para>Sadajana oreng lahir mardika e sarenge drajat klaban hak-hak se dha-padha. Sadajana eparenge akal sareng nurani ban kodu areng-sareng akanca kadi taretan.</para>
  </article>
  <article number="2">
    <title>PASAL 2</title>
    <para>Sabban oreng agaduwi sadajana hak sareng kebebasan-kebebasan se kasebbut edhalem parnyataan ka'dinto kalaban ta' abida'agi masalah ras, barnana kole', lake-bine, basa, agama, politik otaba drajat sosial, hak milik, otaba kabadhaan, laennepon.</para>
    <para>Saterossa ta' kengeng epabida se edhasarragi dha' kadhudhukan politik, hukum, otaba status internasional dari nagara otaba wilayah asallepon oreng ka'dhinto, panapa nagara mardhika, wilayah perwaliyan, nagara jajahan otaba se kadaulatannepon ebatessi.</para>
  </article>
  <article number="3">
    <title>PASAL 3</title>
    <para>Sadajana oreng gaduwan hak odik, kamardhikaan, sareng kaamanan bi'dibi.</para>
  </article>
  <article number="4">
    <title>PASAL 4</title>
    <para>Pasera bisaos ta' kengeng e badhi budhak otaba epaksa daddi abdi, perbudhakan sareng adagang budhak macam panapa bisaos kodu elarang.</para>
  </article>
  <article number="5">
    <title>PASAL 5</title>
    <para>Tadha' oreng se kengeng eseksa elakone klaban kejjem, otaba eyokom ngangguy cara matoron drajadda manossa otaba madaddi aebbha.</para>
  </article>
  <article number="6">
    <title>PASAL 6</title>
    <para>Sabban oreng agadhuwi hak sopaja eyakone eka'dhimma'a bisaos, e dhalem hokom akadi oreng pribadi.</para>
  </article>
  <article number="7">
    <title>PASAL 7</title>
    <para>Sadajana oreng gaduwan hak se padha e dalem naongan hukum, ta' epabida. Sadajana gaduwan hak lindung sepadha dha' sabban perbida'an se ta' padha klaban parnyataan paneka, sareng dha' sadajana hasutan se tojjuwanna dha' diskriminasi (parbida'an) kadi ka'dhinto.</para>
  </article>
  <article number="8">
    <title>PASAL 8</title>
    <para>Sabban oreng agadhuwi hak koreksi se efektif dhari pengadilan nasionalkse gadhuwan wewenang dha' sadajana kalakoan se alanggar hak-hak dasar se eparengagi dha' salerena sareng konstitusi otaba hokom.</para>
  </article>
  <article number="9">
    <title>PASAL 9</title>
    <para>Tadha' oreng se kengeng etangkep, etahan otaba ebuang sawenang-wenang.</para>
  </article>
  <article number="10">
    <title>PASAL 10</title>
    <para>Sabban oreng agadhuwi hak eadili se padha ban adil onggu ban tabuka klaban pengadilan se bebas ban ta' le-mele pihak, dhalem motosagi hak ban kawajiban sareng dhalem tuntutan pidana se badhi epotosagi.</para>
  </article>
  <article number="11">
    <title>PASAL 11</title>
    <orderedlist>
      <listitem>
	<para>Sabban oreng se edakwa alakone sala mitorot hokom eanggep ta' sala sampe' ebuktiagi sala mitorot hokom dhalem pengadilan se tabuka, ban salerana kengeng sadajana jaminan se ekaparlo kangguy abilahi.</para>
      </listitem>
      <listitem>
	<para>Tadha' oreng se kengeng e anggep sala alakone tindak pidana karna kalakoan otaba kealpaan se benni pelanggaran hokom mitorot undang-undang nasional otaba internasional bakto kalakoan gapaneka ejalani. Saka'dhinto juga ta' kengeng nantoagi okoman lebbi bera' dhari se samostena etarema bakto pelanggaran gapaneka ejalani.</para>
      </listitem>
    </orderedlist>
  </article>
  <article number="12">
    <title>PASAL 12</title>
    <para>Tadha oreng se kengeng eganggu orosanna dibhi', kaluargana, romatanggana, otaba hubungan sorat-manyorat, otaba eserang kahormatannepon ban saena asmana. Sabban oreng agadhuwi hak enaongi hokom alaban gudaan otaba serangan gapaneka.</para>
  </article>
  <article number="13">
    <title>PASAL 13</title>
    <orderedlist>
      <listitem>
	<para>Saban oreng agadhuwi hak sareng kabebasan le-ngalle otaba a lenggi e settong kenengan dhalem bates-bates sabban nagara.</para>
      </listitem>
      <listitem>
	<para>Sabban oreng agadhuwi hak aninggalagi settong negara, tamasok negarana dibhi' ban abali pole dha' negara gapaneka.</para>
      </listitem>
    </orderedlist>
  </article>
  <article number="14">
    <title>PASAL 14</title>
    <orderedlist>
      <listitem>
	<para>Sabban oreng agadhuwi hak nyare klaban anekmati e negara-negara laen, naongan dhari etabeng parkara.</para>
      </listitem>
      <listitem>
	<para>Hak gapaneka ta' kengeng e angguy manabi parkaraepon saongguna ta' karna kejahatan-kejahatan se badha hubunganna sareng politik otaba dhari kalakoan-kalakoan se alaban tojjuan-tojjuan ban prinsip-prinsip Parsarekatan Bangsa-Bangsa.</para>
      </listitem>
    </orderedlist>
  </article>
  <article number="15">
    <title>PASAL 15</title>
    <orderedlist>
      <listitem>
	<para>Sabban oreng agadhuwi hak sala settong kewarganegaraan.</para>
      </listitem>
      <listitem>
	<para>Tadha oreng kengeng epaksa ngocol kawarganegaraanna otaba e tolak hak agante kewarganegaraan.</para>
      </listitem>
    </orderedlist>
  </article>
  <article number="16">
    <title>PASAL 16</title>
    <orderedlist>
      <listitem>
	<para>Oreng lake' ban bine se ampon cokop omor, agudhuwi hak akabin ban abangon kaluarga, sareng ta' olle ebatesi klaban alasan ras, kawarganegaraan otaba agama. Salerena gadhuan hak se dha-padha dhalem hal kakabinan juga dhalem masa kakabinan ban dhalem hal atela'.</para>
      </listitem>
      <listitem>
	<para>Kakabinan namong kengeng elakone manabi edasaragi pelehan bebas sareng parsetujuan sa-ongguna dhari kadhuwa calon mantan.</para>
      </listitem>
      <listitem>
	<para>Kaluarga, enggi paneka satuan alamiah fundamental dhalem masyarakat, agadhuwi hak enaonge masyarakat ban nagara.</para>
      </listitem>
    </orderedlist>
  </article>
  <article number="17">
    <title>PASAL 17</title>
    <orderedlist>
      <listitem>
	<para>Sabban oreng agadhuwi hak gadhuan harta sae bi'dibi' otaba sareng oreng laen.</para>
      </listitem>
      <listitem>
	<para>Tadha' oreng se olle erampas hartaepon secara sawenang-wenang.</para>
      </listitem>
    </orderedlist>
  </article>
  <article number="18">
    <title>PASAL 18</title>
    <para>Sabban oreng agadhuwi hak kabebasan pamekkeran, nurani ban agama, dhalem hak gapaneka masok kabebasan agante agamana otaba keyakenna, sareng kabebasan alakone agamana otaba kayakenna bi'dibi'an otaba a reng-sareng oreng laen secara omom bi'dibi' kaangguy anyata'agi agamana otaba kayakenna sae dhalem ngajari, alakone ibadah secara khusu'.</para>
  </article>
  <article number="19">
    <title>PASAL 19</title>
    <para>Sabban oreng agadhuwi hak kabebasan gaduwan ban ngocapagi pamanggi, dhalem hak gapaneka kamasok kabebasan gaduwan pamanggi se ta' kengeng eganggu, ban nyare, narema sareng ngabaragi katerangan ban pamanggi alebet media ponapa bisaos ban tadha' batessepon.</para>
  </article>
  <article number="20">
    <title>PASAL 20</title>
    <orderedlist>
      <listitem>
	<para>Sabban oreng agadhuwi labebasan a pol-kompol ban a sarekat se aman.</para>
      </listitem>
      <listitem>
	<para>Tadha' oreng se kengeng epaksa masok sala settong parkompolan.</para>
      </listitem>
    </orderedlist>
  </article>
  <article number="21">
    <title>PASAL 21</title>
    <orderedlist>
      <listitem>
	<para>Sabban oreng agadhuwi hak norok dhalem pamarentahan negarana secara langsung otaba lebat bekkel se epele secara bebas.</para>
      </listitem>
      <listitem>
	<para>Sabban oreng agadhuwi hak kasempatan se dha-padha kaangguy e angka' dhalem jabatan pamarentahan nagara.</para>
      </listitem>
      <listitem>
	<para>Kareppa rakyat moste daddi dasar kekuasaan pamarentah, karep gapaneka moste enyatagi dhalem pamelehan omom se epabadha sabban settong bekto, murni, omom ban sadrajat, rahasia otaba cara laen se ejamin melena bebas.</para>
      </listitem>
    </orderedlist>
  </article>
  <article number="22">
    <title>PASAL 22</title>
    <para>Sabban oreng anggota masyarakat agadhuwi hak jaminan sosial ban agadhuwi hak-hak ekonomi, sosial ban budaya se eparloagi monggu drajat ban bebas tombuna salerana lebat usaha-usaha nasional otaba bantoan internasional sabanding sareng organisasi ban somber-somber kakayaan saban nagarana.</para>
  </article>
  <article number="23">
    <title>PASAL 23</title>
    <orderedlist>
      <listitem>
	<para>Sabban oreng agadhuwi hak dha' kalakoan, dha' pelean bebas kalakoan gapaneka, agadhuwi hak dha' kabadhaan se sae lako paneka ban enaonge dhari pengangguran.</para>
      </listitem>
      <listitem>
	<para>Sabban oreng, agadhuwi hak opa se padha kaangguy kalakoan se padha.</para>
      </listitem>
      <listitem>
	<para>Sabban oreng se alako agadhuwi hak dha' penghaselan se adil ban cokop se a jamin dha' salerana ban kaluargana kabadhaan se sae kaangguy drajatepon manossa, ban etambah saparlona cara-cara laen naongan sosial.</para>
      </listitem>
      <listitem>
	<para>Sabban oreng agadhuwi hak agabay sareng daddi anggota sarekat pekerja monggu a naonge kabotuanna.</para>
      </listitem>
    </orderedlist>
  </article>
  <article number="24">
    <title>PASAL 24</title>
    <para>Sabban oreng agaduwi hak istirahat ban prei, tamasok batessa jam-jam alako, klaban are-are prei se opana tetep ebajar.</para>
  </article>
  <article number="25">
    <title>PASAL 25</title>
    <orderedlist>
      <listitem>
	<para>Sabban oreng agadhuwi hak patokan odhi' se cokop kaangguy kasehatan ban kasejahteraan salerana ban kaluargana, tamasok dha'ar, busana, compok ban pelayanan kasehatan ban sosial se ekaparlo; sareng hak dha' jaminan manabi nganggur ta' alako, sake, cacat, daddi randa, omor seppo otaba kabadhaan laen se daddi lantaran korangga pangaselan eloar kobessana.</para>
      </listitem>
      <listitem>
	<para>Ebu ban nak-kanak agadhuwi hak kengeng pelayanan ban bantoan istimewa. Kabinna anak sae se ebabaragi e dhalem otaba e loar nikah moste kengeng naongan sosial se dha-padha.</para>
      </listitem>
    </orderedlist>
  </article>
  <article number="26">
    <title>PASAL 26</title>
    <orderedlist>
      <listitem>
	<para>Sabban oreng agadhuwi hak olle pandhidhigan. Pandhidhigan moste bebas bea, paleng sakonek kaangguy tingkat sekolah rendah ban pandhidhigan dasar. Pandhidhigan rendah moste wajib. Pandhidhigan teknik ban profesi moste tabuka' kaangguy kabbina oreng, pandhidhigan tenggi moste bisa emasoki kabbina oreng ngangguy cara se dha-padha ban edasari cara se patot.</para>
      </listitem>
      <listitem>
	<para>Pandhidhigan sopaja apanojju dha' pamekaran kapribadian manossa ban makoat rasa hormat dha' hak-hak manossa ban kabebasan fundamental (dasar). Pandhidhigan moste mamaju saleng pamahaman, toleransi ban kakancaan antara bangsa-bangsa, ras otaba klompok-klompok agama, sareng materos kalakoan Parsarekatan Bangsa-bangsa dhalem ajaga pardamaian.</para>
      </listitem>
      <listitem>
	<para>Oreng seppo agadhuwi hak paleng otama mele macemma pandhidhigan se badhi eparengagi dha' tra-pottrrana.</para>
      </listitem>
    </orderedlist>
  </article>
  <article number="27">
    <title>PASAL 27</title>
    <orderedlist>
      <listitem>
	<para>Sabban oreng agadhuwi hak bebas partisipasi dhalem kegiatan budaya masyarakat, anekmati seni ban ngereng dhalem kamajuan ban anekmati manfaat elmo pengetahuan.</para>
      </listitem>
      <listitem>
	<para>Sabban oreng agaduwi hak enaongi kaontongan baten ban lahiriah se e aselagi dhari produksi elmo, sastra otaba seni se e anggit salerana.</para>
      </listitem>
    </orderedlist>
  </article>
  <article number="28">
    <title>PASAL 28</title>
    <para>Sabban oreng agadhuwi hak dha' tatanan sosial ban internasional, se hak-hak ban kabebasan-kabebasan ekasebut dhalem Parnyataan paneka kengeng elakone sadajana.</para>
  </article>
  <article number="29">
    <title>PASAL 29</title>
    <orderedlist>
      <listitem>
	<para>Sabban oreng agadhuwi kewajiban-kewajiban dha' masyarakat settong kenengan e ka'dimma salerena bisa bebas mamekar pribadhina dibhi'.</para>
      </listitem>
      <listitem>
	<para>Dhalem alakone hak-hak ban kabebasan-kabebasan, sabban oreng moste norot coma dha' batesan-batesan se etetepagi undang-undang, sareng tojjuan kaangguy pengakoan ban hormat dha' hak-hak klaban kabebasan-kabebasan oreng laen, sareng kaangguy a lastereagi syarat-syarat se adil dhalem hak kasusilaan, katertiban ban kasejahteraan omom dhalem masyarakat se demokratis.</para>
      </listitem>
      <listitem>
	<para>Hak-hak ban kabebasan-kabebasan gapaneka, ngangguy cara ponapa bisaos, sama sakale ta' kengeng elakone a laban tojjuan ban dasar-dasar pamekkeran Parsarekatan Bangsa-Bangsa.</para>
      </listitem>
    </orderedlist>
  </article>
  <article number="30">
    <title>PASAL 30</title>
    <para>Tadha hal dhari dhalem Parnyataan paneka kengeng etafsiragi a beri' sala settong nagara, kelompok otaba sala settong oreng, hak kaangguy e dhalem kalakoan ponapa bisaos, otaba alakone settong kalakoan se gadhuan tojjuan marosak hak-hak ban kabebasan-kabebasan se ka'dimma bisaos kasebut dhalem Parnyataan paneka.</para>
  </article>
</udhr>
