<?xml version="1.0" encoding="UTF-8"?>

<!--© The Office of the High Commisioner for Human Rights-->

<udhr lang="bul" language="Bulgarian" xmlns="http://www.unhchr.ch/udhr">
   <title>ВСЕОБЩА ДЕКЛАРАЦИЯ ЗА ПРАВАТА НА ЧОВЕКА</title>
   <preamble>
      <title>ПРЕАМБЮЛ</title>
      <para>Като взе предвид, че признаването на достойнството, присъщо на всички членове на човешкия род, на техните равни и неотменими права представлява основа на свободата, справедливостта и мира в света,</para>
      <para>Като взе предвид, че пренебрегването и неуважаването на правата на човека доведоха до варварски деяния, които потресоха съвестта на човечеството, и че създаването на един свят, в който хората ще се радват на свобода на словото и убежденията си и ще бъдат свободни от страх и лишения бе провъзгласено за най‐съкровения стремеж на човека,</para>
      <para>Като взе предвид, че е необходимо правата на човека да бъдат закриляни от закона така, че човек да не бъде принуждаван да прибягва към бунт срещу тиранията и потисничеството, като последен изход,</para>
      <para>Като взе предвид, че е необходимо да се нацърчава развитието на приятелски отношения между народите,</para>
      <para>Като взе предвид, че народите на Обединените нации потвърдиха в Устава своята вяра в основните права на човека, в достойнството и стойността на човешката личност, в равноправието на мъжете и жените, и обявиха своята решимост да насърчават обществения напредък и по‐добро жизнено равнище при по‐голяма свобода,</para>
      <para>Като взе предвид, че държавите‐членки се задължиха да постигнат в сътрудничество с Организацията на Обединените нации, всеобщо уважение и зачитане на правата на човека и неговите основни свободи,</para>
      <para>Като взе предвид, че общото разбиране на тези права и свободи е от най‐голямо значение за пълното осъществяване на този обет,</para>
      <para>ОБЩОТО СЪБРАНИЕ</para>
      <para>провъзгласява тази Всеобща декларация за правата на човека като обща мярка, към постигането на която трябва да се стремят всички народи и държави, така че всеки човек и всеки орган на обществото, имайки постоянно предвид тази Декларация, да се стремят, чрез просвета и образование, да съдействат за зачитане на тези права и свободи и чрез последователни национални и международни мерки да осигурят тяхното всеобщо и ефективно признаване и спазване, както сред народите и държавите‐членки на Организацията, така и сред народите от териториите, намиращи се под тяхна юрисдикция.</para>
   </preamble>
   <article number="1">
      <title>Член 1</title>
      <para>Всички хора се раждат свободни и равни по достойнство и права. Те са надарени с разум и съвест и следва да се отнасят помежду си в дух на братство.</para>
   </article>
   <article number="2">
      <title>Член 2</title>
      <para>Всеки човек има право на всички права и свободи, провъзгласени в тази Декларация, без никакви различия, основани на раса, цвят на кожата, пол, език, религия, политически или други възгледи, национален или социален произход, материално, обществено или друго положение.</para>
      <para>Освен това, няма да се допускат никакви различия, основани на политическия, прания или международния статут на държавата или територията, към която човек принадлежи, без оглед на това, дали тази страна или територия е независима, под попечителство, несамоуправляваща се или подложена на каквото и да е друго ограничение на суверенитета.</para>
   </article>
   <article number="3">
      <title>Член 3</title>
      <para>Всеки има право на живот, свобода и лична сигурност.</para>
   </article>
   <article number="4">
      <title>Член 4</title>
      <para>Никой не трябва да бъде държан в робство или крепостничество: робството и търговията с роби са забранени във всичките им форми.</para>
   </article>
   <article number="5">
      <title>Член 5</title>
      <para>Никой не трябва да бъде подлаган на изтезания или на жестоко, нечовешко или унизително третиране или наказание.</para>
   </article>
   <article number="6">
      <title>Член 6</title>
      <para>Всеки човек, където и да се намира, има право на признаване на неговата правосубектност.</para>
   </article>
   <article number="7">
      <title>Член 7</title>
      <para>Всички хора са равни пред закона и имат право, без каквато и да е дискриминация, на еднаква закрила от закона. Всички хора имат право на еднаква защита срещу каквато и да е дискриминация, нарушаваща тази Декларация, както и срещу всяко подбуждане към дискриминация.</para>
   </article>
   <article number="8">
      <title>Член 8</title>
      <para>Всеки човек има право на ефективно въстановяване на правата си от компетентните национални юрисдикции за действия, нарушаващи негови основни права, признати му от конституцията или закона.</para>
   </article>
   <article number="9">
      <title>Член 9</title>
      <para>Никой не трябва да бъде подлаган на произволен арест, задържане или изгнание.</para>
   </article>
   <article number="10">
      <title>Член 10</title>
      <para>Всеки човек има право, при пълно равенство, на справедливо и публично разглеждане на неговото дело, от независим и безпристрастен съд, за установяване на неговите права и задължения, както и за разглеждане на каквото и да е наказателно обвинение, предявено срещу него.</para>
   </article>
   <article number="11">
      <title>Член 11</title>
      <orderedlist>
         <listitem>
            <para>Всеки човек, който е обвинен в престъпление, има право да бъде считан за невинен до доказване на неговата вина, в съответствие със закона, в публичен процес, по време на който са му били осигурени всички необходими гаранции за неговата защита.</para>
         </listitem>
         <listitem>
            <para>Никой не трябва да бъде осъден за действие или бездействие, което в момента на извършването му не е съставлявало престъпление по националното или международното право. Не може, също така, да бъде налагано наказание по‐тежко от онова, което е било предвидено за съответното престъпление по времето, когато това престъпление е било извършено.</para>
         </listitem>
      </orderedlist>
   </article>
   <article number="12">
      <title>Член 12</title>
      <para>Никой не трябва де бъде подлаган на произволна намеса в личния му живот, семейството, жилището и кореспонденцията, нито на посегателства върху неговата чест и добро име. Всеки човек има право на закрила от закона срещу подобна намеса или посегателства.</para>
   </article>
   <article number="13">
      <title>Член 13</title>
      <orderedlist>
         <listitem>
            <para>Всеки човек има право свободно да се придвижва и да избира своето местожителство в пределите на всяка държава.</para>
         </listitem>
         <listitem>
            <para>Всеки човек има право да папусне всяка страна, включително и своята, и да се връща в страната си.</para>
         </listitem>
      </orderedlist>
   </article>
   <article number="14">
      <title>Член 14</title>
      <orderedlist>
         <listitem>
            <para>Всеки човек има право да търси и да получи убежище в други страни, когато е преследван.</para>
         </listitem>
         <listitem>
            <para>Това право не може да бъде ползвано, когато действителното основание за преследване е неполитическо престъпление или деяние, което противоречи на целите и принципите на Организацията на Обединените нации.</para>
         </listitem>
      </orderedlist>
   </article>
   <article number="15">
      <title>Член 15</title>
      <orderedlist>
         <listitem>
            <para>Всеки човек има право на гражданство.</para>
         </listitem>
         <listitem>
            <para>Никой не може да бъде произволно лишен от своето гражданство, нито да му бъде отказано правото да смени гражданството си.</para>
         </listitem>
      </orderedlist>
   </article>
   <article number="16">
      <title>Член 16</title>
      <orderedlist>
         <listitem>
            <para>Мъжете и жените, навършили пълнолетие, без каквито и да са ограничения, основани на раса, националност или религия, имат право да сключат брак и да образуват семейство. Те се ползуват с равни права при сключване на брака, по време на брака и при неговото разтрогване.</para>
         </listitem>
         <listitem>
            <para>Бъракът трябва да се сключва само с доброволното и пълно съглацие на бъдещите съпрузи.</para>
         </listitem>
         <listitem>
            <para>Семейството е естествена и основна клетка на обществото и има право на закрила от обществото и от държавата.</para>
         </listitem>
      </orderedlist>
   </article>
   <article number="17">
      <title>Член 17</title>
      <orderedlist>
         <listitem>
            <para>Всеки човек има право на собственост, индивидуално или съвместно с други лица.</para>
         </listitem>
         <listitem>
            <para>Никой не трябва да бъде произволно лишен от своята собственост.</para>
         </listitem>
      </orderedlist>
   </article>
   <article number="18">
      <title>Член 18</title>
      <para>Всеки човек има право на свобода на мисълта, съвестта и религията; това право включва правото да смени религията или убежденията си, както и свободата да изповядва религията или убежденията си, индивидуално или колективно, публично или частно, чрез обучение, обреди, богослужение и ритуали.</para>
   </article>
   <article number="19">
      <title>Член 19</title>
      <para>Всеки човек има право на свобода на убеждение и на изразяването му; тази свобода включва правото безпрепятствено да се придържа към своите убеждения, както и правото да търси, да получава и да разпространява информация и идеи чрез всички средства и без оглед на държавните граници.</para>
   </article>
   <article number="20">
      <title>Член 20</title>
      <orderedlist>
         <listitem>
            <para>Всеки човек има право на свобода на мирни събрания и сдружения.</para>
         </listitem>
         <listitem>
            <para>Никой не трябва да бъде принуждаван да участва в дадено сдружение.</para>
         </listitem>
      </orderedlist>
   </article>
   <article number="21">
      <title>Член 21</title>
      <orderedlist>
         <listitem>
            <para>Всеки човек има право да участва в управлението на своята държава пряко или чрез свободно избрани представители.</para>
         </listitem>
         <listitem>
            <para>Всеки човек има право на достъп, при равни условия, до обществените и държавни служби на своята страна.</para>
         </listitem>
         <listitem>
            <para>Волята на народа трябва да бъде основата на властта на правителството. Тази воля трябва да се изразява чрез периодични и действителни избори, при всеобщо, равно и тайно гласуване или чрез равностойна процедура, осигуряваща свобода на гласуването.</para>
         </listitem>
      </orderedlist>
   </article>
   <article number="22">
      <title>Член 22</title>
      <para>Всеки човек, като член на обществото, има право на социална сигурност и на осъществяване – чрез национални усилия и международно сътрудничество и в съответствие с устройството и ресурсите на съответната държава – на икономическите, социалните и културни права, необходими за неговото достойнство и за свободното развитие на неговата личност.</para>
   </article>
   <article number="23">
      <title>Член 23</title>
      <orderedlist>
         <listitem>
            <para>Всеки човек има право на труд, на свободен избор на работа, на справедливи и благоприятни условия на труда, както и на закрила срещу безработица.</para>
         </listitem>
         <listitem>
            <para>Всеки човек, без каквато и да е дискриминация, има право на равно възнаграждение за равен труд.</para>
         </listitem>
         <listitem>
            <para>Всеки човек, който се труди, има право на справедливо и задоволително възнаграждение, което да осигури на него и неговото семейство съществувание, съответствуващо на човешкото достойнство и допълнено, ако това е необходимо, с други средства за соцална защита.</para>
         </listitem>
         <listitem>
            <para>Всеки човек има право да учредява и да членува в професионални съюзи за защита на своите интереси.</para>
         </listitem>
      </orderedlist>
   </article>
   <article number="24">
      <title>Член 24</title>
      <para>Всеки човек има право на почивка и отдих, включително на разумно ограничаване на работното време и на периодичен платен отпуск.</para>
   </article>
   <article number="25">
      <title>Член 25</title>
      <orderedlist>
         <listitem>
            <para>Всеки човек има право на жизнено равнище, включително прехрана, облекло, жилище, медицинско обслужване и необходимите социални грижи, което е необходимо за поддържане на неговото и на семейството му здраве и благосъстояние. Той има право на осигуряване в случай на безработица, болест, инвалидност, овдовяване, старост или други случаи на лишаване от средства за съществуване по независещи от него причини.</para>
         </listitem>
         <listitem>
            <para>Майките и децата се ползват с особени грижи и подпомагане. Всички деца, родени в брака или извън брака, се ползуват с еднаква социална защита.</para>
         </listitem>
      </orderedlist>
   </article>
   <article number="26">
      <title>Член 26</title>
      <orderedlist>
         <listitem>
            <para>Всеки човек има право на образование. Образованието трябва да бъде безплатно, поне що се отнася до началното и основното образование. Началното образование трябва да бъде задължително. Техническото и професионалното образование трябва да бъдат общодостъпни, а висшето образование трябва да бъде еднакво достъпно за всички на основата на техните способности.</para>
         </listitem>
         <listitem>
            <para>Образованието трябва да бъде насочено към цялостно развитие на човешката личност и засилване на уважението към правата на човека и основните свободи. То трябва да съдейства за разбирателството, тъпримостта и приятелството между всички народи, расови или религиозни групи, както и за осъществяване дейността на Организацията на Обединените нации за поддържане на мира.</para>
         </listitem>
         <listitem>
            <para>Родителите имат право, с приоритет, да избират вида образование, което да получат техните деца.</para>
         </listitem>
      </orderedlist>
   </article>
   <article number="27">
      <title>Член 27</title>
      <orderedlist>
         <listitem>
            <para>Всеки човек има право свободно да участва в културния живот на обществото, да се наслаждава на изкуствата, да участва в научния напредък и да се ползва от неговите достижения.</para>
         </listitem>
         <listitem>
            <para>Всеки човек има право на закрила на моралните и материалните си интереси, които са резултат от каквото и да е научно, литературно или художествено произведение, на което той е автор.</para>
         </listitem>
      </orderedlist>
   </article>
   <article number="28">
      <title>Член 28</title>
      <para>Всеки човек има право на социален и международен ред, при който правата и свободите, провъзгласени в тази декларация, могат да бъдат напълно осъществени.</para>
   </article>
   <article number="29">
      <title>Член 29</title>
      <orderedlist>
         <listitem>
            <para>Всеки човек има задължения към обществото, в което единствено е възможно свободното и цялостно развитие на неговата личност.</para>
         </listitem>
         <listitem>
            <para>Всеки човек, при упражняването на своите права и свободи, е подчинен само на такива ограничения, установени със закон, изключително с цел да се осигури необходимото признаване и зачитане правата и свободите на другите и за удовлетворяване на справедливите изисквания на морала, обществения ред и общото благоденствие в едно демократично общество.</para>
         </listitem>
         <listitem>
            <para>Тези права и свободи при никакви обстоятелства не могат да бъдат упражнявани в противоречие с целите и принципите на Организацията на Обединените нации.</para>
         </listitem>
      </orderedlist>
   </article>
   <article number="30">
      <title>Член 30</title>
      <para>Нищо в тази Декларация не може да бъде тълкувано като предоставящо право на дадена държава, група или лице да се занимават с каквато и да е дейност или да извършват действия, насочени към унищожаване на правата и свободите, провъзгласени в нея.</para>
   </article>
</udhr>