<?xml version="1.0" encoding="UTF-8"?>

<!--© The Office of the High Commissioner for Human Rights-->

<udhr lang="urd" language="Urdu" xmlns="http://www.unhchr.ch/udhr">
   <title>[??]</title>
   <article number="1">
      <title>[??]</title>
<para>تمام انسان آزاد اور حقوق و عزت کے اعتبار سے برابر پیدا ہوۓ ہیں۔ انہیں ضمیر اور عقل ودیعت ہوئی ہے۔ اسلیۓ انہیں ایک دوسرے کے ساتھ بھائی چارے کا سلوک کرنا چاہیۓ۔</para>
</article>
</udhr>
