﻿<?xml version="1.0" encoding="UTF-8"?>

<!--© The Office of the High Commisioner for Human Rights-->

<udhr lang="011" language="(Umbundo)" xmlns="http://www.unhchr.ch/udhr">
  <title>Ohuminyo Yoluali Yoku Tata Ovimuenyo Viomanu</title>

  <note>
    <para>OHONDO YOLOPAPELO VIU VANGI WOMANU</para>
    <para>KUENDA YOKU SOKISA OVIHANDELEKO</para>
    <para>Yataviwa kuenda ya tumbikiwa Lonjango Yinene kesokiyo lio ( 217 A III )</para>
    <para>vita vivali kekui lepanduvali, kete liekui (10) kosay&#x00EE; ya Dezembro kulima wa 1948 - ohulukay&#x00EE; kovita ecea kakui akual&#x00E3; lecel&#x00E3;l&#x00E3;.</para>
  </note>

  <preamble>
    <title>Ulandu</title>
    <para>Unu womanu loku sumbila omuenyo wapata omanu vosi kilu lieve, olio esil&#x00E3; liovihandeleko li nena eyovo, esunga kuenda ombembua voluali</para>
    <para>Ekambo liu kulihiso kuenda oku pembula ovihandeleko vitata omuenyo womanu ku tuala omanu ko kulinga uv&#x00EE; kuenje uv&#x00EE; waco wa nena onye&#x00F1;o vovitima viomanu vosi, yu va sanga ocisimilo calonga cokuti omunu lomunu okuete omoko lutoyi woku tava pamue okupatal&#x00E3; eci cosi ayongola pamue kayongola kuenda ka kuata usumba woku talisua ohali.</para>
    <para>Okutata omuenyo womanu oco cavelapo , kuenje ciwa nda ocihandeleko caco ci kolisua luvangi oco okuti lomue kaka yonjiwe oku fetuluinya ukuavo uvi olingile.</para>
    <para>Ca sesamela okuti pokati kolofeka viosi pa kala ocisola lukamba.</para>
    <para>Ekolel&#x00F5; liomanu vosi va tiamela ko Hongele Yolofeka ( Na&#x00E7;&#x00F5;es Unidas ) lia kapiwa kovihandeleko vikola vioku tata omuenyo womanu, yu vaci pitulula vali vukanda owu okuti, esumbilo kuenda unene womunu vi tunda koku kapa omanu vosi pomangu yimosi- okuti vosi vasoka kunene - nda ulume nda ukay&#x00EE; kuenda loku vah&#x00E3; cimosi civa kuatisa okuama kovaso loku kuata eyovo liocili.</para>
    <para>Olofeka viosi vi tiamel&#x00E3; ko Hongele Yolofeka ( Na&#x00E7;&#x00F5;es Unidas ) kuenda ombonge yavo, vali kunda okuti esumbilo voluali kuenda esumbilo lomuenyo womanu te viamoleha kovilinga, oco eyovo liocili.</para>
    <para>Kovisila evi vioku tata omuenyo womanu oko ku tunda eyovo liocili kuenda esanju lia suapo liomanu.</para>
    <para>Onjango Yinene</para>
    <para>Ohuminyo eyi yoku tata omuenyo womanu, voluali luosi oko kocimaho oluali lua sesamela oku lo&#x00F1;a, apata osi , olofeka viosi, oco okuti omanu vosi kuenda olombonge viosi violohongele viomanu vavi kapa vovitima viavo kuenje ohuminyo yaco yendelela kuvosi okuti okulisumbila pokati oco eyovo lienda kovaso, nda pokati komanu vakuafeka yimosi nda pokati kolofeka vioposamua vatiamela vo Hongele yolofeka va tava ovihandeleko evi.</para>
  </preamble>

  <article number="1">
    <title>ONDAKA YA 1</title>
    <para>Omanu vosi kilu lieve va citiwa lonjila yimosi leyovo limosi, lomoko yimosi kuenda unu umosi, kuenje momo vosi va kuete olondunge, va sesamela okulisumbila pokati ndavamanji.</para>
  </article>
  <article number="2">
    <title>ONDAKA YA 2</title>
    <para>Citava okuti omanu va to&#x00F1;omala oku tukola loku kisika ocihandeleko ca sonehiwa vo Huminyo eyi, nda ocindele nda otekava, nda ulume nda ukay&#x00EE;, nda ukuelimi li&#x00EA; nda li&#x00EA;, nda ukuetavo nda hukuetavoko, nda ukuosoma w&#x00EA; nda w&#x00EA;, nda ukuafeka ye nda ye, nda ohuasi nda ohukui pamue cimue cikuavo.</para>
    <para>Kovaso yovihandeleko evi kakuli vali lacimue cikuavo, nda citumiwa lusoma wofeka nda lusoma wolonganji, nda wovofeka nda woposamua.</para>
  </article>
  <article number="3">
    <title>ONDAKA YA 3</title>
    <para>Omunu wosi okuete omoko yoku kuata omuenyo wahe, yoku lisanja vofeka kuenda yoku hindingila.</para>
  </article>
  <article number="4">
    <title>ONDAKA YA 4</title>
    <para>Lomue okala kupika, lomue okapa ukuavo kupika. Upika wa lemeliwa.</para>
  </article>
  <article number="5">
    <title>ONDAKA YA 5</title>
    <para>Lomue okangisua pamue oku yikiwa vokayike kohali olivova.</para>
  </article>
  <article number="6">
    <title>ONDAKA YE 6</title>
    <para>Apa posi omunu akasi wa sesamela oku kulihiwa lombonge.</para>
  </article>
  <article number="7">
    <title>ONDAKA YE 7</title>
    <para>Kovihandeleko omanu vosi valisoka kuenje vosi te vatatiwa lovihandeleko vimosi. Lomue ha katepise; nda umue otepisiwa a ivaluise ohuminyo eyi.</para>
  </article>
  <article number="8">
    <title>ONDAKA YE 8</title>
    <para>Omunu wa lueya lahevo okuete omoko yoku pinga ekkuatiso kolonganji vio feka vana va kuliha ovihandeleko vioku tata omuenyo womanu, nda vokuafeka, nda vakualofeka vio posamua.</para>
  </article>
  <article number="9">
    <title>ONDAKA YE 9</title>
    <para>Lomue okutiwa &#x00F1;o olivova, loku yikiwa pamue oku tundisiwa vofeka yahe.</para>
  </article>
  <article number="10">
    <title>ONDAKA YE 10</title>
    <para>Omunu wosi okuete omoko yoku sombisiwa lesunga lolonganji, okuti kapa kala olonepele kuenda osombisiwa kombonge yolonganji kavi tiamela kusoma laumue, kuenje va sisa ciwa eko liaco.</para>
  </article>
  <article number="11">
    <title>ONDAKA YE 11</title>
    <orderedlist>
      <listitem>
        <para>Omunu wosi va tukuila eko limue, kacitava oku ukapa eko liaco toke eci ku kala uvangi wokuti ocili wa lueya. Pole nda&#x00F1;o vosanga leko lopo okuete omoko yoku kuata onganji yukuatisa.</para>
      </listitem>
      <listitem>
        <para>Lomue olinga ocikonde mekonda lieko lia lingiwa konyima yoloneke eci okuti eko liaco halia kolele ndeci ca sonehiwa vovihandaleko violonganji, nda vio feka nda violo feka vioposamua. Kuenje te okangisiwa ndeci casoka ca tumila ocihandeleko caco eci alinga eko liaco.</para>
      </listitem>
    </orderedlist>
  </article>
  <article number="12">
    <title>ONDAKA YE 12</title>
    <para>Lomue okangisiwa olivova mekonda liomuenyo wahe, pamue wepata konjo yahe. Lomue okuete omoko yuku yulula ukanda ukuavo oku vanjiliya evi vikasimo ha hakutisa osoy&#x00EE; ukuavo. Omunu wosi wa kuata ovitangi evi okuete omoko yoku ivaluisa olonganji ocihandeleko eci.</para>
  </article>
  <article number="13">
    <title>ONDAKA YE 13</title>
    <orderedlist>
      <listitem>
        <para>Omunu eye omunu okuete omoko yoku nol&#x00E3; apa a yongola oku kala vofeka.</para>
      </listitem>
      <listitem>
        <para>Omunu eye omunu okuete omoko yoku tunda vofeka omo akasi, nda&#x00F1;o ofeka yahe, kuenda okuetevomoko yoku tiuka vofeka yahe.</para>
      </listitem>
    </orderedlist>
  </article>
  <article number="14">
    <title>ONDAKA YE 14</title>
    <orderedlist>
      <listitem>
        <para>Omunu wosi okuayiwi lolombiali okuete omoko yoku pinga kolombiali violofeka vikuavo oco vo okuatise okusalamamo.</para>
      </listitem>
      <listitem>
        <para>Omoko yoku pinga kolofeka vikuavo oku salama, yi tava lika komanu ava vakuayiwi lolombaiali, havavako ovingumba, pamue olomondi pamue uv&#x00EE; ukuavo.</para>
      </listitem>
    </orderedlist>
  </article>
  <article number="15">
    <title>ONDAKA YE 15</title>
    <orderedlist>
      <listitem>
        <para>Omunu eye omunu okuete omoko yoku tiamela kofeka acitiwa.</para>
      </listitem>
      <listitem>
        <para>Lomue omunu otela okupa ukuavo omoko yoku tiamela kofeka acitiwa pamue omoko yoku pongolokela kofeka yikuavo</para>
      </listitem>
    </orderedlist>
  </article>
  <article number="16">
    <title>ONDAKA YE 16</title>
    <orderedlist>
      <listitem>
        <para>Eci omunu atelisa anyamo oku kuata epata, nda ulume nda ukay&#x00EE; okuete omoko yoku kuata epata liahe, nda okuela u oyela nda yu otekava, nda ukuetavo lie nda lie, ka katatekiwe.</para>
      </listitem>
      <listitem>
        <para>Uvala ulingiwe pokati komanu vavali valitava, okuti ulume lukay&#x00EE;.</para>
      </listitem>
      <listitem>
        <para>Epata olio ocihandeleko cavelapo kuenda ocisila coluali, cisukiliwa pokati kolohongele viomanu, yu epata lia sesamela okutatiwa lolombiali viofeka.</para>
      </listitem>
    </orderedlist>
  </article>
  <article number="17">
    <title>ONDAKA YE 17</title>
    <orderedlist>
      <listitem>
        <para>Omunu eye omunu pamue ocisoko comanu va kuete omoko yoku kuata cahe muele pamue cavomuele.</para>
      </listitem>
      <listitem>
        <para>Lomue okuete omoko yoku nyeha cimue cukuavo.</para>
      </listitem>
    </orderedlist>
  </article>
  <article number="18">
    <title>ONDAKA YE 18</title>
    <para>Omunu eye omunu walisanja oku sima eci apanga ndeci etavo; okuete omoko yoku kala ketavo ayongola kuenda omoko yaco yu wiha evelo lioku pongolokela ketavo likuavo pamue oku lekisa kuvakuavo etavo liahe, nda lika wahe nda ocisoko comanu, nda posamua nda pulika.</para>
  </article>
  <article number="19">
    <title>ONDAKA YE 19</title>
    <para>Omunu eye omunu okuete omoko yoku yo kueca ovisimilo viahe, lokuvi vangula kuenda lomue u usakalasa mekonda liaco, kuenda citava okusandula ovisimilo viahe vofeka pamue posamua, vovingungu viosi vioku popela.</para>
  </article>
  <article number="20">
    <title>ONDAKA YA 20</title>
    <orderedlist>
      <listitem>
        <para>Omunu eye omunu okuete omoko yoku likongela lava kuavo kuenda oku tunga ohongele cinene &#x00F1;o nda ohongele yaco yombembua.</para>
      </listitem>
      <listitem>
        <para>Lomue kaka kisikiwe oku likongela kohongele eyi kayongola.</para>
      </listitem>
    </orderedlist>
  </article>
  <article number="21">
    <title>ONDAKA YA 21</title>
    <orderedlist>
      <listitem>
        <para>Omunu eye omunu okuete omoko yoku songola ovopange osi ofeka yahe.</para>
      </listitem>
      <listitem>
        <para></para>
      </listitem>
      <listitem>
        <para>Omunu eye omunu okuete omoko yokui&#x00F1;ila pomangu yupange wofeka yahe , kapaka kala olonepele.</para>
      </listitem>
      <listitem>
        <para>Onjongole yomanu oyo ongusu yusoma wofeka; kuenje casesamela okunola asongui locela cilingiwa lesunga kuenda ocilli. Ocela caco cikuame ocihandeleko coluali, okuti ha lolonepeleko kuenda omunu lomunu osoneha onduko asima poka&#x00F1;unu&#x00F1;unu.</para>
      </listitem>
    </orderedlist>
  </article>
  <article number="22">
    <title>ONDAKA YA 22</title>
    <para>Omunu eye omunu wa sesamela oku tatiwa lombonge yitukuiwa "Seguran&#x00E7;a Social" yofeka a tiamela, kuenda citava oku kisika ombonge yaco ekuatiso nda lio tupalata, nda elongiso kuenda tu panduila olombonge vio feka kuenda olombonge vioposamua ekuatiso vasole okueca.</para>
  </article>
  <article number="23">
    <title>ONDAKA YA 23</title>
    <orderedlist>
      <listitem>
        <para>Omunu wosi okeute omoko yoku kuata upange, yoku nol&#x00E3; upange u usanjuisa loku umuisa eci ayongola kuenda omunu wosi ovindikiyiwa kocitangi cekambo liupange.</para>
      </listitem>
      <listitem>
        <para>Vosi omanu vakuete omoko yoku fetiwa cimosi nda va talavaya upange umosi.</para>
      </listitem>
      <listitem>
        <para></para>
      </listitem>
      <listitem>
        <para>Wosi omunu otalavaya okuete omoko yoku fetiwa lesunga okuti cusanjuisa oco cu ukuatisa okutata epata liahe lunu, nda citito ombonge yi vokiyeko.</para>
      </listitem>
      <listitem>
        <para>Omunu wosi okuete omoko yokusovola ombonge, kumosi lavakuavo, yoku vetatela olonjongole violondinga upange.</para>
      </listitem>
    </orderedlist>
  </article>
  <article number="24">
    <title>ONDAKA YA 24</title>
    <para>Omunu wosi okuete omoko yoku puyuka, kuenda oku talama elivala lio oneke pole otambula ofeto yahe ndu watalavaya.</para>
  </article>
  <article number="25">
    <title>ONDAKA YA 25</title>
    <orderedlist>
      <listitem>
        <para>Omunu wosi okuete omoko yoku kuata omuenyo luhiti, eye lepata liahe va kuata ekuatiso kuhayele, kokulia, kuwalo, kocitumalo, koku feta ocimbanda, pamue ekuatiso likuavo lisukiliwa kuenda osesamela oku vikuvindikiyiwa nda ka kuete upange, pamue nda koku vela, nda walinga ocilema, nda wa siala umbumba, pamue wa kuka pamue vimue vikuavo viu tateka okusanga epondolo.</para>
      </listitem>
      <listitem>
        <para>Uyali kuenda utila womala visesamela ekuatiso liocili. Omal&#x00E3; vosi, nda omal&#x00E3; vondombua nda voposamua, vosi vakuete omoko yimosi yoku tambula ekuatiso kombonge ( Seguran&#x00E7;a Social ).</para>
      </listitem>
    </orderedlist>
  </article>
  <article number="26">
    <title>ONDAKA YA 26</title>
    <orderedlist>
      <listitem>
        <para>Omunu wosi osesamela elilongiso. Elilongiso te lio cali, nda&#x00F1;o haliosiko pole alima atete ocali ana alongisa omunu oku tanga loku soneha. Onepa yaco yelilongiso eli likisikiwe komanu vosi. Elilongiso lio vipinduko lilue. Elilongiso lio losikola Vinene vatukula Univesidade liyu luiwe komanu vosi valisukila, ndeci ca sesamela omunu lomunu okuti halolonepeleko.</para>
      </listitem>
      <listitem>
        <para></para>
      </listitem>
      <listitem>
        <para>Elilongiso lia sesamela oku kuatisa omau oku waya unu womanu kuenda oku kolisa ovihandeleko vioku tata omuenyo womanu kuenda eyovo kuenda lia sesamela okueca elomboloko komanu liokuti epandi kuenda ocisola lolofeka viosi, lapata osi kuenda latavo osi kuenda okuamisako upange wosi wo Hongele Yofeka (Na&#x00E7;&#x00F5;es Unidas) oku kapa ombembua voluali.</para>
      </listitem>
      <listitem>
        <para>Olonjali ovio tete via sesamela oku kuatisa omal&#x00E3; vavo oku nol&#x00E3; elongiso liocili.</para>
      </listitem>
    </orderedlist>
  </article>
  <article number="27">
    <title>ONDAKA YA 27</title>
    <orderedlist>
      <listitem>
        <para>Omunu wosi okuete omoko kuatisa kelongiso liovituwa vio feka pocitumalo akasi, okutata umesele kuenda oku kuatisa kukulihiso wosi unena okuamisako ofeka, kuenda okutambula kapako osi upange wavosi.</para>
      </listitem>
      <listitem>
        <para>Omunu wosi okuete omoko yokuvetatela umesele wahe , nda ukulihiso nda ovisonehua, nda olomapalo eye muele asovola.</para>
      </listitem>
    </orderedlist>
  </article>
  <article number="28">
    <title>ONDAKA YA 28</title>
    <para>Omunu wosi okuete omoko yoku kisika okuti ovihandeleko via sonehiwa Vuvangi mulo vili vilingiwe nda vofeka yahe nda posamua oco eyovo liocili limolehe .</para>
  </article>
  <article number="29">
    <title>ONDAKA YA 29</title>
    <orderedlist>
      <listitem>
        <para>Omunu wosi okuete ovikele lovocisoko a atiamela, muna eye akulila, haimo opa unu wahe.</para>
      </listitem>
      <listitem>
        <para>Ko kusuisapo ovihandeleko evi loku vitelisa oko kutunda eyovo liocili, kuenda lomue otakekiwa locihandeleko ci&#x00F1;i te lika evi vikuatisa okuamisa kovaso ovihandeleko vieyovo liavakuavo oco va suisepo uhiti lutate wofeka kuenda oco usoma utukuiwa "Democracia ".</para>
      </listitem>
      <listitem>
        <para>Ovihandeleko evi vilingiwa lika oku kolisa ongusu yo Hongele Yolofeka ( Na&#x00E7;&#x00F5;es Unidas )</para>
      </listitem>
    </orderedlist>
  </article>
  <article number="30">
    <title>ONDAKA YA 30</title>
    <para>Lacimue ocihandeleko casonehiwa vu Vangi mulo cipengisiwa Lofeka kayitiamela ko Hongele pamue omunu oco anyole eyovo liomanu lia sonehiwa mulo.</para>
  </article>
</udhr>
