<?xml version="1.0" encoding="UTF-8"?>

<!--© The Office of the High Commisioner for Human Rights-->

<udhr lang="bos" language="Bosnian (Latin)" xmlns="http://www.unhchr.ch/udhr">
   <title>OPĆA DEKLARACIJA O PRAVIMA ČOVJEKA</title>
   <note>
      <para>USVOJENA U OPĆOJ SKUPŠTINI UJEDINJENIH NACIJA 10. DECEMBRA</para>
   </note>
   <preamble>
      <title>UVOD</title>
      <para>BUDUĆI da su priznavanje urođenog dostojanstva i jednakih i neotuđivih prava svih članova ljudske obitelji temelj slobode, pravde i mira u svijetu,</para>
      <para>BUDUĆI da su nepoštivanje i preziranje prava čovjeka imali za posljedicu akte, koji su grubo vrijeđali savjest čovječanstva, i budući da je stvaranje svijeta u kojem će ljudska bića uživati slobodu govora i vjerovanja i slobodu od straha i nestašice bilo proglašeno kao najviša težnja običnih ljudi,</para>
      <para>BUDUĆI da je bitno da prava čovjeka budu zastićena vladavinom prava, da čovjek ne bude primoran da kao posljednjem sredstvu pribjegne pobuni protiv tiranije i ugnjetavanja,</para>
      <para>BUDUĆI da je bitno da se unapređuje razvoj prijateljskih odnosa između naroda,</para>
      <para>BUDUĆI da su narodi Ujedinjenih nacija ponovo potvrdili u Povelji svoju vjeru u osnovna prava čovjeka, u dostojanstvo i vrijednost čovjekove osobe i u ravnopravnost muškaraca i žena i posto su odlučili da unapređuju društveni napredak i bolji životni standard u široj slobodi,</para>
      <para>BUDUĆI da su se Države Članice obavezale da, u suradnji s Ujedinjenim nacijama, postignu unapređenje općeg poštivanja čovjekovih prava i osnovnih sloboda i njihovo održavanje,</para>
      <para>BUDUĆI da je zajedničko razumijevanje tih prava i sloboda od najveće važnosti za puno ostvarenje te obaveze,</para>
      <para>GENERALNA SKUPSTINA PROGLAŠAVA</para>
      <para>OVU OPĆU DEKLARACIJU O PRAVIMA ČOVJEKA kao zajedničko mjerilo postizanja za sve narode i sve države radi toga da bi svaki organ društva, imajući Deklaraciju stalno na umu, težili da učenjem i odgojem doprinesu poštivanju ovih prava i sloboda i da bi progresivnim nacionalnim i međunarodnim mjerama osigurali njihovo opće i djelotvorno priznavanje i održavanje, kako među narodima samih Država Članica, tako i među narodima onih područja koja su pod njihovom ingerencijom.</para>
   </preamble>
   <article number="1">
      <title>Član 1.</title>
      <para>Sva ljudska bića rađaju se slobodna i jednaka u dostojanstvu i pravima. Ona su obdarena razumom i sviješću i treba da jedno prema drugome postupaju u duhu bratstva.</para>
   </article>
   <article number="2">
      <title>Član 2.</title>
      <para>Svakome su dostupna sva prava i slobode navedene u ovoj Deklaraciji bez razlike bilo koje vrste, kao sto su rasa, boja, spol, jezik, vjera, političko ili drugo mišljenje, narodonosno ili društveno porijeklo, imovina, rođenje ili drugi pravni položaj.</para>
      <para>Nadalje, ne smije se činiti bilo kakva razlika na osnovu političkog, pravnog ili međunarodnog položaja zemlje ili područja kojima neka osoba pripada, bilo da je ovo područje nezavisno, pod starateljstvom, nesamoupravno, ili da se nalazi ma pod kojim drugim ograničenjima suverenosti.</para>
   </article>
   <article number="3">
      <title>Član 3.</title>
      <para>Svako ima pravo na život, slobodu i osobnu sigurnost.</para>
   </article>
   <article number="4">
      <title>Član 4.</title>
      <para>Niko ne smije biti držan u ropstvu ili ropskom odnosu; ropstvo i trgovina robljem zabranjuje se u svim njihovim oblicima.</para>
   </article>
   <article number="5">
      <title>Član 5.</title>
      <para>Niko ne smije biti podvrgnut mučenju ili okrutnom, nečovječnom ili ponižavajućem postupku ili kažnjavanju.</para>
   </article>
   <article number="6">
      <title>Član 6.</title>
      <para>Svako ima pravo da se svagdje pred zakonom priznaje kao osoba.</para>
   </article>
   <article number="7">
      <title>Član 7.</title>
      <para>Svi su pred zakonom jednaki i imaju pravo, bez ikakve diskriminacije, na jednaku zaštitu zakona. Svi imaju pravo na jednaku zaštitu protiv bilo kakve diskriminacije kojom se krši ova Deklaracija i protiv svakog podsticanja na takvu diskriminaciju.</para>
   </article>
   <article number="8">
      <title>Član 8.</title>
      <para>Svako ima pravo na djelotvorna pravna sredstva putem nadležnih nacionalnih sudova zbog djela kojima se krše osnovna prava koja su mu dodijeljena u Ustavu ili zakonu.</para>
   </article>
   <article number="9">
      <title>Član 9.</title>
      <para>Niko ne smije biti podvrgnut samovoljnom hapšenju, zatvoru ili izgonu.</para>
   </article>
   <article number="10">
      <title>Član 10.</title>
      <para>Svako ima pravo da ga u punoj jednakosti pošteno i javno sasluša nezavisan i nepristran sud radi utvrđivanja njegovih prava i obaveza i bilo kakve krivične optužbe protiv njega.</para>
   </article>
   <article number="11">
      <title>Član 11.</title>
      <orderedlist>
         <listitem>
            <para>Svako ko je optužen za krivično djelo ima pravo da se smatra nevinim dok se na temelju zakona krivnja ne dokaže na javnom pretresu na kojem je imao sva jamstva potrebna za svoju odbranu,</para>
         </listitem>
         <listitem>
            <para>Niko se ne smije smatrati krivim za krivično djelo na temelju bilo kakvog čina ili propusta koji nisu predstavljali krivično djelo u smislu nacionalnog ili međunarodnog prava u vrijeme kada su oni bili počinjeni. Isto tako ne smije se izricati teža kazna od one koja se mogla primjeniti kada je krivično djelo počinjeno.</para>
         </listitem>
      </orderedlist>
   </article>
   <article number="12">
      <title>Član 12.</title>
      <para>Niko na smije biti izvrgnut samovoljnom miješanju u njegov privatni zivot, obitelj, dom ili prepisku, niti napadajima na njegovu čast i ugled. Svako ima pravo na zaštitu zakona protiv ovakvom miješanju ili napadu.</para>
   </article>
   <article number="13">
      <title>Član 13.</title>
      <orderedlist>
         <listitem>
            <para>Svako ima pravo na slobodu kretanja i stanovanja unutar granice svake države.</para>
         </listitem>
         <listitem>
            <para>Svako ima pravo da napusti bilo koju zemlju, uključujući svoju vlastitu i da se vrati u svoju zemlju.</para>
         </listitem>
      </orderedlist>
   </article>
   <article number="14">
      <title>Član 14.</title>
      <orderedlist>
         <listitem>
            <para>Svako ima pravo da traži i uživa u drugim zemljama utočište pred progonima.</para>
         </listitem>
         <listitem>
            <para>Na to se pravno ne može pozivati u slučaju progona koji su zaista izazvani nepolitičkim zločinima ili djelima protivnim ciljevima i načelima Ujedinjenih nacija.</para>
         </listitem>
      </orderedlist>
   </article>
   <article number="15">
      <title>Član 15.</title>
      <orderedlist>
         <listitem>
            <para>Svako ima pravo na državljanstvo.</para>
         </listitem>
         <listitem>
            <para>Niko ne smije samovoljno biti lišen svojeg državljanstva niti mu se smije odreći pravo da promijeni svoje državljanstvo.</para>
         </listitem>
      </orderedlist>
   </article>
   <article number="16">
      <title>Član 16.</title>
      <orderedlist>
         <listitem>
            <para>Punoljetni muškarci i žene bez ikakvih ograničenja u pogledu rase, državljanstva ili vjere, imaju pravo da sklope brak i da osnuju obitelj. Oni su ravnopravni prilikom sklapanja braka, za vrijeme njegova trajanja i prilikom njegova razvoda.</para>
         </listitem>
         <listitem>
            <para>Brak se sklapa samo uz slobodan i potpun pristanak onih koji namjeravaju stupiti u brak.</para>
         </listitem>
         <listitem>
            <para>Obitelj je prirodna i osnovna društvena jedinica i ima pravo na zaštitu društva i države.</para>
         </listitem>
      </orderedlist>
   </article>
   <article number="17">
      <title>Član 17.</title>
      <orderedlist>
         <listitem>
            <para>Svako ima pravo da sam posjeduje imovinu, a isto tako da je posjeduje u zajednici s drugima.</para>
         </listitem>
         <listitem>
            <para>Niko ne smije samovoljno biti lišen svoje imovine.</para>
         </listitem>
      </orderedlist>
   </article>
   <article number="18">
      <title>Član 18.</title>
      <para>Svako ima pravo na slobodu misli, savjesti i vjere; to pravo uključuje slobodu promijeniti svoju vjeru ili vjerovanje i slobodu da se, bilo pojedinačno ili u zajednici s drugima, javno ili privatno, ispoljava vjera ili vjerovanje učenjem, vršenjem, obredima i održavanjem.</para>
   </article>
   <article number="19">
      <title>Član 19.</title>
      <para>Svako ima pravo na slobodu mišljenja i izražavanja; ovo pravo uključuje slobodu mišljenja bez tuđeg mišljenja a isto tako i traženje, primanje i saopćavanje obavještenja i ideja bilo kojim sredstvima i bez obzira na granice.</para>
   </article>
   <article number="20">
      <title>Član 20.</title>
      <orderedlist>
         <listitem>
            <para>Svako ima pravo na slobodu mirnog okupljanja i udruživanja.</para>
         </listitem>
         <listitem>
            <para>Niko ne može biti primoran da pripada nekom udruženju.</para>
         </listitem>
      </orderedlist>
   </article>
   <article number="21">
      <title>Član 21.</title>
      <orderedlist>
         <listitem>
            <para>Svako ima pravo da sudjeluje u upravi svoje zemlje, neposredno ili preko slobodno izabranih predstavnika.</para>
         </listitem>
         <listitem>
            <para>Svako ima pravo na jednak pristup javnim službama u svojoj zemlji.</para>
         </listitem>
         <listitem>
            <para>Volja naroda treba da bude osnova vladine vlasti; ta volja treba da se izražava u povremenim i istinskim izborima, koji treba da se provode općim i jednakim pravom glasa, tajnim glasanjem ili odgovarajućim postupcima slobodnog glasanja.</para>
         </listitem>
      </orderedlist>
   </article>
   <article number="22">
      <title>Član 22.</title>
      <para>Svako, kao član drustva, ima pravo na socijalno osiguranje i pravo da ostvaruje ekonomska, socijalna i kulturna prava neophodna za svoje dostojanstvo i za razvoj svoje ličnosti putem državne pomoći i međunarodne suradnje a u skladu s organizacijom i sredstvima svake države.</para>
   </article>
   <article number="23">
      <title>Član 23.</title>
      <orderedlist>
         <listitem>
            <para>Svako ima pravo na rad, na slobodan izbor zaposlenja, na pravične i povoljne uvjete rada i na zaštitu od nezaposlenosti.</para>
         </listitem>
         <listitem>
            <para>Svako, bez razlike, ima pravo na jednaku plaću za jednaki rad.</para>
         </listitem>
         <listitem>
            <para>Svako ko radi ima pravo na pravičnu i povoljnu naplatu koja njemu i njegovoj obitelji osigurava čovjeka dostojni opstanak i koja se, po potrebi, dopunjuje drugim sredstvima socijalne zaštite.</para>
         </listitem>
         <listitem>
            <para>Svako ima pravo da radi zaštite svojih interesa obrazuje sindikate i da stupa u njih.</para>
         </listitem>
      </orderedlist>
   </article>
   <article number="24">
      <title>Član 24.</title>
      <para>Svako ima pravo na odmor i dokolicu uključujući razumno ograničenje radnih sati i periodične plaćene praznike.</para>
   </article>
   <article number="25">
      <title>Član 25.</title>
      <orderedlist>
         <listitem>
            <para>Svako ima pravo na životni standard koji odgovara zdravlju i dobrobiti njega samoga i njegove obitelji, uključujući hranu, odjeću, stan i liječničku njegu i potrebne socijalne usluge, kao i pravo na osiguranje za slučaj nezaposlenosti, bolesti, nesposobnosti, udovišta, starosti ili drugog pomanjkanja sredstava za život u prilikama koje su izvan njegove moći.</para>
         </listitem>
         <listitem>
            <para>Majka i dijete imaju pravo na naročitu brigu i pomoć. Sva djeca, bilo rođena u braku ili izvan njega, treba da uživaju istu socijalnu zaštitu.</para>
         </listitem>
      </orderedlist>
   </article>
   <article number="26">
      <title>Član 26.</title>
      <orderedlist>
         <listitem>
            <para>Svako ima pravo na obrazovanje. Obrazovanje treba da bude besplatno, bar u osnovnim i nižim stupnjevima. Osnovno obrazovanje treba da bude obavezno. Tehničko i stručno obrazovanje treba da bude općenito pristupačno, a i više obrazovanje treba takođe da bude svima pristupačno na temelju sposobnosti.</para>
         </listitem>
         <listitem>
            <para>Obrazovanje treba da bude usmjereno na puni razvitak ljudske ličnosti i na učvršćavanje poštivanja čovjekovih prava i osnovnih sloboda. Ono treba da unapređuje razumijevanje, snošljivost i prijateljstvo medju svim narodima, rasnim i vjerskim skupinama, i treba da unapređuje djelatnost Ujedinjenih nacija na održavanju mira.</para>
         </listitem>
         <listitem>
            <para>Roditelji imaju prvenstveno pravo da biraju vstu obrazovanja za svoju djecu.</para>
         </listitem>
      </orderedlist>
   </article>
   <article number="27">
      <title>Član 27.</title>
      <orderedlist>
         <listitem>
            <para>Svako ima pravo da slobodno sudjeluje u kulturnom životu zajednice, da uživa u umjetnosti i da učestvuje u znanstvenom napretku i u njegovim koristima.</para>
         </listitem>
         <listitem>
            <para>Svako ima pravo na zaštitu moralnih i materijalnih interesa koji proistiću ma od kojeg znanstvenog, književnog ili umjetničkog proizvoda kojemu je autor.</para>
         </listitem>
      </orderedlist>
   </article>
   <article number="28">
      <title>Član 28.</title>
      <para>Svako ima pravo na društveni i međunarodni poredak u kojem prava i slobode izložene u ovoj Deklaraciji mogu biti potpuno ostvarene.</para>
   </article>
   <article number="29">
      <title>Član 29.</title>
      <orderedlist>
         <listitem>
            <para>Svako ima obaveze prema zajednici iz koje je jedino moguće slobodno i puno razvijanje njegove ličnosti.</para>
         </listitem>
         <listitem>
            <para>U vršenju svojih prava i sloboda svatko treba da bude podvrgnut samo onim ograničenjima koja su određena zakonom isključivo u cilju osiguranja dužnog priznanja i poštivanja prava i sloboda drugih i u cilju zadovoljenja pravičnih zahtjeva morala, javnog poretka i općeg blagostanja u demokratskom društvu.</para>
         </listitem>
         <listitem>
            <para>Ta prava i slobode ni u kojem slučaju ne mogu se primjenjivati protivno ciljevima i načelima Ujedinjenih nacija.</para>
         </listitem>
      </orderedlist>
   </article>
   <article number="30">
      <title>Član 30.</title>
      <para>Ništa se u ovoj Deklaraciji ne može tumačiti kao pravo ma koje države, skupine ili osobe da sudjeluje u bilo kojoj djelatnosti ili da vrši bilo kakvu djelatnost usmjerenu na uništavanje bilo kojih ovdje izloženih prava i sloboda.</para>
   </article>
</udhr>