﻿<?xml version="1.0" encoding="UTF-8"?>

<!--© The Office of the High Commisioner for Human Rights-->

<udhr lang="hus" language="Huastec, Veracruz" xmlns="http://www.unhchr.ch/udhr">
   <title>JUNKUNAL BITSOWTSIK</title>
   <note>
      <para>Ti laju, in ajumtal a iich' laju chaab ban tamub 1948, an junkun- talaab ban junkunal bitsowtsik ulwat xi yajat ti ku chu'uw an tsubaxtalaab xi techee' ne'ech ka xalk'an.</para>
      <para>Tin ok'neem an junkuntalaab utsan an bitsowtsik abal kin t'aja' an dhutslab xi ulwat abal ka buk'wat, tam t'ajadhich alwa', ban ataaj exobintalaab xi wa'ach ban bitsowtsink.</para>
   </note>
   <preamble>
      <title>TSUBAXTALAAB XI YAJAT ABAL WAWAA':</title>
      <para>Uludh abal wawaa' u chu'chuumte k'al an tsubaxtalaab uludh abal yab cho'oobte ani yab u t'ajnal ti k'ij an chu'uxtalaab abal wawaa', wa'chineek an odhnaxtalaab abal wawaa' ani uludh abal ja'ich xi alwa' abal wawaa' uludh abal techee' ti chabaal an kw'ajiiltsik yab xanti ka jik'ey ani kin ch'ejna' ani yajat ki le'na' an k'ak'naxtalanb.</para>
      <para>Uludh abal an chu'uxtalaab abal wawaa' chu'udh k'al juun i chu'uxtalaab abal an kw'ajiiltsik yab ka pejeexin.</para>
      <para>Uludh abal an bitsowtsik yajat ka k'ak'naaxin.</para>
      <para>Uludh abal an bitsowtsik in kw'ajbaamal in tsubaxtal k'al an chu'u- uxtalaab abal wawaa' jeltik'ij an inik ani an uxum ani in uluumal abal yajat ku kw'ajay walkadh k'al an tsubaxtalaab.</para>
      <para>Uludh abal an bitsowtsik in uluumal abal ne'ech ka tolmiixin abal kin chu'chuum an junkunal bitsowtsik abal ne'ech ku k'ak'naaxin, ani.</para>
      <para>Uludh abal jee' an tsubaxtalaab yajat ki chu'chuum abal ka k'ak'naaj ani ka t'ajan ti k'ij.</para>
      <para>AN JUNKUNTALAAB</para>
      <para>IN ULUW JEE'</para>
      <para>ANU UUW XI TU CHU'CHUUM WAWAA'.</para>
      <para>An tsubaxtalaab xin chu'chuum an bitsowtsik, abal an kw'ajiiltsik in buk'wal k'al an ok'tsixtalaab ki k'anidha jee' an chu'uxtalaab ani ka chu'chuumte k'al an chu'uxtalaab xi techee' ti chabaal abal ka exlaaj ani ka eeynaaj k'al an bitsowtsik k'al xi taja' junkuneek.</para>
   </preamble>
   <article number="1">
      <title>Artículo 1</title>
      <para>Ejtal an kw'ajiiltsik u wa'chinal kweteem ani chu'udh k'al an chu'uxtalaab ani yajat ka k'aak'naaxin juun ani juun.</para>
   </article>
   <article number="2">
      <title>Artículo 2</title>
      <para>Ejtal an kw'ajiiltsik in ko'ol ejtal in chaap xi uludh techee' ban dhutslab, yab ch'ikat'ajadh nibal in kaawintal, nibal an uxum ani an inik nibal an bitsow xonti taal, wa'chin max in ko'ol ani max yab in ko'ol an chaplaab.</para>
      <para>Aniil yab neka pilmeedhaaj k'al an chu'uxtalaab max ts'itsik an bitsow.</para>
   </article>
   <article number="3">
      <title>Artículo 3</title>
      <para>Ejtal an iniktsik yajat ka kw'ajay alwa' kweteem ani abal ka chu'chuumte putaal tin iniktal.</para>
   </article>
   <article number="4">
      <title>Artículo 4</title>
      <para>Yan xita yajat ka t'ojondhaaj anik'ij, an t'ojondhaxtalaab anik'ij walbidh max ka t'ajan.</para>
   </article>
   <article number="5">
      <title>Artículo 5</title>
      <para>Yab xita' yajat ka cha'wat ani ka t'ajtsin xanti yab in tomnaal.</para>
   </article>
   <article number="6">
      <title>Articulo 6</title>
      <para>Ejtal an iniktsik, putaalk'ij in ko'ol in chaap k'al an chu'uxtalaab.</para>
   </article>
   <article number="7">
      <title>Artículo 7</title>
      <para>Ejtal wawaa' jayeechk'ij i jalbiil, jayeechk'ij u chu'chuumte k'al an tsubaxtalaab. Jayeechk'ij an chu'uxtalaab xi tu chu'chuum yajat ka k'ak'naaj ani yab yajat ka ch'ika't'ajan.</para>
   </article>
   <article number="8">
      <title>Artículo 8</title>
      <para>Ejtal an iniktsik yajat ka pidhan ti chaplaab ban awiltalaab, abal ka lo'wat tam u k'axtsinal tin k'ak'nabiil xi uludh ban uw chu'uxtalaab.</para>
   </article>
   <article number="9">
      <title>Artículo 9</title>
      <para>Yab xita' yajat ka yakw'an ani ka wik'an anik'ij.</para>
   </article>
   <article number="10">
      <title>Artículo 10</title>
      <para>Ejtal an iniktsik in k'ool in chu'uxtal jayeechk'ij, yajat ka ach'an k'al an bitsow ani k'al i tsubaxtalaab ban awiltalaab abal ka chu' tat xanti kw'ajat abal ka utsan xanti kw'ajat abal kin kw'ajaba' ani ka pidham xin yeentsal ani abal ka cho'oobnaaj max tsubax ti olnadh.</para>
   </article>
   <article number="11">
      <title>Artículo 11</title>
      <orderedlist>
         <listitem>
            <para>Ejtal an iniktsik xi oolnadh in walaam in ko'ol i lo'oxtalaab abal ka utsan yab in walaam lajat u exoobnaab max in walaam, lejbadh kal an tsubaxtalaab xi k'aal ti chu'chuumte.</para>
         </listitem>
         <listitem>
            <para>Yab xita' yajat ka walbiyat k'al juun i walatstalaab abal tamti walbiyat yab in walaam jelti in ulal an tsubaxtalaab xi techee' ti laabtoom ani ti chabaal. Yab neka kw'ajbantsat t'ek'at in walab tokot xi uludh tamti in wala'.</para>
         </listitem>
      </orderedlist>
   </article>
   <article number="12">
      <title>Artículo 12</title>
      <para>Yab xita' yajat ka chu'tat tin iniktal, tin junik ani tin chakaamiltsik, ani tin k'imaa', nibal yajat ka takan. Ejtal an iniktsik in ko'ol in chaap ban tsubaxtalaab max ka takan.</para>
   </article>
   <article number="13">
      <title>Artículo 13</title>
      <orderedlist>
         <listitem>
            <para>Ejtal an iniktsik ne'ech kin ejto ka xe'chin techee' ani abal kin kw'ajba' in k'imaa' xontik'ij techee' ti laabtoom.</para>
         </listitem>
         <listitem>
            <para>Ejtal an iniktsik ne'ech kin ejto ka kalej xonti k'ij ti piil bitsow ani ka witsi tin bitsoow.</para>
         </listitem>
      </orderedlist>
   </article>
   <article number="14">
      <title>Artículo 14</title>
      <orderedlist>
         <listitem>
            <para>Max u alyaab, ejtal an iniktsik ne'ech kin ejto kin alij abal ka lo'ey ti piil bitsow.</para>
         </listitem>
         <listitem>
            <para>Jee'i tsubaxtalaab yab xanti ka ulwat k'al juun in alixtalaab max in walaam ani max abal i walatstalaab abal an junkulom bitsow.</para>
         </listitem>
      </orderedlist>
   </article>
   <article number="15">
      <title>Artículo 15</title>
      <orderedlist>
         <listitem>
            <para>Ejtal an iniktsik yajat kin kooy juun in bitsoow.</para>
         </listitem>
         <listitem>
            <para>Yab xita yajat ka wek'ontsat tin bitsoow nibal ka jalk'untsat tin bitsoow.</para>
         </listitem>
      </orderedlist>
   </article>
   <article number="16">
      <title>Artículo 16</title>
      <orderedlist>
         <listitem>
            <para>An iniktsik ani an uxumtsik ne'ecjh kin ejto ka tomkin xita'k'ij k'aal abal kin kw'ajba' in k'imaa'ani chablom ne'eech kin ejto kin eeyna' an tsubaxtalaab k'al an tomkixtalaab, tamka tomkin ani max ka jilaaxin.</para>
         </listitem>
         <listitem>
            <para>Ne'ech kin ejto ka tomkin tam kin chalpay chaab tin eeb.</para>
         </listitem>
         <listitem>
            <para>An junkudh k'imaadh ja'ich na yajat abal an kw'ajiil ani yajat kin chu'chuum an bitsow, ani an pulek bitsow.</para>
         </listitem>
      </orderedlist>
   </article>
   <article number="17">
      <title>Artículo 17</title>
      <orderedlist>
         <listitem>
            <para>Ejtal an iniktsik ne'ech kin ejto kin koo'oy xataakich kweteem ani junkulom.</para>
         </listitem>
         <listitem>
            <para>Yab xita yajat ka week'ontsat tin dhabal.</para>
         </listitem>
      </orderedlist>
   </article>
   <article number="18">
      <title>Artículo 18</title>
      <para>Ejtal an iniktsik walkadh kweteem ka chalpaxin, tin chalap ani ti belom jee' an tsubaxtalaab in junkuwal abal ka walkan kin jalk'uy belomtal ani abal kin oolna'nin belomtal kweteem ani junkunal tin yaneel ani kweteem abal kin ok'tsixna' an belomtalaab ani abal kin chu'uw.</para>
   </article>
   <article number="19">
      <title>Artículo 19</title>
      <para>Ejtal an iniktsik walkadh abal ka chalpaxin kweteem ani ka kaawin; jee' an tsubaxtalaab in oolnaal abal yab xita' yajat ka utsan xata' abal xanti juun u chalpax, jelti max in alyal xata' ani kin bach'uw i tsubaxtalaab ani tak'ixtalaab ani abal kin buk'uw xontik'ij.</para>
   </article>
   <article number="20">
      <title>Artículo 20</title>
      <orderedlist>
         <listitem>
            <para>Ejtal an iniktsik ne'ech kin ejto ka junkun k'al xawa'k'ij i junkuntalaab.</para>
         </listitem>
         <listitem>
            <para>Yab xita yajat ka nixoknaaj abal ka kw'ajay ba juun i junkulom.</para>
         </listitem>
      </orderedlist>
   </article>
   <article number="21">
      <title>Artículo 21</title>
      <orderedlist>
         <listitem>
            <para>Ejtal an iniktsik ne'ech kin ejto ka tolmixin k'al an awiltalaab, jajaa' ani tolmidh k'al in at k'imaadh xin exlaal.</para>
         </listitem>
         <listitem>
            <para>Ejtal an iniktsik ne'ech kin ejto ka kw'ajay jayeechk'ij xawa' an punk'untsixtalaab yejat tin bitsoon.</para>
         </listitem>
         <listitem>
            <para>Tin chalap an bitsow ja'ich nin akan an awiltalaab tin yaneel; jee' an chalap ne'ech ka xalk'an k'al an bijixtalaab xi ne'ech ka t'ajan ech'ek'ij k'al an chinat bijixtalaab ani k'al xawa'k'ij an bijixtalaab xin k'ak'naal an chinat bijixtalaab.</para>
         </listitem>
      </orderedlist>
   </article>
   <article number="22">
      <title>Artículo 22</title>
      <para>Ejtal an iniktsink, tin yaneel, yajat ka chu'tat ani kin aata', k'al in chaap an bitsow ani k'al in tolmixtal an bitsowtsik ti chabaal, xi wa'ach an junkuntalaab ani k'al in tumiinal an bitsowtsik, abal ka tsubk'an k'al an yajat tumiin, junkuntalaab ani nin belomtal xi jajat abal yab ka ch'ika't'ajan ani abal kweteen ka exlaaj tin iniktal.</para>
   </article>
   <article number="23">
      <title>Artículo 23</title>
      <orderedlist>
         <listitem>
            <para>Ejtal an iniktsik ne'ech kin ejto ka t'oojon, kin alij an t'ojlaab xin kulbetnal ani ka chu'chuumte abal yab kin k'ipdha' nin t'ojlaabil.</para>
         </listitem>
         <listitem>
            <para>Ejtal an iniktsik xu t'ojnal yajat ka jalbiyat xawa kin t'aja'.</para>
         </listitem>
         <listitem>
            <para>Ejtal an iniktsik yajat ka pidhan tin jalbiil jayeechk'ij abal k'ijidh ka jilk'on jajaa', in tomtal ani in chakaamiltsik, ka kw'ajay alwa' tin iniktal ani yajat ka chu'chuumte.</para>
         </listitem>
         <listitem>
            <para>Ejtal an iniktsik ne'ech kin ejto kin kw'ajba' juun i junkuntalaab ani abal kin chu'chuum an tsubaxtalaab xi k'aal ti chu'chuumte.</para>
         </listitem>
      </orderedlist>
   </article>
   <article number="24">
      <title>Artículo 24</title>
      <para>Ejtal an iniktsik ne'ech kin ejto ka koyooch, kin kulbetna' an koyooch tam yab xata' in ko'ol kin t'aja', an t'ojlaab yajat alwa'k'ij kin t'aja' ani ka pidhan juntsikiil ka koyooch.</para>
   </article>
   <article number="25">
      <title>Artículo 25</title>
      <orderedlist>
         <listitem>
            <para>Ejtal an iniktsik pidhats ti tsubaxtalaab abal ka kw'ajay alwa', ka chu'chuumte ejtal tin eeb ani abal ka k'apuuch alwa' ka xeketlin, nin k'imaa', ka ilaaliyat ani ejtal an chu'uxtalaab xi yajat, aniil in ko'ol i tolmixtalaab tam yab wa'ach i t'ojlaab, yaw'laach, tam yab kidhat in iniktal, tam kwetmadh, tam puulekich ani xi k'e'et in k'ibaal abal ka xe'chin alwa'.</para>
         </listitem>
         <listitem>
            <para>An naanlaab ani an chakam yajat ka kw'ajbantsat juun i alwa' chu'uxtalaab. Ejtal an chakamtsik xi wa'chineek ani xi yab wa'chineek k'al an tomkixtalaab jayeechk'ij yajat ka chu'tat.</para>
         </listitem>
      </orderedlist>
   </article>
   <article number="26">
      <title>Artículo 26</title>
      <orderedlist>
         <listitem>
            <para>Ejtal an iniktsik jiladh ka exoblaach. An exoblaach yab yejat ka jalbiyat an jidhtal exoblaach ani xin jalbiil. Xin jalbiil an exoblaach yajat ka nixoknaaj. An exoblaach xi t'ek'at yajat jununuul, abal ku ochich ba juun i exoblaach t'ek'at jayechk'ij abal ejtal.</para>
         </listitem>
         <listitem>
            <para>An exoblaach kw'ajbadh abal ka chalpadhmeej juun ani abal kin k'ak'na' an chu'uxtalaab xi wawaa' ani abal walkadh ku kw'ajay, ne'ech kin ulu an eexbaxtalaab, k'ak'naxtalaab ejtal an bitsowtsik ani ejtal an teenektsik ani belomtalaabtsik ani ne'ech kin buk'uw in t'ojlaabil an junkulom bitsow abal k'ijidh ku kw'ajay ani yab u peejeex.</para>
         </listitem>
         <listitem>
            <para>An tanta'laabtsik jajaa' in cho'oob xawa i exoblaach ne'ech kin pdha' nin chakaamiltsik.</para>
         </listitem>
      </orderedlist>
   </article>
   <article number="27">
      <title>Artículo 27</title>
      <orderedlist>
         <listitem>
            <para>Ejtal an iniktsik ne'ech kin ejto kin bela' tin kweteemtal an belomtalaab xin ko'ol nin kwentsaalil, kin le'na' an t'ojlaab xu t'ajnal ani ka tolmixin abal an chalpadhtalab ani abal ka pidhanjey xowa jaa' k'al ka tolmiyat.</para>
         </listitem>
         <listitem>
            <para>Ejtal an iniktsik yajat ka chu'tat xawa' jaa' in chalpayal ani kin ko'ol xin jajaa' in t'ojlaabil in t'ajaam ani an dhtslab xi t'ajaam.</para>
         </listitem>
      </orderedlist>
   </article>
   <article number="28">
      <title>Artículo 28</title>
      <para>Ejtal an iniktsik ne'ech kin ejto kin kw'ajba' juun i lujatalaab ban bitsowtsik xi putaal ti chabaal xi uludh ban junkulom bitsow ani abal ka t'ajan.</para>
   </article>
   <article number="29">
      <title>Artículo 29</title>
      <orderedlist>
         <listitem>
            <para>Ejtal an iniktsik yajat ka tolmixin k'al an kiwentsal, taja' ne'ech kin ejto kin pudedha' tin baa'.</para>
         </listitem>
         <listitem>
            <para>Tam in belaal an tsubaxtalaab ani in kulbetnaal an chu'uxtalaab, ejtal an iniktsik walkadh k'al xin ulal an tsubaxtalaab abal ka exbayat ani abal ka k'ak'naaj xi k'e'et ani abal ka chu'tat an tsubaxtalaab k'al an lujatalaab ani an alwa'talaab k'al an bitsowtsik.</para>
         </listitem>
         <listitem>
            <para>Jee' an tsubaxtalaab ani an walkadhtalaab yab neka ejtowat ka eeynaaj jaluts jelti xi uludh k'al an junkulom bitsow.</para>
         </listitem>
      </orderedlist>
   </article>
   <article number="30">
      <title>Artículo 30</title>
      <para>Ni juun xi jee uludh, ne'ech ka ulwat abal an awiltalaabtsik in ko'ol k'aal in chaap, juun inik ani juun i junkulom abal kin t'aja i t'ojlaab jaludh xi jee' uludh k'al an junkulom bitsow.</para>
   </article>
</udhr>