﻿<?xml version="1.0" encoding="UTF-8"?>

<!--© The Office of the High Commisioner for Human Rights-->

<udhr lang="tat" language="Tatar" xmlns="http://www.unhchr.ch/udhr">

  <title>Кеше хокукларының гомуни декларациясе</title>

  <note>
    <para>Берләшкән Милләтләр Оешмасының Генераль Ассамблеясе 1948 елның 10 декабрендә 48 тавыш белән кабул итте. Анда ситез кеше бер якка да тавыш бирмәде.</para>
  </note>

  <preamble>
    <title>Преамбула</title>
    <para>Кешелек гаиләсенең бөтен әгъзаларына хас булган тигез һәм аерылгысыз хокукларны һәм кеше дәрәҗәсен тануның гаделлек һәм гомуни тынычлыкның нигезе икәнең истә тотып,</para>
    <para>кеше хокукларына кимсетеп һәм җирәнеп каруның вәхшилеккә китерүен, кешелек намусын уятуын, кешеләрнең үз карашларына һәм сүз ирегенә ия булган, куркудан, мохтаҗлыктан азат булган тормыш тозүнең кешеләрнең боск омтылышы икәнең игълан итүне истә тотып,</para>
    <para>җәберләүгә һәм изслүгә каршы соңгы чара итен кеше баш күтәрергә меҗбүр булмасын өчен аның хокукларын закон коче белән саклау зарурлыгын истә тотып,</para>
    <para>Кешенең төп хокукларына, шәхеснең абруена һәм кыйммәтенә, хатын кызларның һәм ирләрнең тигез хокуклылыгына, Берләшкән Милләтләр халыклары үзләренең ышанычын Уставта раславын һәм тагын да зуррак иреккә ирешеп, иҗтумагый үсешкә, тормыш шартларын яхшыртуга ярдәм итәргә ниятләвен истә тотып,</para>
    <para>Берләшкен Милләтләр Оешмасы әгъзасы булган дәүләтләрнең кеше хокукларын, төп ирекләрне уртак хөрмәт итүдә һәм саклауда булышлык күрсәтүне үз бурычлары итеп алуларын истә тотып,</para>
    <para>әлеге хокукларны һәм ирекләрне анлау бу йөкләмәләрне тулысынча үтәүдә бик зур әһәмияткә ия булуын истә тотып,</para>
    <para>Генераль Ассамблея</para>
    <para>әлеге Кеше хокукларының гомуни декларациясен бөтен дәүләтләр һәм халыклар үтәргә омтылырга тиешле бурыч сыйфатында игълан итә. Бу Декларацияне һәрвакыт күз алдында тотып, җәмгыятьнең һәр әгъзасы, һәр кеше аң-белем тарату, белем алу юлы белән бу хокукларны һәм ирекләрне хөрмәт итәргә тиеш, бу хокуклар һәм ирекләр Оешма әгъзасы булган дәүләтләр халкы һәм алар юрисдикңиясснә керә торган территорияләрдәге халыклар арасында танылып тормышка ашырылырга тиеш.</para>
  </preamble>

  <article number="1">
    <title>1 статья.</title>
    <para>Барлык кешеләр дә азат һәм үз абруйлары һәм хокуклары ягыннан тиң булып туалар. Аларга акыл һәм вөҗдан бирелгән һәм бер-берсенә карата туганарча [туганнарча] мөнәсәбәттә булырга тиешләр.</para>
  </article>

  <article number="2">
    <title>2 статья.</title>
    <para>Һәр кеше үзенең милли яисә иҗтимагый чыгышына, мөлкәтенә, нинди катлаудан булуына, расасына, тән төсенә, җенесенә, теленә, диненә, сәяси яисә башка инануларына карамастан, бернинди аермасыз, Декларациядә игъдан ителгән барлык хокукларга, бөтен ирекләргә иа булырга тиеш.</para>
    <para>Моннан тыш, кешенең торган җиренең мөстәкыйль яисә үзидарәсез, берәр ил карамагында булуына яисә мөстәкыйльлеге башка берәр торле чикләнүснә карамастан, иленең сәяси, халыкара, хокукый хәленә карамастан, ана бернинди дә аерымлау үткәрелергә [үткәреләргә] тиеш түгел.</para>
  </article>

  <article number="3">
    <title>3 статья.</title>
    <para>Һәр кешенең тормышка, иреккә һәм шәхси кагылгысызлыкка хокукы бар.</para>
  </article>

  <article number="4">
    <title>4 статья.</title>
    <para>Бер кеше дә коллыкта яисә ирексез хәлдә тотылырга тиеш түгел; коллыкның һәм коллар сатуның ботен торләрс тысла.</para>
  </article>

  <article number="5">
    <title>5 статья.</title>
    <para>Беркем дә газапланырга, яусыз, кешелексез яисә аның дәрәҗәсен төшерә торган мөнәсәбәткә дучар ителергә һәм җәзага тартылырга тиеш түгел.</para>
  </article>

  <article number="6">
    <title>6 статья.</title>
    <para>Һәр кешенең, ул кайда гына булса да, үзенең хокук иясе икәнен танударын таләп итәргә хакы бар.</para>
  </article>

  <article number="7">
    <title>7 статья.</title>
    <para>Закон алдында бөтен кешеләр лә тиң, бернинди аерымланусыз һәркемнен закон белән тигез якланырга хокукы бар. Барлык кешеләрнең дә бу Декларацияне бозучы нинди дә булса хокуклардан мәхрүм ителүдәнм шундын хокуклардан мәхрум итүгә котыртудан тигез якланырга хокуклары бар.</para>
  </article>

  <article number="8">
    <title>8 статья.</title>
    <para>Конституция яки закон биргән тон хокуклардан мәхрүм ителгән очракта, һәр кешенең ул хокукларын компетентлы милли судлар аша кире кайтарылып бирелүен таләп итәргә хокукы бар.</para>
  </article>

  <article number="9">
    <title>9 статья.</title>
      <para>Беркем дә нигезсез рәвештә кулга алынуга, тоткарлануга, куылуга дучар ителергә тиеш түгел.</para>
  </article>

  <article number="10">
    <title>10 статья.</title>
    <para>Һәр кешенең үз хокукларын һәм бурычларын билгеләр очен һәм аны җинаять җаваплылыгына тартуның нигезле булуын ачыклар очен, туды титезлелек нигезендә үз эшенең ачык рәвештә, мөстәкыйль, гадел һәм бәйсез суд аша каралуын таләп итәргә хокукы бар.</para>
  </article>

  <article number="11">
    <title>11 статья.</title>
    <orderedlist>
      <listitem>
        <para>Җинаять кылуда гаепләпүче [п..п ?] һәр кеше, аның гаебе ачык суд тикшереүе нәтиҗәсендә законлы рәвештә расланганчы гаепсез дип сапалырга хакы бар. Аңа суд тикшерүе вакытында яклану өчен бөтен шартлар тудырлырга тиеш.</para>
      </listitem>
      <listitem>
        <para>Берәр эш эшләгән өчен, яки эшләмәгән өчен гаепләү, ул эшләрне кылу вакытында милли законнар алдында яки халыкара хокук алдында җиниаять итеп саналмаса, алар өсен бер кеше дә җавапка тартыда алмый. Беркемгә дә җинаять эшләгән өчен тиешле җәзалан да катырак җәза бирелергә тиеш түгел.</para>
      </listitem>
    </orderedlist>
  </article>

  <article number="12">
    <title>12 статья.</title>
    <para>Бер кеше дә шәхси һәм гаилә тормышына, торак иминлегенә кагылуга, язышү, хәбәрләшү серенә, абруена һәм намусына нигезсез катиашуга дучар ителергә тиеш түгел.  Шундый кысулардан, яисә дучар ителүләрдән һәр кешенең закон белән якланырга хокукы бар.</para>
  </article>

  <article number="13">
    <title>13 статья.</title>
    <orderedlist>
      <listitem>
        <para>Һәр кешенең һәр деүләт чикләре әчендә иреклә күченең йорергә һәм үзепә тору урыны сайларга хокукы бар.</para>
      </listitem>
      <listitem>
        <para>Һәр кешенең теләсә кайсы илне, яисә үз илен ташлап китәргә һәм үз иленә кире әйләнеп кайтырга хокукы бар.</para>
      </listitem>
    </orderedlist>
  </article>

  <article number="14">
    <title>14 статья.</title>
    <orderedlist>
      <listitem>
        <para>Һәр кешенең җәберләнүдән башка илләрдә сыену урыны эзләргә һәм ул урыннан файдаланырга хакы бар.</para>
      </listitem>
      <listitem>
        <para>Сәясәт белән бәйле булмаган җинаять кылган очракта яисе Берләшкән Милләтләр Оешмасының приниңибына, максатына каршы килә торгаң җинаять кылса, кеше бу хокуктан файдалана алмый.</para>
      </listitem>
    </orderedlist>
  </article>

  <article number="15">
    <title>15 статья.</title>
      <orderedlist>
        <listitem>
          <para>Һәр кешенең гражданлыкка хокукы бар.</para>
        </listitem>
        <listitem>
          <para>Берәү дә ирексездән үз гражданлыгыннан яисә гражданлыгын үзгәртү хокукыннан мәхрүм ителергә тиеш түгел.</para>
        </listitem>
      </orderedlist>
  </article>

  <article number="16">
    <title>16 статья.</title>
      <orderedlist>
        <listitem>
          <para>Яше җитеп балигь булган ирләрнең һәм хатын-кызларның, милләтенә, диненә яисә расанына карамастан, бернинди чикләүләрсез, өйләнешүгә һәм таилә корырга хокуклары бар. Алар өйләнешкәндә дә, бергә торганда да, аерылышу вакытында да бер үк төрле хокуклардан файдаланалар.</para>
        </listitem>
        <listitem>
          <para>Өйләнешүчсләрнең язылышуы ике якның да ирекле һәм тулы ризалыгы булганда гына тормышка ашырыла.</para>
        </listitem>
        <listitem>
          <para>Гаилә җәмгыятьнең табигый һәм төп күзәнәге булып тора, анын җәмгыять һәм дәүләт ягыннан якланырга хокукы бар.</para>
        </listitem>
      </orderedlist>
  </article>

  <article number="17">
    <title>17 статья.</title>
      <orderedlist>
        <listitem>
          <para>Һәр кеше үзе гепә дә, башка кешеләр белән бергәләп тә, малмөлкәткә ия булу хокукына ия.</para>
        </listitem>
        <listitem>
          <para>Беркем дә үз мөлкәтеннән нигезсез мәхрүм ителергә тиеш түгел.</para>
        </listitem>
      </orderedlist>
  </article>

  <article number="18">
    <title>18 статья.</title>
    <para>Һәр кешенең фикер, вөҗдан һәм дин ирегенә хокукы бар; бу хокук Аллага табынуны, йола куша торган дини тәртипләрне үгәүне эченә ала, һәр кешенең бер үзе генә яисә башкалар белән бергәлән аерым рәвештә яки ачыктан-ачык үз карашларын, үз динен алыштырырга аки тотарга хокукы бар.</para>
  </article>

  <article number="19">
    <title>19 статья.</title>
    <para>Һәр кешенең ирекле фикер йөртергә һәм карашларын ирекле рәвештә әйтергә хокукы бар; бу хокукка үз карашларында урекле булу, үзенә кирәкле мәгьлүматны һеи идеяләрне эзләү, табып алу, төрле юллар белән дәүләт чикләренә бәйсез рәвештә тараты да керә.</para>
  </article>

  <article number="20">
    <title>20 статья.</title>
    <orderedlist>
      <listitem>
        <para>Һәр кеше тыныч рәвештә җыелышлар һәм ассоциацияләр ирегенә хокуклы.</para>
      </listitem>
      <listitem>
        <para>Берәү дә нинди дә булса ассоциациягә керергә мәҗбүр ителә алмий.</para>
      </listitem>
    </orderedlist>
  </article>

  <article number="21">
    <title>21 статья.</title>
      <orderedlist>
        <listitem>
          <para>Һәр кешенең турыдан-туры яисә ирекле сайланган вәкилләр аша үз иле белән идарә итәргә хокукы бар.</para>
        </listitem>
        <listitem>
          <para>Һәр кешенең үз илендә бертигез рәвештә дәүләт хезмәтенә керү хокукы бар.</para>
        </listitem>
        <listitem>
          <para>Халык ихтыяры хөкүмәт хакимлегенең нигезе былрга тиеш; әлеге ихтыяр үзенең чагылышын үз вакытында үткерелә торган гадел сайлауларда таырга тиеш. Тавыш бирү яшерен, гомуни һәм тигез сайлаулар аша, яисә шуна тиң булган башка формаларда тәэмин ителергә тиеш.</para>
        </listitem>
      </orderedlist>
  </article>

  <article number="22">
    <title>22 статья.</title>
    <para>Һәр кеше, җәмгыять әгъзасы буларак, социаль тәэмин ителүгә һәм дәүләт структурасына һәм табигый байлыкларына каран, халыкара хезмәттәшлек һәм милли тырышлыклар аша социаль, икътисади һәм мәдәни яктан үз шәхесенең ипрекле үсеше очен, дәрәҗәсе төшмәслек кирәкле ярдәмргә хокуклы.</para>
  </article>

  <article number="23">
    <title>23 статья.</title>
      <orderedlist>
        <listitem>
          <para>Һәр кешенең хезмәткә, эшне ирекле рәвештә сайлап алуга, гадел һәм уңайлы эш шартларына һәм эшсезлектән якланута хокукы бар.</para>
        </listitem>
        <listitem>
          <para>Һәр кеше, бернинди кимсетелүдәрсез, тигез эш өчен тигез хезмәт хакы алырга хокуклы.</para>
        </listitem>
        <listitem>
          <para>Һәр хезмәт кешесе үзенә һәм гаиләсснә кешегә ласклы көн күрелек гадел һәм канәгатьләнерлек түләү алырга, кирәк очракларда өстәмә рәвештә башка чаралар белән дә социаль тәэмин ителергә хокукы.</para>
        </listitem>
        <listitem>
          <para>Һәр кешенең һөнери берләшмәләр осштырырга һәм үзенең мәнфагатьләрен яклар өчен һөнәри берләшмәләргә керергә хокукы бар.</para>
      </listitem>
    </orderedlist>
  </article>

  <article number="24">
    <title>24 статья.</title>
      <para>Һәр кеше ялга хокуклы һәм эш көнең тиешле чикләрдә кыскартуны да кертен, ел саси түләүле ял алырга, эштән буш вакытка хокукы бар.</para>
  </article>

  <article number="25">
    <title>25 статья.</title>
      <orderedlist>
        <listitem>
          <para>Һәр кеше тормыш дәрәҗәсен тошермәслек булган туклануга, киемтә, торакка, медицина ярдәмснә, социаль хезмәт күрсәтелүгә, үзенә һәм гаиләсенә сәламәтлек, мул тормыш тәэмин ителүгә хокуклы. Эшсез калган очракта, авырганда, гарипләнгәндә, тол галганда, картайганда һәм башка торле үзенә бәйләнмәгән сәбәпләр белән тормыш итү чараларын югалтканда һәр кешенең тиевлә ярдәм адырга хокукы бар.</para>
        </listitem>
        <listitem>
          <para>Ана булу һәм сабыйлык аерым тәрбиягә һәм ярдәмгә хокук бирә. Никахлы һәм никахтан тыш туган барлык балалар бердәй социаль якланганлыкка ия.</para>
        </listitem>
      </orderedlist>
  </article>

  <article number="26">
    <title>26 статья.</title>
    <orderedlist>
      <listitem>
        <para>Һәр кеше белем алырга хокуклы. Бигрәк тә башлангыч һәм гомуни белем алу бушлай булырга тиеш. Башлангыч белем алу мәҗбүри булырга тиеш. Техник һәм профессиональ белем алу һәркем очен мөмкин булырга тиеш, югары белем алу һәркемнең сәләтенә карап булырга тиеш.</para>
      </listitem>
      <listitem>
        <para>Белем алу, кеше шәхесенең үсешенә, кеше хокукларына һәм тон ирекләргә хөрмәтне арттыруга юнәлдерелгән булырга тиеш. Белем алу расалар, дини осшмалар һәм халыклар арасында дуслыкка, килешүчәнлеккә, сабырлыкка булышырга. Берләшкән Милләрләр Оешмасына тынычлыкны саклауда ярдәм итәргә тиеш.</para>
      </listitem>
      <listitem>
        <para>Ата-аналар үзләренең кечкенә балаларына белем алуның төрен сайлауда остенлекле хокукка ия.</para>
      </listitem>
    </orderedlist>
  </article>

  <article number="27">
    <title>27 статья.</title>
      <orderedlist>
        <listitem>
          <para>Һәр кеше җәмгыятенең мәдәни тормышында ирелке катнашырга, сынды сәнгатьтән ләззәт алырга, фәннең үсешендә катнашырга, фән биргән байлыклардан файдаланырга хокуклы.</para>
        </listitem>
        <listitem>
          <para>Һәр кеше, автор буларак, фәнни, әдәби, сынлы сәнгать олкәсендәге хезмәте нәтиҗәләрен, үзенең әхлакый һәм матди ихтыяҗларын якларга хокуклы.</para>
        </listitem>
      </orderedlist>
  </article>

  <article number="28">
    <title>28 статья.</title>
    <para>Һәр кеше бу Декларациядә язылган хокукларны һәм ирекләрне тулысынча тормышка ашырга торган халыкара һәм социаль, тәртипкә хокуклы.</para>
  </article>

  <article number="29">
    <title>29 статья.</title>
      <orderedlist>
        <listitem>
          <para>Һәр кеше җемгыять алдында, үз шәхесе ирекле һәм тулы үсешкә ирешкән җемгыять алдында бурычлы.</para>
        </listitem>
        <listitem>
          <para>Үзенең хокукларын һәм ирекләрен тормышка ашырган чакта, һәр кеше демократик җәмгыятьтәге гомуни мул тормыш, социаль тәртип, гадел әхлак таләпләрен канәгатьләндерә торган хокукларга һәм ирекләргә тулы хөрмәт тәэмин итә торган законлы чикләүләргә гепә дучар ителергә момкин.</para>
        </listitem>
        <listitem>
          <para>Бу хокукларны һәм ирекләрне тормышка ашыру Берләшкән Милләтләр Оешмасы максатларына һәм принципларына каршы килергә тиеш түгел.</para>
        </listitem>
      </orderedlist>
  </article>

  <article number="30">
    <title>30 статья.</title>
    <para>Бу Декларациядәге бер нәрсә дә нинди дә булса дәүләткә, бер торкем шәхселәргә яисә аерым кешеләргә бу Декларациядә язылган хокукларны һәм ирекләрне юкка чыгарырга юл куела дип аңлатылырга тиеш түгел.</para>
  </article>

</udhr>
