<?xml version="1.0" encoding="UTF-8"?>

<!--© The Office of the High Commisioner for Human Rights-->

<udhr lang="ibo" language="Igbo" xmlns="http://www.unhchr.ch/udhr">
  <title>NKUWUWAPỤTA ỤWA NILE BANYERE IKIKE MMADỤ NWEGASỊRỊ</title>
  <preamble>
    <title>Okwu mmalite</title>
    <para>Ebe ọ bụ na nghọta ugwu ekere uwa na ikike nha anya a pụghị ịnapụ mmadụ nke dirị onye ọ bụla bi n'ụwa bụ ntụala nke inwere onwe, ikpe nkwụmọtọ na udo n'elụ ụwa.</para>
    <para>Ebe nleghara anya na nleli ikike mmadu nwegasịrị emeela ka e nwee akparamagwa enweghi uche nke gbawara obi mmadụ nile, a bịakwa ọbịbịa ụwa ebe ndi mmadụ ga‐enwejupụta ohere ikwu okwu na inwe nkwenye nakwa nlihapụ n'ụjọ na ụkọ, abụrụ ihe a mara n'okwa dị ka olile anya kachasị ibe ya nke mmadụ nkịtị.</para>
    <para>Ebe ọ dị mkpa, ma ọ bụrụ na a chọghi ikwanye mmadụ ka o were oke nnupu isi sogide ochịchị aka ike na mmegbu dị ka ihe ikpeazụ ọ pụrụ ime, na a ga‐echedo ikike mmadụ nwegasịrị site n'usoro iwu.</para>
    <para>Ebe ọ dị mkpa ịkwalite ọganihu mmekọrịta enyi na enyi n'etiti mba na ibe ya.</para>
    <para>Ebe ndi otu jikọtara mba ụwa nile bụ United Nations, n'ime Chata bụ akwụkwọ nyere ha ike kwupụtakwara ọzọ okwukwe ha n'ikike ntọala mmadụ nwegasịrị, n'ugwu na uru nke mmadụ, ya na nha anya ikike ndi dịrị nwoke na nwanyị, were nweekwa njikere ịkwalite ọganihu obodo na ezi obibi ndụ nke ndi mmadụ nweere onwe ha.</para>
    <para>Ebe mba ndi nọ n'otu a eweputala onwe ha maka inweta, site na njikọ aka ha na United Nations, nkwalite nsọpụrụ n'ụwa nile na idebe iwu gbasara ikike na ohere ntọala mmadụ nwegasịrị.</para>
    <para>Ebe nghọta onye ọ bụla banyere ikike na ohere ndi a kachasị dịrị mkpa maka imejupụta nkwekọrịta nke a.</para>
    <para>UGBU A ZI</para>
    <para>Ọgbakọ ozuzu a bu General Assembly Na‐akwado Nkuwuwapụta Uwa Nile nke a banyere Ikike Maadụ Nwegasịrị ka ọ bụrụ ihe ngosi ọganihu nke ndi mmadụ nile na mba nile, nke bụ na onye ọ bụla nakwa ngalaba ọ bụla nke obodo bụ Nkwuwapụta a n'obi, ga‐agbasi mbọ ike, site na nkuzi na ọzụzụ, ịkwalite nsọpụrụ maka ikike na ohere ndi a, ma sitekwa n'atụmatụgasị nke mba na nke jikoro mba na mba na‐aga n'ihu ime ka a ghtachaa ma debechaa ha n'ụwa nile ma n'ime mba ndi nọ n'otu a makwa n'ime mba ndi ọzọ nọ n'okpuru ọchịchị ha.</para>
  </preamble>
  <article number="1">
    <title>Nkeji edemede 1.</title>
    <para>A mụrụ mmadụ nile n'ohere nakwa nha anya ugwu na ikike. E nyere ha uche na mmụọ ime ihe ziri ezi nke na ha kwesiri ịkpaso ibe ha agwa n'obi nwanne na nwanne.</para>
  </article>
  <article number="2">
    <title>Nkeji edemede 2</title>
    <para>Onye ọ bụla tozuru iwe ikike na ohere nile e wepụtara na Nkwuwapụta nke a , n'enweghi ịkpa oke ọ bụla dị ka nke agbụrụ; ụcha akpụkpọ ahụ, ịbụ nwoke ma ọ bụ nwanyị, asụsụ, okpukpe chi, echiche banyere ọchịchị ma ọ bụ ihe ọzọ, obodo ma ọ bụ ọ n'obodo akụ, ọnọdụ ọmụmụ ma ọ bụ ọnọdụ ọzọ.</para>
    <para>Ozọkwa, a gaghị enwe ịkpa oke gbadoro ụkwụ n'ọnọdụ ọchịchị, nlekọta ma ọ bụ mmekọrịta mba na mba, nke obodo ma ọ bụ oke ala onye nọ na ya, n'agbanyeghi ma ebe ahụ o nwe onwe ya, ọ nọ na nlekọta anya, ọ nọ n'okpuru ọchịchị ọzọ ma o nwere ihe ọzọ gbochiri ya inwe ntozu oke dị ka mba.</para>
  </article>
  <article number="3">
    <title>Nkeji edemede 3</title>
    <para>Onye ọ bụla nwere ikike inwe ndụ, ohere na nchedo nke onwe ya.</para>
  </article>
  <article number="4">
    <title>Nkeji edemede 4</title>
    <para>Ọ dịghị onye a ga‐ejigide n'ọnọdu ohu ma ọ bụ odibọ a ga‐amachi ịkpa ma ọ bụ ire ohu n'ụdị ọ bụla.</para>
  </article>
  <article number="5">
    <title>Nkeji edemede 5</title>

    <para>Ọ dịghị onye a ga‐akwagide n'oke ntaramahụhụ, ma ọ bụ na mmeso omume na ntaramahụhụ obi ọjọọ, obi tara mmiri ma ọ bụ nke naz‐ewetu ugwu mmadụ.</para>
  </article>
  <article number="6">
    <title>Nkeji edemede 6</title>
    <para>Onye ọ bụla nwere ikike nkwanyere ugwu dị ka mmadụ ebe ọ bụla n'usoro iwu.</para>
  </article>
  <article number="7">
    <title>Nkeji edemede 7</title>
    <para>Madụ nile ha otu n'usoro iwu, tozukwa oke n'enweghi ịkpa oke ọ bụla inweta nchedo nha anya n'usoro iwu. Madụ nile tozukwara oke nchedo nha anya megide ụdị ịkpa oke ọ bụla mebiri Nkwuwapụta nke a ma megidekwa ikwanye mmadụ ọ bụla n'ụdị ikpa oke a.</para>
  </article>
  <article number="8">
    <title>Nkeji edemede 8</title>
    <para>Onye ọ bụla nwere ikike ikpe mmezi ga‐enwe nkawado ọha na eze nke ndi ụlọ ikpe tozuru etozu nke obodo ma e nwee omume ndi megidere ikike ntọala nke e nyegasịrị ya site n'usoro ọchịchị ma ọbụ iwu.</para>
  </article>
  <article number="9">
    <title>Nkeji edemede 9</title>
    <para>Ọ dịghị onye a ga‐akwagide na njide n'efu, mkpọchi ma ọ bụ nchụpụ n'obodo ya.</para>
  </article>
  <article number="10">
    <title>Nkeji edemede 10</title>
    <para>Onye ọ bụla nwere ntozu oke nha anya ịchọ ikpe ziri ezi n'ihu ọha nke ụlọ ikpe nwere onwe ya ma kwụrụkwa n'ezi okwu, na mkepebi ikike ndi o nwegasịrị na ihe ndi o tosiri ime nakwa ebubo imebi iwu ọ bụla e boro ya.</para>
  </article>
  <article number="11">
    <title>Nkeji edemede11</title>
    <orderedlist>
      <listitem>
	<para>Onye ọ bụla e boro ebubo ida iwu nwere ntaramahụhụ tosiri ka e kwenye na o nweghi ụta tutu a chọpụta na ụta dịrị ya n'usoro iwu, n'ikpe e kpere n'ihu ọha, ebe e nyere ya ohere nile dị mkpa maka iji zara ọnụ ya.</para>
      </listitem>
      <listitem>
	<para>Ọ dịghị onye a ga‐ama ikpe ịda iwu ọ bụla nwere ntaramahụhụ maka ihe o mere ma ọ bụ ihe ọ hapụrụ ime nke n'abụghị ịda iwu nwere ntaramahụhụ n'oge e mere ya, ma ọ bụ n'usoro iwu obodo ma ọ bụ nke di, n'etiti mba na mba. N'otu aka ahụ, a gaghị enye mmadụ ntaramahụhụ karịri nke a na‐enye n'oge a dara iwu ahụ nwere ntaramahụhụ.</para>
      </listitem>
    </orderedlist>
  </article>
  <article number="12">
    <title>Nkeji edemede12</title>
    <para>Ọ dịghị onye a ga‐akwagide na nnyonye anya ezighi ezi n'ihe ọ‐cọghi ka ọha mara, ezinulo ya, ụlọ ya ma ọ bụ nzikọrịta ozi ya, ma ọ bukwa na mbuso agha megide ugwu na ezi aha ya. Onye ọ bụla newere ikike ịchọ nchedo iwu megide nnyonye anya ma ọ bụ mbuso agha ndị a.</para>
  </article>
  <article number="13">
    <title>Nkeji edemede 13</title>
    <orderedlist>
      <listitem>
	<para>Onye ọ bụla nwere ikike ohere ngagharị na nke obibi n'ime oke ala nke Steti ọ bụla.</para>
      </listitem>
      <listitem>
	<para>Onye ọ bụla nwere ikike ịhapụ ala ọ bụla, tiyere ala nke ya, ma nweekwa ikike ilọghachi n'ala ya.</para>
      </listitem>
    </orderedlist>
  </article>
  <article number="14">
    <title>Nkeji edemede 14</title>
    <orderedlist>
      <listitem>
	<para>Onye ọ bụla nwere ikike ịchọ ma nwetakwa n'ala ọzọ gasi ebe mgbanahụ mkpagbu.</para>
      </listitem>
      <listitem>
	<para>A gaghị akpọku ikike a n'ihe gbasara agbamakwụkwọ sitere ezie na mmebi iwu n'abụghị nke ndọrọndọrọ ọchịchị ma ọ bụ omume megidere ebumnuche na usoro nke United Nations.</para>
      </listitem>
    </orderedlist>
  </article>
  <article number="15">
    <title>Nkeji edemede 15</title>
    <orderedlist>
      <listitem>
	<para>Onye ọ bụla nwere ikike ịbụ nwa afọ n'ala ya.</para>
      </listitem>
      <listitem>
	<para>Ọ dịghị onye a ga‐esi n'uzọ na‐edoghi anya napụ ọbụbụ nwa afọ ya ma ọ bụ napụ ikike ịgbanwe ala ọ nwa afọ na ya.</para>
      </listitem>
    </orderedlist>
  </article>
  <article number="16">
    <title>Nkeji edemede 16</title>
    <orderedlist>
      <listitem>
	<para>Ụmụ nwoke na ụmụ nwanyị toruru ogo, n'enweghi ihe njigide ọ bụla site n'agbụrụ, ọbụbụ nwa afọ ma ọ bụ okpukpere chi, nwere iki ịlụ nwunye ma ọ bụ di nakwa ịmalite ezi na ụlọ nwere ikike nha anya n'ihe gbasara ọlụlụ di na nwunye, obibi di na nwunye na mgbasa ya.</para>
      </listitem>
      <listitem>
	<para>Ọlụlụ di na nwunye ga‐abụrịrị ma e nwere nkwekọrịta si n'obi zuru oke nke ndi chọrọ ilu onwe ha.</para>
      </listitem>
      <listitem>
	<para>Ezi na ụlọ bụ nkeji ntaọala site n'okike nke ndi nọ n'obodo ọ bụla; n'ihi ya, o kwesiri inwe nchedo ndi obodo na nke Steti.</para>
      </listitem>
    </orderedlist>
  </article>
  <article number="17">
    <title>Nkeji edemede 17</title>
    <orderedlist>
      <listitem>
	<para>Onye ọ bụla nwere ikike inwe ihe nke aka ya ma ọ bụ ya na ndi ọzọ inwekọrịta ihe.</para>
      </listitem>
      <listitem>
	<para>Ọ dịghị onye a ga‐esi n'ụzọ na‐edoghi any napụ ihe o nwere.</para>
      </listitem>
    </orderedlist>
  </article>
  <article number="18">
    <title>Nkeji edemede18</title>
    <para>Onye ọ bụla nwere ikike echiche, mmụọ na okpukpere chi masịrị ya; ikike a gbakwunyere ohere ịgbanwe okpukpere chi ma ọ bụ nkwenye ya, na ohere nke sọsọ ya ma ọ bụ ya na ndi ọzọ nwere n'ọgbọ ọha ma ọ bụ na nzuzo, igosiwapụta okpukpere chi ma ọ bụ nkwenye ya site na nkuzi, omume, ofufe na ndebe iwu.</para>
  </article>
  <article number="19">
    <title>Nkeji edemede19</title>
    <para>Onye ọ bụla nwere ohere uche aka ya na nkwupụta uche ya: ikike a gbakwunyere ohere ịkwụdo n'echiche n'enweghi nnyonye anya na nke ịchọ, ịnata na ịgbasa ozi na echiche site n'ụzọ ọ bụla n'agbanyeghi oke ala.</para>
  </article>
  <article number="20">
    <title>Nkeji edemede 20</title>
    <orderedlist>
      <listitem>
	<para>Onye ọ bụla nwere ikike iji aka ya soro n'ọgbakọ na otu.</para>
      </listitem>
      <listitem>
	<para>Ọ dịghị onye a da‐amanye isoro n'otu ọ bụla.</para>
      </listitem>
    </orderedlist>
  </article>
  <article number="21">
    <title>Nkeji edemede 21</title>
    <orderedlist>
      <listitem>
	<para>Onye ọ bụla nwere ikike iso n'ochichi obodo ya, n'onwe ya ma ọ bụ site na ndi nnọchite anya a họpụtara n'enweghi mmanye.</para>
      </listitem>
      <listitem>
	<para>Onye ọ bụla nwere ike nha anya inwete ọrụ obodo na ala ya.</para>
      </listitem>
      <listitem>
	<para>Uche ọha na eze ga‐abụ ihe mgbakwasị ukwu nke ike ọchịchị obodo; A ga‐egosipụta uche nke a site n'ezi ntụli aka a ga na‐eme kwa mgbe nke onye ọ bụla nwere ikike nha anya iso mee n'ụzọ nzuzo ma ọ bụ n'ụzọ ndi ọzọ ga‐enyekwa ya ohere ịtụliri onye masịrị ya aka.</para>
      </listitem>
    </orderedlist>
  </article>
  <article number="22">
    <title>Nkeji edemede 22</title>
    <para>Onye ọ bụlan,n'ọnọdụ ya di ka onye obodo, nwere ikike inweta nchedo obodo ma tozukwa oke inweta, site n'agbamdọ obodo ya na enyemaka mba ndi ọzọ dị ka nhazi na akụ na ụba Steti ọ bụla siri dị, ikike sitere n'akụ na ụba, ọnọdụ n'obodo na omenala, bụ ikike ndi dị oke mkpa mụ ugwu ya na ohere ntozu oke ya dị ka mmadụ.</para>
  </article>
  <article number="23">
    <title>Nkeji edemede 23</title>
    <orderedlist>
      <listitem>
	<para>Onye ọ bụla nwere ikike ịrụ ọrụ, iji aka ya họrọ ọrụ ọ ga‐aru, inọ n'ọnọdụ ọrụ ndi ruuru ya ma dịkwa mma, na inweta nchedo site n'ọnọdụ enweghiọrụ.</para>
      </listitem>
      <listitem>
	<para>Onye ọ bụla, n'enweghi ịkpa oke ọ bụla, nwere ikike ịnata ụgwọ nha anya kwesiri ọrụ ya.</para>
      </listitem>
      <listitem>
	<para>Onye ọ bụla na‐arụ ọrụ nwere ikike ịnata akwụmụgwọ ruuru ya ma dịkwa mma nke ga‐eme ka ya na ezi na ụlọ ya nwee obidi ndụ kwesiri ugwu mmadụ, nke a gbakwunyere, ma ọ dị mkpa, ihe ndi ọzọ e ji echedo ndụ n'obodo.</para>
      </listitem>
      <listitem>
	<para>Onye ọ bụla nwere ikike ịmalite na ibanye n'otu ndi ọrụ maka nchedo ihe ndi gbasara ya.</para>
      </listitem>
    </orderedlist>
  </article>
  <article number="24">
    <title>Nkeji edemede 24</title>
    <para>Onye ọ bụla nwere ikike ezumike na oge ezumike, tinyere mkpebi doro anya nke oge ọrụ ya na oge ezumike n'afọ nke ịkwụ ụgwọ ga‐esokwa.</para>
  </article>
  <article number="25">
    <title>Nkeji edemede 25</title>
    <orderedlist>
      <listitem>
	<para>Onye ọ bụla nwere ikike ịnọ n'obibi ndụ tosiri etosi maka ahụ ike na ọdịmma nke ya na nke ezi na ulo ya tinyere nri, uwe, ebe obibi na nlekọta ahụ ike na enyemaka di iche iche nke obodo, ya na ikike inwe nlekọta obodo n'ọnọdụ enweghi ọrụ, ọrịa, nkwarụ, isi mkpe, nka ma ọ bụ ọnọdụ ezughi oke ọzọnke ọ na‐apụghi igbochite.</para>
      </listitem>
      <listitem>
	<para>Ọnọdụ nne na nke nwata kwesiri inwe mkpachapụrụ anya na enyemaka pụrụ iche. Ụmụaka nile, ma a mụrụ ha n'alụmdi na nwuye ma a mụghi, ga‐enwe otu ụdị nchedo obodo a.</para>
      </listitem>
    </orderedlist>
  </article>
  <article number="26">
    <title>Nkeji edemede 26</title>
    <orderedlist>
      <listitem>
	<para>Onye ọ bụla nwere ikike inweta ọzụzụ. Ọzụzụ ga‐abụ n'efu, ọ kacha n'oge mmalite bụkwa oge ntọala ya. Ọzụzụ ụmụntakịrị ga‐abụ manye. Ọzụzụ nka na ụzụ na nke ọrụ aka ga‐adị maka onye ọ bụla chọrọ ha; ọzụzu dị elu ga‐erukwa onye ọ bụla aka n'usoro onye jiri tozuo maka ya.</para>
      </listitem>
      <listitem>
	<para>Ọzụzu ka a ga‐eji sogide nkwalite ntozu oke nke mmadụ na kwadosi ike nke nsọpụrụ maka ikike na ohere ntọala mmadụ nwegasiri. Ọ ga‐akwalite nghọta, ndidi na adimnamma n'etiti mba, agbụrụ ma ọ bụ otu okpukpere chi nile, ma kwalitekwa emereme nile nke United Nations na‐eme ka udo dịrị.</para>
      </listitem>
      <listitem>
	<para>Nne na nna nwere ikike izizi ịhọrọ ụdị ozụzụ a ga‐enye ụmụ ha.</para>
      </listitem>
    </orderedlist>
  </article>
  <article number="27">
    <title>Nkeji edemede 27</title>
    <orderedlist>
      <listitem>
	<para>Onye ọ bụla nwere ikike iji aka ya soro n'emume ọdịnala nke obodo, iri uru nke mmụta nka nakwa iketa oke n'ọganihu na uru nke mmụta sayensi.</para>
      </listitem>
      <listitem>
	<para>Onye ọ bụla nwere ikike nchedo uru ndi a hụrụ anya na ndi a hụghị anya sitere na mmepụta nke sayensi, edemede ma ọ bụ nka, nke e si n'aka ya nweta.</para>
      </listitem>
    </orderedlist>
  </article>
  <article number="28">
    <title>Nkeji edemede 28</title>
    <para>Onye ọ bụla tozuru oke inwe nbazi ime obodo na nke jikọtara mba na ibe ya, nke ga‐ekwe ka ikike na ohere ndi e gosipụtara na Nkuwuwaputa a zuo ezuo.</para>
  </article>
  <article number="29">
    <title>Nkeji edemede 29</title>
    <orderedlist>
      <listitem>
	<para>Onye ọ bụla nwere ọrụ ndi o tosiri ịrụrụ obodo ya bụ nanị ebe ntozu oke mmadụ nke ọ chọrọ ga‐esi pụta.</para>
      </listitem>
      <listitem>
	<para>Na ngosipụta ikike na ohere ndi o nwegasịrị, onye ọ bụla ga‐enwe nrube isi nye sọsọ mmachi ndi sitere n'usoro iwu a mara iji mee ka e nweta ezi nghọta na nsọpụrụ ikike na ohere ndi ọzọ nwegasịrị na iji nweta ezi ihe mgnakwasị ụkwụ maka ezi mkparamagwa, ndebe iwu ọha na ọdị mma mmadụ nile nọ n'obodo onye kwuo uche‐ya.</para>
      </listitem>
      <listitem>
	<para>A gaghị egosipụta ikike na ohere ndi a n'ụzọ ọ bụla ha ga‐esi megide ebumnuche na usoro iwu nke United Nations.</para>
      </listitem>
    </orderedlist>
  </article>
  <article number="30">
    <title>Nkeji edemede 30</title>
    <para>Onweghi ihe nọ na Nkuwuwapụta nke a a ga‐akowa dị ka ihe nyere Steti, otu ma ọ bụ mmadụ ọ bụla ikike ọ bụla itinye aka na emereme ọ bụla ma ọ bụ ime omume ọ bụla iji mebi ikike na ohere ọ bụla ndi a kọwapụtara n'ebe a.</para>
  </article>
</udhr>