<?xml version="1.0" encoding="UTF-8"?>

<!--© The Office of the High Commisioner for Human Rights-->

<udhr lang="qud" language="Quichua, Calderón Highland" xmlns="http://www.unhchr.ch/udhr">
  <title>TUCUY RUNACUNAPAC HATUM RIMAY</title>
  <preamble>
    <title>CALLARI</title>
    <para>Yuyashpa ima shina quishpiri, taripa, sumac causay pachapi, mashcanga ricsipi cusilla causayta, ayacunapi mana pi miticuchum, runacunapac ucullapi tián.</para>
    <para>Yuyashpa mana ricsicuna runaman millayhuán ricuchum ñausashina pishihuán. Caycuna tucuy llaquicunata apamushca; chaymantami tucuylla ninchic, runacuna, pacha callaricpi mana manchay, huaccha llaqui charic carca, quishipita munashpa, rimaytapes cusilla cacharishpa, paycunahuánmi huiñarca.</para>
    <para>Yuyashpa runacunapac ancha allimi taripacuna mitsachum, mana runacuna cayta ricushpa hatum piñayhuán jatarichum.</para>
    <para>Yuyashpa mashcanami llactacunaman, pay pura, mayjanpes cachum tandarishpa alli causayta catina.</para>
    <para>Yuyashpa imashinami llactacuna tinguinacushca HATUM SUYUPI, catishpa alli yuyayhuán quella rurashcata, mana astahuán runacunata llaquichichum sumaclla cari, huarmicuna shuc maquillahuán causachum; chaymanta ninchic, puricunahuán shucla pachaman chayashum quishpicunahuán.</para>
    <para>Yuyashpa imashina llactacunapes mingayta rurashca, tandarishca mama suyupi, rimayta cushcami tucuy runa quishpihuán causachum.</para>
    <para>Yuyashpa chay taripacunaca astahuán allimi tucuyllacunapac, runacunapac, maypipes tiacuchum cay ura pachapi.</para>
    <para>HATUM TANDARI</para>
    <para>Nin, cay shuricunata, tucuy runacuna uyachum, imashina llactacuna, utiuc, hatum cachum tandari quipa sumacta rimarishpa, tutamanta, punlla, chishi, tuta cachum, llactacunallatac, ayllucunaman runacunama yachay huasipi shina yachachinga cay nishcacunata. Chaymantami pacarina shina llugshinga quishpicuna, alli causaycuna tucuypaglla.</para>
  </preamble>
  <article number="1">
    <title>Shayana 1</title>
    <para>Tucuy runacuna quishpirihuán huiñán, pactacunahuampes, pay pura, umahuán, ayahuán chay shucuna shina, chaymantami shuclla shina causangacuna.</para>
  </article>
  <article number="2">
    <title>Shayana 2</title>
    <para>Tucuy runacuna paycunapac charín quishpita; rimaycunapi nishcata, misho, yana, quillu cachum, cayta, chayta nichum, rimachum, Pachacamac charichum mana charichum, charic cachum, mana charic cachum, caypi huiñashca cachum, shuctac llactapi huiñashca cachum.</para>
    <para>Chasnalatac mana astahuán alli llacta cangachu, paypac allpacuna shuctac maquicunapi tiacuc, quishpilla cacpipes. Quishpicunata sisachinallami, millay runacuna munacpi, mana munacpi.</para>
  </article>
  <article number="3">
    <title>Shayana 3</title>
    <para>Tucuy runacunami quiquin causayta, quishpita charín, mana pi shuashina caminga.</para>
  </article>
  <article number="4">
    <title>Shayana 4</title>
    <para>Mana pi cay pachapi yanacuna, mitayucuna canga; yana catuc anchurichum tucuy llactacunapi.</para>
  </article>
  <article number="5">
    <title>Shayana 5</title>
    <para>Mana pi ñacaychinga, pingay macaycunatapes mana cungachum runacunaman.</para>
  </article>
  <article number="6">
    <title>Shayana 6</title>
    <para>Tucuy runacunami paycunapac quiquin causayta charín taripa allichicunahuán.</para>
  </article>
  <article number="7">
    <title>Shayana 7</title>
    <para>Tucuymi chasnallatac can taripa ñaupapi, tucuymi paypac alli maquipi churaringa. Tucuymi shuclla causaymanta huiñarcanchic, mana pi cayta quichuchum.</para>
  </article>
  <article number="8">
    <title>Shayana 8</title>
    <para>Tucuy runacunami taripa huasicunaman chayanga, chaypi mashcangapac mana chay shuccuna millayta mashcachum. Hatum quellacunami tucuy llactacunapi caytucuyta ricunga sinchi ñahuihuán.</para>
  </article>
  <article number="9">
    <title>Shayana 9</title>
    <para>Mana pi amsa ucuman apanga, shuctac allpacunamantapes pi surcunga.</para>
  </article>
  <article number="10">
    <title>Shayana 10</title>
    <para>Tucuy runacunami shinallatac canga quiquin pura shina, caypica pay nishcacunata uyanga cuna, rucucuna cacpi, taripa cacpi, chaypimi quellacunata ricunga mana millayta uyashpa.</para>
  </article>
  <article number="11">
    <title>Shayana 11</title>
    <orderedlist>
      <listitem>
	<para>Tucuy runacunami llaquita charishpa paypac millacunahuán mashcanga mana chaychu nishpa, imashina taripacuna nin. Yaya taripacuna mashcanga mitsata.</para>
      </listitem>
      <listitem>
	<para>Mana pi amsa ucuman apanga pandari nishcamanta, imashina nin quiquin llactacunapac quellca, mashcanacungami haum llaquichi, tucuylla allí ricuyhuán ricushpa.</para>
      </listitem>
    </orderedlist>
  </article>
  <article number="12">
    <title>Shayana 12</title>
    <para>Mana pi shuctac miticucpi urmanga quiquin causaypi, ayllucunapipes, alli shutipipes illaringa chasnacuna millayta cushca nishpaca.</para>
  </article>
  <article number="13">
    <title>Shayana 13</title>
    <orderedlist>
      <listitem>
	<para>Tucuy runacunami maipipes puringallami, paypac allpa llactapi.</para>
      </listitem>
      <listitem>
	<para>Tucuy runacunami llugshingalla shuctan llactacunaman, cutín paypac quiquin llactaman tigrangapac.</para>
      </listitem>
    </orderedlist>
  </article>
  <article number="14">
    <title>Shayana 14</title>
    <orderedlist>
      <listitem>
	<para>Pi caticucpi, runacuna maypi miticunata mashcan, mana pi chaymantaca llugshichinga, mayjan llactapi cachum.</para>
      </listitem>
      <listitem>
	<para>Cay miticunapi, masna taripa nicpi, runa millay cacpipes mana llacta cayahuán ricunga.</para>
      </listitem>
    </orderedlist>
  </article>
  <article number="15">
    <title>Shayana 15</title>
    <orderedlist>
      <listitem>
	<para>Tucuy runacuna quiquin llactata charinga.</para>
      </listitem>
      <listitem>
	<para>Mana piman quiquin llactata quichunga, nishpapes shuctala llactata mashcanga.</para>
      </listitem>
    </orderedlist>
  </article>
  <article number="16">
    <title>Shayana 16</title>
    <orderedlist>
      <listitem>
	<para>Caricuna, huarmicuna, longocuna cashpa, mana pi munashpa shuctac carahuán, shuctac llactahuán tinguinacungallami yaya, mama cangapac, chasna causangallami alli tandarishca, tinguinacuymi cari, huarmi zapalla saquiricpi.</para>
      </listitem>
      <listitem>
	<para>Cari, huarmi nicpila tinguinacunga cuna.</para>
      </listitem>
      <listitem>
	<para>Ayllucuna ñaupamanta shamun, paycunami tucuy allpapi tandarishpa llactata rurán.</para>
      </listitem>
    </orderedlist>
  </article>
  <article number="17">
    <title>Shayana 17</title>
    <orderedlist>
      <listitem>
	<para>Tucuy runacunami paycunapac quiquin allpata charinga, paycunala, hatum tandaripacpes.</para>
      </listitem>
      <listitem>
	<para>Mana paycunapac allpacunata quichunga.</para>
      </listitem>
    </orderedlist>
  </article>
  <article number="18">
    <title>Shayana 18</title>
    <para>Tucuy runacuna yuyay quishpita, Pachacamac yuyacta charín; chaylapitac saquingacuna Pachacamac yuyay shuctac yuyacunahuán. Caycunataca paylatac, tandarishca cacpipes chayshuc cuna uyachum yuyaycunapi cacharichum.</para>
  </article>
  <article number="19">
    <title>Shayana 19</title>
    <para>Tucuy runacunami yuyanata, rimanata quishpichingalla. Mana pi paypac yuyaycunamanta caminga, quichunga. Rimay cunatapes cacharincunallami caycuna alli cacpi ushacunata catishpa imashinapes cachum.</para>
  </article>
  <article number="20">
    <title>Shayana 20</title>
    <orderedlist>
      <listitem>
	<para>Tucuy runacunami quishpi tandaycuna ruranga mana pi piñachichum.</para>
      </listitem>
      <listitem>
	<para>Mana pi cay tandaycunaman piña nishpa apanga.</para>
      </listitem>
    </orderedlist>
  </article>
  <article number="21">
    <title>Shayana 21</title>
    <orderedlist>
      <listitem>
	<para>Tucuy runacunami llacta camayu cunapi curaga shina ruranga paylatac, shuctac cunapi shutipi.</para>
      </listitem>
      <listitem>
	<para>Tucuy runacunami camayuc cunaman chayanga, mana shuccuna astahuán chayshu canahuán cachum.</para>
      </listitem>
      <listitem>
	<para>Ayllucunapac quiquin yuyaycunahuán camayucunata purichinga; chaycunataca alli acllayhuán mashcanga; cay alli aclla tandarica huata, huata quipa ruraringa, acllapica upalla shitanga, ama shitay amsapi chingarichum.</para>
      </listitem>
    </orderedlist>
  </article>
  <article number="22">
    <title>Shayana 22</title>
    <para>Tucuy runacunami ayllupac cashpa charingacuna sumac ricuy, llactacunallapitac quiquin pura mashcanga cuna, paycunapac ancha ministicuna, allí yuyaycunahuán tucuy causachum.</para>
  </article>
  <article number="23">
    <title>Shayana 23</title>
    <orderedlist>
      <listitem>
	<para>Tucuy runacunami llangata charinga paycunalatacmi llanga mayta mashcanga, mana chasnalla shitashca causangapac.</para>
      </listitem>
      <listitem>
	<para>Tucuy runacunami alli cullquita japinga, mana shuc cunaca alli, chayshuc cunaca yaricay puchu cunahuán.</para>
      </listitem>
      <listitem>
	<para>Tucuy runacunami paypac llangacunamanta cullquita japinga, pay, huarmi, huahua ayllucuna micunapac, churanapac charichum.</para>
      </listitem>
      <listitem>
	<para>Tucuy runacunami nishpaca tandarita ruranga, paylatac chaypi tandaringa shuctac cunahuán.</para>
      </listitem>
    </orderedlist>
  </article>
  <article number="24">
    <title>Shayana 24</title>
    <para>Tucuy runacunami samayta charinga llanga quipaca, chasnallatac punllacunapi cayta, chayta puringa, rimanga shuyunata quichungapac, chaypacca cullquita japinga.</para>
  </article>
  <article number="25">
    <title>Shayana 25</title>
    <orderedlist>
      <listitem>
	<para>Tucuy runacunami alli causayta charinga, paypac huarmi, huahuapes chasnallatac causanga, unguyta quichushpa, micunapes alli cachum, churanacuna, huasitapes tucuyllami charinga; mana llanga charishpa, unguyhuán, rucuyashpa, huacchayashpa hatum apucuna tucuyta chasna cachum ricunga.</para>
      </listitem>
      <listitem>
	<para>Chichu huarmipes, llullu huahuacunapes alli causaytami charinga. Tucuy llullu huahuacuna, tinguy mana tinguy huiñashca, chasnallatac shumay causayta charinga cuna.</para>
      </listitem>
    </orderedlist>
  </article>
  <article number="26">
    <title>Shayana 26</title>
    <orderedlist>
      <listitem>
	<para>Tucuy runacunami yachachi huasiman chayanga. Yachayca mana cullquihuán randinachu, tucuypacmi yangalla huahua huasicunamanta hatum yachay huasiman ringa.</para>
      </listitem>
      <listitem>
	<para>Yachachimi canga uma hatumhuán, aicha sinchiyachum, chaylapitac quishpita apachum tucuy llactacuna tandarichum sumaclla, quiquin pura alli causachum.</para>
      </listitem>
      <listitem>
	<para>Yayacuna paycunalatac mashcanga manashca yachachita churi, hushushicunaman.</para>
      </listitem>
    </orderedlist>
  </article>
  <article number="27">
    <title>Shayana 27</title>
    <orderedlist>
      <listitem>
	<para>Tucuy runacunami paypac ayllucunapac causayta causanga. Hatum yachanacunatapes ministishpa mashcanga paypac chayshu cunapapes.</para>
      </listitem>
      <listitem>
	<para>Tucuy runacunami yachayuc manta japinga masna paymanta shuctac yachayuc cuchum.</para>
      </listitem>
    </orderedlist>
  </article>
  <article number="28">
    <title>Shayana 28</title>
    <para>Tucuy runacunami paypac quiquin llactapi, chayshuc llactacunapipes quishpicunata, alli cunatapes hatum quellcapi nishcata taringa, ima shina llacta mama rurarca.</para>
  </article>
  <article number="29">
    <title>Shayana 29</title>
    <orderedlist>
      <listitem>
	<para>Tucuy runacunami chayshuc cunahuán llactaman anchata cuyanga, paycunalatac quipaca quishipirichum.</para>
      </listitem>
      <listitem>
	<para>Caytucuy nishcacunata tucuyllami yachan, chaymantami huaquichina mana chingarichum; ayllucuna, llactacuna sumaclla tiachum, mana chayshu cunaman quichushpa, camishpa, millashpa. Llactacuna alla shayarichum, quipa mana huacangapac.</para>
      </listitem>
      <listitem>
	<para>Cay quishpi cunaca mana pi japingachu jarcangapac mana hatum llacta nishca cunata, paypac hatum tandari quipa.</para>
      </listitem>
    </orderedlist>
  </article>
  <article number="30">
    <title>Shayana 30</title>
    <para>Mana ima cay rimaycunamanta rimanallachu, shuctac llactacunaca mana cayta japingachu quiquinta rurangapac, runacunapes, ayllucunapes mana shinallatac paypac causaypi churunga chayshuc cunaman quichusha nishpa caya sumac rimayta.</para>
  </article>
</udhr>
