<?xml version="1.0" encoding="UTF-8"?>

<!--© The Office of the High Commisioner for Human Rights-->

<udhr lang="ura" language="Urarina" xmlns="http://www.unhchr.ch/udhr">
  <note>
    <para>"Niha chatohanai ne, raotojoeein itarai rucuecuruha ne jaannu", nain aitiin laeneratecure La Asamblea de las Naciones Unidas canaacaanu que, cana temurau nenacauru-cocoainanacaihuri 10 janoniha disiembere ne bana, 1973 ajaanaa ne bana. Nitohaneein ichacuruhane baihate aitoroatecure cana temurau nenacauru-cocoainanacaihuri itolere sacutaain escoela cuhane ereretaain beebejeuruha satiin nerelanacaauru leijiin inejeein cautelanaalane coina.</para>
  </note>
  <title>SATIIN CAA CHAURUATANE QUE NENACAAURU CACHAAURU RAl RAUHI</title>
  <preamble>
    <title>Nunue</title>
    <para>Satiin, cachaauru raite ne rauhi. Nii jaun, nainihei chaque ereein nihacane jaannu, jiniiquiin, raotojoeein, ita cailichanaa coauquelanaala, rauhij iriin nenaa j erichaache ne. Nitohanai coitucuhin neniha cachaauruna jaunte, ita cailichairiin nihane, ichaoore cachaauru. Nii jaunna, neruujiha saain, itolere cachauru ne jerichaanu; itolere raotojoeein ichaohin aúiihaneein, niicha esenetai esenetaain, niicha coacui que ereerejeein, naojoaain niha cachaauru ne jerichaanu.</para>
    <para>Saain acaauru cachaauru coroatajanemii, saain itolere gobiernooru, nabana aiha nejerateein, naojoaain niha rai cachaauru ne coataa.</para>
    <para>Caohachaain ita coaraain, naaojoaain neeuruhine leeocha gobierno aina itolere caa chauruatane sacutaain nenacaauru gobiernooru.</para>
    <para>"Caohatoha naain jeriha laurilaurichuru nenacaauru gobierno, caa canaacaanu aitoojoan que na jaun, uain caohachaain cachaauru coroataj anecurumii te, caoachaain neruujueein neeuruhine.</para>
    <para>"Caohatoha carai," naain ereeuri gobiernooru, esiahen rauhijiriin, caa aitocoaanu ne rijijieein tonoraain ichacurumiite raotojoeein jianacoo nenaa nainecurumii, saain rai cachaauru.</para>
    <para>Nii jaun te, caohachae saain itolere neein coitucuuruha saain cachaauru ne caohachae, rauhij iriin ichacuruhane coina.</para>
    <para>CARITIIN TE AlTUCURE LAURILAURICHURU CAJE UNACAURU CURAANAACURU ITA TAOJIAIN</para>
    <para>Nii jaun, itolere sacutaain cachaauru relauruhinete, coitucuhin, "Naojoaain te chuisi ne cana rai rauhi," naain coticuuruhine cachaauru laurilaurichuru nenacaauru. Nitohaneeinte, jeraaen cuujuein nitohaniha cureein.</para>
  </preamble>
  <article number="1">
    <title>Articulo 1.</title>
    <para>Ita rijiicha itolere cacha. Aihana jaun, ita belaain, naojoain neuruhine laurilaurichuru nenacaauru aina itolere cachaauru.</para>
  </article>
  <article number="2">
    <title>Articulo 2.</title>
    <para>Satiin cachauru raite ne, jericha nejeein acaauru rai rauhi, ita jeloon cuhin. Nii jaun, nihei chatohaneein, jichojoai, bacauha, ijiaen, jorio, batirichuru, coriqui neba, cailichai cacha, cocoamo, shipibo, acoarona, saain niichuru te jericha nejeein ne, acauru rai rauhi.</para>
    <para/>
  </article>
  <article number="3">
    <title>Articulo 3.</title>
    <para>Aihana jaunte ne, satiin cachaauru rai rahui, raotojoeein rerohecaeraelanaala, jerihane tocohaneein ichaoha cacha ne coina.</para>
  </article>
  <article number="4">
    <title>Articulo 4.</title>
    <para>Aihana jaun, nijiaonriha atebihaen rai cha que erenaa rijitiin, namute cacha letoain niha cachaaurune.</para>
  </article>
  <article number="5">
    <title>Articulo 5.</title>
    <para>Jiaonriha chunei cacha cunaitain, naojoain neeuruha cocoainanacaihurine.</para>
  </article>
  <article number="6">
    <title>Articulo 6.</title>
    <para>Cha rijijiein teein ti neseeu nenacaauru que suujua acateein caohachaain raaure. Nii rijijiein chu joaenreein nirljleln nenacaauru cachaauru- nuna cocoaicha naojoain que suujua acateein caohachaain coaraain naojoain neeuruhine cocoainanacaihuri.</para>
  </article>
  <article number="7">
    <title>Articulo 7.</title>
    <para>Joaenreein cacha, niha acaauru rai chatohanai ine, cocoainanacaihuri rai ereeuruhinete, acaauru coroatajanemii cocoainanacaihuri te aitoha caa rauhi ne riJlJleln neine cachaauru rai rauhi.</para>
  </article>
  <article number="8">
    <title>Articulo 8.</title>
    <para>Rauhijiriin caa erenaa tonoraain ichacureniha cocoainanacaihurine acaaru curaanaa rai beeuruhine cachaaurute, rucuecuruhine acaauru aina acaauru curaanaa.</para>
  </article>
  <article number="9">
    <title>Articulo 9.</title>
    <para>Jiaonriha, atiin joaenreein leera colane cacha mucuhin caresero cuhane teein, naojoain neeuruha cocoainanacaihurine. Chaen chu, coa nii natane caje sitaaln, leeocha ataneu letoauruha cocoainanacaihuri, joaenreein leera colane.</para>
  </article>
  <article number="10">
    <title>Articulo 10.</title>
    <para>Satiin cachauru raite ne rauhi, casetecaa cocoainanacaihurine ajiiniha ereein naojoaunruha en coina. Baaso ichaain, chatohaneein cacha basijiauhin naojoaain neeuruha cocoainanacaihurine leeocha cocoainanacai, n ii cocoainanacai arai nihei, que rucuerateeuruhine cachaauru. Chaen chu chatohaneein cocoainanacaihuri rai chatohaneein ichaain asijiauhin, naojoaain niha cacha ne, jericha nejeein leeocha cocoainanacai, nii cacha arai nihei cocoainanacai que rucuerateeuruhine. Chaen nii neruujue bana, aonaa ne coina turuha cacha ne, jiaonriha sitaain, naojoaain niha cocoainanacai te neruujiha nii ine aonaain, neeuruhine cachaauru.</para>
  </article>
  <article number="11">
    <title>Articulo 11.</title>
    <orderedlist>
      <listitem>
	<para>Caohachaai, rucujuelanaala cacha casetecaain niha cocoainanacai ine. Caohachaain coitucuhin, "Esihaen te chuhisi, baaso ichae," naain caohachaain coitucuera lanaala joaenreein cacha casetecaain niha cocoainanacaine caohachaai.</para>
      </listitem>
      <listitem>
	<para>Jiaonriha jaiti cocoaaerae nihane jana chatohanai ichaa cacha ne mucuhin neeuruha cocoainanacaihurine.</para>
      </listitem>
    </orderedlist>
  </article>
  <article number="12">
    <title>Articulo 12.</title>
    <para>Satiin cachauru coaramii cocoainanacaihuri. Nabana leijiiin cacha nenajau turuhin reroecanaa coacuhin ninahuene. Aca te naojoaain, n e chu aansaaineein ne, "naain joaenreein que ereein ita reroecanaa coacuhin naojoaain neeuruhane, nabana cocoainanacaihuri netonai nii esenetaain, cacha reroecanaa coaucuruha ne coataa. Jiaonriha chu chaen, leijiin cacha rai, letono quiricha raain, coaraain naojoaunruha nejelaauru ne.</para>
  </article>
  <article number="13">
    <title>Articulo 13.</title>
    <orderedlist>
      <listitem>
	<para>Niha rauhi, satiin cacha rai, chunijiu ichaonaa jerihana jaun ichaoha ne coina.</para>
      </listitem>
      <listitem>
	<para>Chaente chu ne, satiin cachaauru rai rauhi, chunijiu atane cuhin ichaonaa jeriha ne ichaoha cuuruha ne coina. Chaen te chu ne, acaauru rai rauhi, jeliha natane caunaa jerecuruha ne, caauruha ne coina.</para>
      </listitem>
    </orderedlist>
  </article>
  <article number="14">
    <title>Articulo 14.</title>
    <orderedlist>
      <listitem>
	<para>Niha rauhi, niha reroecaera natane ne, chunijiu nejelau atane cuin raotojoeein ichaaouruha cachaauru ne jaan nu.</para>
      </listitem>
      <listitem>
	<para>Jana, chatohaneein soserena neein, asijiauto neein, naojoaain niha cacha ne, nihei rai rauhi, nejelau atane cuhin soroha ne coina.</para>
      </listitem>
    </orderedlist>
  </article>
  <article number="15">
    <title>Articulo 15.</title>
    <orderedlist>
      <listitem>
	<para>Satiin cacha rai te ne rauhi, nataneu-nenacaauru laurijira niha ne baiha nejelau atane nenacaauru laurijira niha cuha cacha ne.</para>
      </listitem>
      <listitem>
	<para>Niichuru jericha nejeein nataneu caoachaain coaracuruha naraichuru ne rijijiein caoachaain coaracurumii nejelau atane nenacaauru.</para>
      </listitem>
    </orderedlist>
  </article>
  <article number="16">
    <title>Articulo 16.</title>
    <orderedlist>
      <listitem>
	<para>Niha rauhi, ita rijijiein ichauhena neeuruhane, ene aina ita raain naaojoaunruha cachaauru ne jaan nu. Jericha nejeeinte quicha rai niha rauhi ne rijijiein, ne, enecuru rai rauhi. Coa chu chaen, chatohaneein bacauha, cocoamo, ijiaen, naaojoaainejeein ranaa jeriha joaenreein, ene, quicha, naaojoaaine, coa caóhateeuruha.</para>
      </listitem>
      <listitem>
	<para>Aca jeria ne jana, jereniha nii ene ne jana, raa cacha ne, caohachaai.</para>
      </listitem>
      <listitem>
	<para>Ene raain niha quicha ne, coaracurumiin cocoainanacaihuri; nabana charijieinejeein ita que nererojoecaain ita jianecuruha ne coataa.</para>
      </listitem>
    </orderedlist>
  </article>
  <article number="17">
    <title>Articulo 17.</title>
    <orderedlist>
      <listitem>
	<para>Satiin cachauru rai te ne rauhi, rai rucuheleeuru, rai atane, naaojoaain erora neein niha ne coina.</para>
      </listitem>
      <listitem>
	<para>Chaen chu, joaenreein coreniha rai rucuheíeeuru, rai atane, naaojoaain caje sitaanaa nainihei cacha, nihei cocoainanacaihuri niha natiin.</para>
      </listitem>
    </orderedlist>
  </article>
  <article number="18">
    <title>Articulo 18.</title>
    <para>Niha satiin cachauru rai rauhi, Cana Coaunera ere esenetaain tonorana jeriha ne, tonoraauruha jianacoo neein cha que tonajelanaala ne coina.</para>
  </article>
  <article number="19">
    <title>Articulo 19.</title>
    <para>Niha chu chaen rauhi cachaauru rai, niicha coacui, cachauru rai beein, naaojoaunruha ne coina. Nainihei nii coreniaa acaauru mucuhin niha cocoainanacaihuri ne.</para>
  </article>
  <article number="20">
    <title>Articulo 20.</title>
    <orderedlist>
      <listitem>
	<para>Niha chu chaen, cachaauru rai rauni ita taojiaain chaelai que ereereena jerecuruha ne, ichacuruha chaelai que tonajelanaalane coina.</para>
      </listitem>
      <listitem>
	<para>Niha chu chaen, cachaauru rai rauhi, ita taojieraauru aina nenaa jereniha ne, cuheniha ne coina.</para>
      </listitem>
    </orderedlist>
  </article>
  <article number="21">
    <title>Articulo 21.</title>
    <orderedlist>
      <listitem>
	<para>Niha chu chaen, cachaauru rai rauhi, necoriha cocoainanacaine jerecuruha ne, "Aca aca nemii", naain leijiin coaraain aca jeriha cachaauru ne aca cocoainanacainein neme.</para>
      </listitem>
      <listitem>
	<para>Niha cachaauru rai rauhi, "Aca aca nemii," naain ereeuruha saain cachaauru ne coina.</para>
      </listitem>
      <listitem>
	<para>[Missing?]</para>
      </listitem>
    </orderedlist>
  </article>
  <article number="22">
    <title>Articulo 22.</title>
    <para>Niha satiin cachaauru rai rauhi, reroecaerae lanaala, raotojoeein neeuruha cachaauru ne coina. Niha acaauru reroecaera ne, acaauru coroatajaneine acaauru gobierno.</para>
  </article>
  <article number="23">
    <title>Articulo 23.</title>
    <orderedlist>
      <listitem>
	<para>Niha chu rauhi amihaniha cachaauru ne coina. Niicha rautaai amihanenaa coaraain que amihaneeuruha cachaauru ne coina. Niicha rautaai amihanenaa coaraain que amihaneeuruha cachaauru ne coma.</para>
      </listitem>
      <listitem>
	<para>Chaen chu, ita rijijiein amiania cacha ne, ita rijijieein core raauruha ne te, caohachae.</para>
      </listitem>
      <listitem>
	<para>Raujiaain caohachajeein canaauruhine amihanenacaaurute, raotojoeein sinij iera aina jiniiquiiin, bereecuru aina raotojoeein ichaooruhine chacaauru.</para>
      </listitem>
      <listitem>
	<para>Niha chu cachaauru rai rauhi, niha chatohanai, ne, ita taojiaain jiniiquiin fatoroon aina rucuhecuruha ne coina.</para>
      </listitem>
    </orderedlist>
  </article>
  <article number="24">
    <title>Articulo 24.</title>
    <para>Niha chu rauhi, le janonaa cuhane nesuruhin basiijiin nebetacaain naaojoaain neeuruha cachaauru en jaan nu. Niha chu cachaauru rai rauhi carajaain amihaneeuruha ne, acaauru rai nebetacanaa tiha fatoroon core aina ne coina.</para>
  </article>
  <article number="25">
    <title>Articulo 25.</title>
    <orderedlist>
      <listitem>
	<para>Niha chu chaen rauhi, biinaa, camotojoe, canaanaihuru, cunaitenacaauru, naaojoaihunri coroatajaniha gobierno ne coina. Nabana escoela que lanaain, nabana itolere que lanaain neeuruha itolere cachaauru ne coataa.</para>
      </listitem>
      <listitem>
	<para>Chaen chu, leeochaauru coroatajaniha ne amuritoheriin, jelai neein canaanai siirichaauru enecuru coroatajaneeine, nii beree aina curuaecaain gobierno. Chaen chu ujuateje rijijiein, nenacaauru canaanaihuru coroatajaneeine gobierno.</para>
      </listitem>
    </orderedlist>
  </article>
  <article number="26">
    <title>Articulo 26.</title>
    <orderedlist>
      <listitem>
	<para>Niha satiin cachaauru rai rauhi, core colane nirijiein nerelaain naaojoaain, quiricha inain naaojoaain niha cacha ne coina.</para>
      </listitem>
      <listitem>
	<para>Chaen escoela cuhane nerelaauruhine itolere que, raotojoeein j iniiquiiin, ichaonaa nijianai que, nerelaauruhine te, joaenreein bacauha aina nia natiin, raotojoeein ichaooruhine.</para>
      </listitem>
      <listitem>
	<para>Niha rauhi, bereecuru rai, niicha rautai escoela coaraain, cuu bereecuru teein naaojoaain niha inacaauru ne jaan nu.</para>
      </listitem>
    </orderedlist>
  </article>
  <article number="27">
    <title>Articulo 27.</title>
    <orderedlist>
      <listitem>
	<para>Niha chu chaen, cachauru rai rauhi, niha besta ne, niha chatohanaine, ita taojiaain, naaojoaain neeuruha cachauru ne, cunaa jerei cuhin, naaojoaan ne coina.</para>
      </listitem>
      <listitem>
	<para>Niha rauhi, cachaauru rai, chatohanai niicha coitucui ichaain que necoreteein core raa cachaauru ne coma.</para>
      </listitem>
    </orderedlist>
  </article>
  <article number="28">
    <title>Articulo 28.</title>
    <para>Satiin cachaauru rai te ne rauhi, esihaen rauijiriin caa rauhi cuhane aitoha ne rijijiein.</para>
  </article>
  <article number="29">
    <title>Articulo 29.</title>
    <orderedlist>
      <listitem>
	<para>Chaen chu, ita coroatajaneeuruhine cachaauru, ita acatiha tacaain.</para>
      </listitem>
      <listitem>
	<para>Nihei, chunei cacha rai rauhi, leeocha cacha rai rauhi que nererojoecaain niha cacha ne jaan nu.</para>
      </listitem>
      <listitem>
	<para>Chaen chu, nainihei caa icharaauru aina nererojoecaain niha cachaauru ne jaan nu.</para>
      </listitem>
    </orderedlist>
  </article>
  <article number="30">
    <title>Articulo 30.</title>
    <para>Nainihei chu, chunei gobierno, atane curuanaa, naaojoaain niha natiin, caa rauhi ichara nichaanu ne aina nererojoecaain neeuruha ne jaan nu.</para>
  </article>
</udhr>
