<?xml version="1.0" encoding="UTF-8"?>

<!--© The Office of the High Commisioner for Human Rights-->

<udhr lang="cot" language="Caquinte" xmlns="http://www.unhchr.ch/udhr">
   <note>
      <para>Ovegarataca 10 de diciembre 1948, icapiocajiaca oshequini caquintepae poneaguetanquitsica maasano quepatsipaequi. Icantajitiri "La Asamblea General de las Naciones Unidas". Iriojiaqueate capiocajianquitsi itigancanepae imajirotejia iriatimpa. Ivetsatacojiacaroqueate tioncanentsipae tioncanquitsica acaniqui paperiqui. Icanque ocameetsataque antajiaquero maasano ocatica itioncacotaqueca. Tee oncameetsateji inchoocataque tsaneapi tsatacaj ironeca. Aisa icanque ocameetsataque antioncajiaqueneri maasanovio caquintepae iguenquetsatsarequi iriatimpa intsaj iaquenij i te. Ocameetsataque avaraaquero quereocagueti ichoocajiguigueti caquinte ontaniqui iquintenipaequi, shicoipaequi, querocagueti. Ocameetsataquequeate antsatacaajiaqueri maasano agonoropae cantaguetanquitsica ocaniqui tioncanentsiqui, intsamajajiaqueronijite.</para>
   </note>
   <title>QUERO ANCOTAVACAAJIAQUEMPANI MAASANO CAQUINTE ANCHOOCMIAQUENIJI CAMEETSA</title>
   <preamble>
      <title>Jero oca iroqueti anquenqueajiaque:</title>
      <para>Ariqueate aquejetavacaajiaca maasano. Anintajiaque anchoocajiaque cameetsa. Tee oncameetsateji iromperanajiacaji itsipapae, tee oncameetsatej iramataviij iacaj i, tee oncameetsatej i iraacaantsiitacaj i, tee oncameetsatej i irashimirintaj iacaj i. Aatogueti itsatiro maasano caquinte ocatica tioncanquitsica, aato achoocajigui cameetsa.</para>
      <para>Atsajiaque caaviji ocameetsamajaque ancavintsaajiaqueri itsipapae caquintepae. Irooquea cotanquitsi chooca atsipetacaaj iacarica i tsipapae. Teequeate oncameetsateji. Tee amejiguemparoji yantajiguica iriatimpa. Tee anintaj igueji inchoocaque catsimatashitacaj ineca arigueti anquenquetsajiaquero quejetaroca aninque antsavetacotanqueri Aapani Irioshi. Tee oncameetsateji irinijashinaj icaji. Ocameetsataque anquemisantajiaquero taaca opajitapae anintajiaqueca. Tee anintajigue inchoocaque catsimatimentacajironeca, iroguenti anintajiaque anchoocaque cameetsa, aatoquea ashoshoguitetimentiro taacaopajitapae. Aisa anintajiaque onchoocaguetaque ashecapae, avatsacaropae, maasano, aatonijite ashimampoancajiga.</para>
      <para>Atsajiaquequeate aisa ocameetsataque impigamentajiacaji irira majirontaguetatsica aisa coareta, maasano. Teequeate oncameetsateji incatsimatashicaji. Aisa arica incatsimatashij iacaj i itsipapae, ocameetsataque iramicaj iamaj irote, aatoquea yoguishinej iri catsimajiacajinemeca, mana irogameetsantavaqueri, aatoniji maasano acatsimatavacaga.</para>
      <para>Atsajiaquequea aisa ocameetsataque incavintsajavacaajiaquempa maasano caquinteguetatsica.</para>
      <para>Ariqueate aquejetavacaajiaca: chooca cameetsaguetatsica anintajiaqueca. Irootaquequea acapiocantajiacaca ocaniqui, aquenaguepojaque maasano guinteninintsipaequi. Icameetsajiaque maasano caquinte: tee oncameetsateji anaaqueri, tee oncameetsateji ashirontimentempari. Choocaqueate amejigaca aisaquea anintajiaqueca maasano: shirampari, manquigarentsi, maasano. Anintajiaque anchoocajiaque cameetsa onchoocaguetanaquenijite anintaguequeca.</para>
      <para>Aroguentiqueate itigancanejia agonoropae ontaniqui aguintenipaequi, acoraquepinijiaque acaniqui atsatacaavacaajica. Atsipajiacaca Naciones Unidas, maasano anintajiaque aguishinejajiaqueri maasano caquintepae icoacocaca aisa aguishineavacaajiaquempa cameetsaguetatsica amejiacaca. Tee oncameetsateji amperanajiguemparigueti itsipa.</para>
      <para>Ariqueate ocameetsataque antioncajiaqueneri maasano caquintepae ocatica anejaguequeca cameetsa. Ocameetsataque irimajiaquero maasano caquinte: tee oncameetsateji inchoocate tsaneaquemparineca.</para>
      <para>Irootaquequeate notioncantajiacaroca naatimpavio</para>
      <para>ASAMBLEA GENERAL</para>
      <para>ocatica cantajiacajineca:</para>
      <para>"Quero Ancotavacaajiaquempani Maasano Caquinte Anchoocajiaqueniji Cameetsa" Choocaquea noncamantajiaquerica maasano caquintepae, querocagueti ichoocajiguigueti aisa querocagueti ocantagueta iguenquetsatsare iriatimpa. Ocameetsataque inquenquejaquero maasano caquinte ocatica notioncaqueca, incavintsajantajiaquemparica itsipapae. Aisaquea ocameetsataque antsatacaajiaqueri maasano caquintepae, querocagueti ichoocaguetigueti.</para>
   </preamble>
   <article number="1">
      <title>Antsajiaqueca 1</title>
      <para>Aquejetavacaajiaca maasano caquinte. Chooca aquenquejantaca maasano, chooca amejigaca, atsajiaque taaca opajitapae ocameetsataque antajiguica. Tee oncameetsateji iromperaperanajicaji, tee oncameetsateji irogashinoncajajiacaji. Jero cameetsatatsica aavacaj aiaquempa.</para>
   </article>
   <article number="2">
      <title>Antsajiaqueca 2</title>
      <para>Anintajiaque intsajiaquero maasano caquinte ocatica cameetsaguetatsica ationcacotaqueca. Tee oncameetsatej intsaneacotaquemparo. Aritari aquejetavacaajiaca, aato acantimentiri itsipapae: "Aato noguishinejimpi aviatimpa. Picantashitatiaca tee nogonorontempij i, ocantashitatiaca pitsino, aviatimpa manquigarentsi, ocantashitatiaca piguenquetsatsare, ocantashitatiaca piquemisanqueca, piponeacaquea otsipapaequi quepatsi, tee pashintajarantempaji, tee pimaj irontempaj i, tee pincameetsateji". Tee oncameetsatej i ancanquegueti ocaticapae, iroguenti ocameetsataque anquejetavacajaiaquempa maasano.</para>
      <para>Aisati, querocagueti aponeaca, querocagueti icocani imaj irontacagueti amaj irojiate, querocagueti ococani icantacaantaqueca aato itsaneacotapitsaj itaj iro oca tioncacotanquitsica. Arigueti irimajirontaquempa poneanquitsica jmm aisa iricatica choocatimocajica aato itsaneacotapitsatajiro ocatica.</para>
   </article>
   <article number="3">
      <title>Antsajiaqueca 3</title>
      <para>Tee oncameetsateji irimetojajitaji, tee oncameetsateji iroguiaashijitacaji, tee oncameetsateji irantsipetacaashijitacaji.</para>
   </article>
   <article number="4">
      <title>Antsajiaqueca 4</title>
      <para>Tee oncameetsateji irinoshicajitajeri caquinte romperanajiaquempariqueate incatsiquetacaantajiaquemparicate. Tee oncameetsateji incatsiquetacaaqueri teeca irininteji incatsiquete. Ocameetsataque irovegarajiqueri maasano catsiquetimotantatsica.</para>
   </article>
   <article number="5">
      <title>Antsajiaqueca 5</title>
      <para>Tee oncameetsateji inquemacatsicatacajaiqueri caquinte, aato aquejetacagari caarica caquintetatsi. Tee oncameetsatej i irishimampojancacajaiquempari, tee oncameetsateji impashiventacajaiquempari.</para>
   </article>
   <article number="6">
      <title>Antsajiaqueca 6</title>
      <para>Caquintetari anajiaque, aquejetavacaajiaca. Tee oncameetsateji incantajiacaji majirontatsica gobierno, coareta aisa joese: "Tee aviro caquinte. Tee pinquejetenaji naatimpa".</para>
   </article>
   <article number="7">
      <title>Antsajiaqueca 7</title>
      <para>Arimaja aquejetavacaajiaca. Ocameetsataque incavintsaj ajiacaj i maasano itigancanepae gobierno majirontatsica anquejetantajiaquemparica maasano itsipapae. Itioncacaanqueca majirontatsica amitacoj iacaj aatimpajia maasano. Tee oncameetsateji incantajiacajigueti, "Tee pincameetsateji aviatimpa tee pinquejetenaji".</para>
   </article>
   <article number="8">
      <title>Antsajiaqueca 8</title>
      <para>Chooca itioncacaanqueca majirojiatsica anquemisanqueca. Iroquetica pariacaroca opajita "constitución". Onchoocavetaquempa otsipapae "ley" aato avishiro "constitución". Maasano caquintej ia iraavej aque iraventaquemparo leyepae aisa "constitución". Inchoocaquegueti nintatsineca intsaneapitsacajiro, cameetsaquea incantacoventajiacajiqueate irira majirontaguetatsica. Tee oncameetsateji iroguishinejaqueri atsipetacaaj iacaj ineca.</para>
   </article>
   <article number="9">
      <title>Antsajiaqueca 9</title>
      <para>Teegueti onchoocateji antaqueca tee oncameetsateji iraashitanacaji coareta, tee oncameetsateji iroguiaashij itacaji. Aisa tee oncameetsateji iraashiitanacaji otsipaqui quepatsi.</para>
   </article>
   <article number="10">
      <title>Antsajiaqueca l0</title>
      <para>Choocagueti cantanquitsineca ochoocati caarica cameetsaguetatsica antaqueca, ocameetsataque inchoocate caarica catsimataj ineca, incoacotacaantaj iacaj i. Irira caarica catsimatatsi iriotaquequea iriomajaia icantajitica irira cantacovencajineca. Incoacocajigueti aato yaaveji apaniro irisenacaquempa, inquemavaqueronijite taaca nintanquitsine.</para>
   </article>
   <article number="11">
      <title>Antsajiaqueca 11</title>
      <orderedlist>
         <listitem>
            <para>Arigueti inchoocate caquinte intsavetacocaji incante: "Chooca yantaqueca poguijagueri", irooqueate cotanquitsi tee oncameetsatej i incantsitaquempagueti maj irontatsica: "Arimaja, chooca yantaqueca". Iroquetita incoacomaj acaj inquemisancaji aatimpa aisa itsipavio intsamaj atantaj iavaquempaca quero ococani maasano. Ocameetsataque intsajiaqueroqueate maasano agonoropae, aatonij ite yatsipetacaashitaji.</para>
         </listitem>
         <listitem>
            <para>Arigueti onchoocaque antaguetica caarica icantacoti amajirote, iroompaquea incancajigueti amajirQtepae tee oncameetsatej i ocatica antaguetaqueca, irooqueate cotanquitsi tee oncameetsateji incatsimatimencaj iro ocatica antsitacaca coramani. Pamenero, coramani antaquero tequerotagueti intioncacaanteroji. Ari oquejetaca, arigueti irogaaquero ovegaratagueti teegueti inquemisantaji teroj i tioncacotanquitsica "ley", aato ogaga coramanitica iroquetica yantaque tequerotagueti irogagueroji.</para>
         </listitem>
      </orderedlist>
   </article>
   <article number="12">
      <title>Antsajiaqueca 12</title>
      <para>Tee oncameetsateji irasereashijitacajigueti aatimpa aisa arijanitepaejaniqui, aisaquea tee oncameetsatej inquijashijipojemparogueti atsovironaquite irasereapojacaji. Tee oncameetsatej irampatsajavantashijitemparo antioncagueteca, aisa aato iticaacoj itiro. Aato acantacotashitaritsi itsipa, ishirontimentashijitaritsi. Ocameetsataque irivetsatacoventacaji irira amajirotepae, aisa onchoocataque tioncarentsi "ley" pigamencajineca.</para>
   </article>
   <article number="13">
      <title>Antsajiaqueca 13</title>
      <orderedlist>
         <listitem>
            <para>Cameetsavaeque anquenaguetanaque querocagueti ontaniqui aguepatsitequi. Tee oncameetsateji intsaneapitsaj icajiro.</para>
         </listitem>
         <listitem>
            <para>Aninquegueti oanaque otsipapaequi quepatsi, tee oncameetsateji inticaavaquempa amajirotepae. Aisaqueate aninquegueti ancoraquetajegueti ampiajegueti aguepatsitequi tee oncameetsateji intsaneapitsatajiro amaj irote.</para>
         </listitem>
      </orderedlist>
   </article>
   <article number="14">
      <title>Antsajiaqueca 14</title>
      <orderedlist>
         <listitem>
            <para>Ariguetiquea incatsimatashijiacaji agonoropae aatimpa ontaniqui aguepatsitequi ocameetsamajataque incavintsajaj iavacaj iqueate itsipapae caquinte ontaniqui iguepatsitequi iriatimpa.</para>
         </listitem>
         <listitem>
            <para>Irooqueate cotanquitsi arigueti antaquero caarica cameetsatatsica aguepatsitequi, aato aj iquej incavintsajaj iavacaj i itsipapae caquinte.</para>
         </listitem>
      </orderedlist>
   </article>
   <article number="15">
      <title>Antsajiaqueca 15</title>
      <orderedlist>
         <listitem>
            <para>Ocameetsataque agonorontaj iaquempari maasano savicajiatsica aguepatsitequi.</para>
         </listitem>
         <listitem>
            <para>Tee oncameetsateji incantashij itacaj i amaj irotepae: "Tee aviatimpa nogonorontempiji". Aisa tee oncameetsateji incancaj i: "Aato noguishinej impitsi pigonoronquempari itsipapae caquinte".</para>
         </listitem>
      </orderedlist>
   </article>
   <article number="16">
      <title>Antsajiaqueca 16</title>
      <orderedlist>
         <listitem>
            <para>Arigueti inquenquevaritapojaquegueti shirampari aisa manquigarentsi, iraavejaque irague aisaquea ocameetsaque inchoocataque irijanitepae. Tee oncameetsatej i incantajiqueri: "Tee pigonorontenaj i, aato paguitsi; ocantashita piquemisanqueca: aato paguitsi". Iroguenti manquigarentsi onquej etaquempari shirampari, aavejaque oncanqueri shirampari oninquegueti agueri; aisa arigue ti aaqueri onquejetaquempari aisa aavejaque oncanque oninquegueti ompishoncanajeri.</para>
         </listitem>
         <listitem>
            <para>Teegueti irininque shirampari irague aisa teegueti oninque manquigarentsi ague, tee oncameetsateji iromperanajiquempari iraavacaajiaquempa.</para>
         </listitem>
         <listitem>
            <para>Caaviji ocameetsamajati antsipajiaquempari arijanite aisa aguempeane, quisho oavacaaquempa quempeji. Amitacotavacaaquempa aatoniji atij aitavacaaj iga, ari inquejetaquempa iriatimpa majirontatsica iramitacoj iacaj aatoniji atijaitavacaga.</para>
         </listitem>
      </orderedlist>
   </article>
   <article number="17">
      <title>Antsajiaqueca 17</title>
      <orderedlist>
         <listitem>
            <para>Ocameetsataque irashintaguetaquempa maasano caquinte. Ocameetsaque irashintaquempa apaniropae aisa irininquegueti intsipajiaquempari itsipapae irashintajiaquemparo maasano.</para>
         </listitem>
         <listitem>
            <para>Tee oncameetsateji iraapitsatashitaquempari intati irajaararo.</para>
         </listitem>
      </orderedlist>
   </article>
   <article number="18">
      <title>Antsajiaqueca 18</title>
      <para>Ocameetsataque anquenquejero taaca opajitapae anintaj iaqueca aisa ocameetsataque antsarovenquempari Aapani Irioshi arigueti aninque. Tee oncameetsateji incatsimatimencajiro amajirote. Aninquegueti ancantashitatijajero aguemisanqueca, aisa ocameetsataque aato icantimentantiro. Ocameetsataque amajiaquero apaniro, aisa ocameetsaque antsipajiaquempari maasano agonoropae, aavejanquemparoca. Ocameetsaque antsatacaajiaqueri itsipapae, aisa antaquero inintacaacajica atsaroventajiacaca.</para>
   </article>
   <article number="19">
      <title>Antsajiaqueca 19</title>
      <para>Ocameetsataque anquenquejero taaca opajitapae anintaguequeca aisa ancamanqueri itsipapae; tee oncameetsateji incatsimatimencajiro aato yasereimentajiro taacaopajitapae anquenquejaque. Ocameetsataque antsatacaajiaqueri aisa choocajiatsica otsipapaequi quepatsi.</para>
   </article>
   <article number="20">
      <title>Antsajiaqueca 20</title>
      <orderedlist>
         <listitem>
            <para>Ocameetsataque ancapiocajiaquempa antsatacaavacaaj iaquempa. Tee oncameetsatej i incantimencajiro. Cotanquitsi aato iro acapiocashitimentari caquinte agashinoncaaqueri.</para>
         </listitem>
         <listitem>
            <para>Aatogueti ininti itsipa intsipatacaji aato aaveji asereguiri, aato amperatari.</para>
         </listitem>
      </orderedlist>
   </article>
   <article number="21">
      <title>Antsajiaqueca 21</title>
      <orderedlist>
         <listitem>
            <para>Ocameetsataque ancamanqueri amajirote taacaopaj itapae anintaj iaqueca irantaj jaqueca. Iroguenti ancamantamajaqueri aatimpa: teegueti anejeri aatimpa, ancoguiaqueri agonoro antigaranqueri incamantaj iaqueri iriatimpa.</para>
         </listitem>
         <listitem>
            <para>Chooca oshequi yantajiaqueca irira majirontatsica aisa itigarancanejia yamitacojiacajigueti. Ocameetsataque iramitacoj iacaji maasano, aquejetavacaaj iacatari.</para>
         </listitem>
         <listitem>
            <para>Tee oncameetsateji irimajirontashitaquempa amajirotepae, iroguenti ocameetsataque ancoguiaj iaqueri amajirontajiaquempaca. Maasano ancojaiaque avotataqueri. Ocameetsataque irishinejiacaji ampijitapiniquero ancanque quericaca aninqueca irimajirontacojiacaji. Ocameetsataque antioncaquero, tee oncameetsateji intsaque majirontatsica quericaca caarica nintatsi irimajirontempa aatonij i icatsimatiritsi.</para>
         </listitem>
      </orderedlist>
   </article>
   <article number="22">
      <title>Antsajiaqueca 22</title>
      <para>Ocameetsaque incavintsajavacaajiaquempa maasano choocaj iatsica iguinteniqui aisa otsipapaequi guinteninintsi, tee oncameetsateji irishimampoj ancaj iaquempa aparopae. Chooca acoacoj iacaca: asheca, ajaararo; anintaj iaque agonoropae ancavintsajaiaqueri; anintaj iaque aisa amaguetaquero amejigaca. Tee oncameetsateji intsaneapitsatajiro.</para>
   </article>
   <article number="23">
      <title>Antsajiaqueca 23</title>
      <orderedlist>
         <listitem>
            <para>Ocameetsataque onchoocaque querocagueti ancatsiquequeca iroca otsipa antaguequeca ocancaniqueate amanantanquemparoca acoacoguetacaca. Ocameetsataque ancoguiaquero aatimpa querocaca antapiniqueca, tee oncameetsateji incamancaji itsipapae taaca opajita antaguetaque. Iriraquea camanquerica catsiquej iatsica aato yatsipetacaashitari cameetsaniji irantajiaque. Irininquegueti itsipa onchoocaque irantane, ora cotanquitsi aatogueti ochoocati irantane, cameetsa iramiqueri itsipapae.</para>
         </listitem>
         <listitem>
            <para>Arigueti anquejetaquempari itsipapae ancatsiquejiaque, ocameetsataque irimoflcaraqueri quenapapana irovegarajiacajica.</para>
         </listitem>
         <listitem>
            <para>Arigueti ancatsiquete cameetsataque irovegaramajacaji irira acatsiquetaqueneca aatoniji atsipetashita intati aisa aatoniji yatsipejiaro itase arijanitepae jero aisa aguempeane. Ancatsiquevetaquempa cotanquitsi aatogueti imoncaratari quenanpapana arijanitepae cameetsa itsipa iramicaji.</para>
         </listitem>
         <listitem>
            <para>Incatsiquetacajaiacajigueti itsipa aato iticacagaji arigueti aninte ancapiocavacaajiaquempa cameetsaniji ancantajiaque irovegaramajaiacaji, irogueti ancantajiaque, "Nomagorejaquiteta tampatica", iroca otsipa ancantaj iaque.</para>
         </listitem>
      </orderedlist>
   </article>
   <article number="24">
      <title>Antsajiaqueca 24</title>
      <para>Ocameetsataque iroguishinejajiacaji catsiquetacaacajica amagorejajiaque. Tee oncameetsateji incatsiquetacaapinijiacaji ancantacoguitempani savincaguiteriqui. Cameetsa iroguishinejajiacaji amagorejajiaque apaniropae savincaguiteri, fiesta, aisa irovegarajiacaji oquejetaca acatsiquejiaque.</para>
   </article>
   <article number="25">
      <title>Antsajiaqueca 25</title>
      <orderedlist>
         <listitem>
            <para>Maasano anintajiaque asheca, avatsacaro, atsovironaquite aisa aavintarontsi. Arigueti ancatsiqueteneri itsipa ocameetsataque irovegaratacaji quenapapana avegaratantaquemparoca maasano acoacojiacaca aisa ocoacocaca aguempeane aisa arijanitepae. Aisa teegueti amatajeroji ancatsiquete, aisa arigueti anquenquevaritanaje ocameetsataque onchoocaque acoacojiacaca. Aisa ocameetsataque onchoocaque ocoacoj iacaca ora metoj acoro.</para>
         </listitem>
         <listitem>
            <para>Ocameetsataque ancavintsajamajaiaquero manquigarentsi choocatatsica orijanite aisa ancavintsajamaj aiaqueri chaajaniquiripae, maasano. Ari anquejetacaajiaquempari ancavintsajaqueri chaajaniquiripae jocacori, ari anquejetacaaj iaquempari itsipapae teeca irojocacojiguete.</para>
         </listitem>
      </orderedlist>
   </article>
   <article number="26">
      <title>Antsajiaqueca 26</title>
      <orderedlist>
         <listitem>
            <para>Ocameetsataque onchoocaque shicoi intsatacaantajitaquemparica maasano caquintepae. Arigueti inquijaque primariaqui, tee oncameetsateji irovegaraquero inquijantaquempaca shicoiqui. Ocameetsataque aisa intigarancaqueri inquijaque, tee oncameetesateji irisotogue irosati interoncanaquero primaria. Ocameetsataque onchoocaque otsipapae shicoi intsatantaquempaca agonoropae mecanica, agropecoaria, taacaopajitapae. Ocameetsataque onchoocate alsa Universidad inquijantempaca tsamajaqueroca tioncanentsi. Arica irovegaraquero iriatimpa irira quijajiatsica.</para>
         </listitem>
         <listitem>
            <para>Ocameetsataque ogamejiaqueri quijajiatsica shicoi intsatantaquempa quero incoquempa inchoocatantajiaquempaca cameetsa, incavintsajantajiaquemparica itsipapae aisa iriguishinejantaj iaquemparica itsipapae inchoocaque cameetsa. Caaviji ocameetsataque ancavintsaj aj iaqueri itsipapae, aavacajajiaquempa. Aato acatsimatashitaritsi coraquej iatsica otsipaqui quepatsi vetsatantaguetaroca otsipapae quenquetsatsarentsi. Aisa aato acatsimatashiguetari cantashitatiatsica itsinoqui, aisa irira caarica quejejiacajica iquemisanque. Ocameetsataque amitacoj iaqueri maasano caquinte, aavacaj aj iaquempa, anchoocajiaque cameetsa.</para>
         </listitem>
         <listitem>
            <para>Irira ashintarica irijanitepae iriotaque cantanquitsineca querocagueti intigancaqueri irijanitepae inquij antempaca shicoi.</para>
         </listitem>
      </orderedlist>
   </article>
   <article number="27">
      <title>Antsajiaqueca 27</title>
      <orderedlist>
         <listitem>
            <para>Cameetsataque irininquegueti caquinte intsipaj iaquempari igonorovio iramashaij iaque, irogueti intsamaroj iaque, irogueti irisoncataque, irogueti igantaguere, taacaopajitapae incantacoque. Tee oncameetsatej i intsaneapitsajitempari itsipa taaca coraquetanquitsine. Qcameetsavaeque irishinevenquemparo taacaopajitapae yantagueque iguinteniqui qu¿jecaroca shicoi interoncaquerogueti ipeacaacaca.</para>
         </listitem>
         <listitem>
            <para>Arigueti impeacaguemparo agonoropae taacaopaj itapae, aisa arigueti intioncaquero taacaopajitapae, iriotaquetarite ashintaroca. Irininquegueti, ocameetsataque irovegaratsiiqueri; tee oncameetsatej i incoshij iqueri.</para>
         </listitem>
      </orderedlist>
   </article>
   <article number="28">
      <title>Antsajiaqueca 28</title>
      <para>Ocameetsaque iroguishinejajiacaj iro amajirotepae ocatica ationcacotaqueca; tee oncameetsateji intsaneapitsacaj iro.</para>
   </article>
   <article number="29">
      <title>Antsajiaqueca 29</title>
      <orderedlist>
         <listitem>
            <para>Arigueti aninque anchoocajigue cameetsa, aato acantashitapinitari itsipapae incavintsajaj iacaj i aisa iramitacojiacaji. Iroguenti ocameetsataque ancavintsajaigueri iriatimpa, amitacojiaqueri. Anquejetacaaquemparoguetj ari anchoocaj iaque cameetsa.</para>
         </listitem>
         <listitem>
            <para>Ocameetsamajataque majirontatsica iramenamajatero querocaca cantanquitsica tioncacotanquitsica "ley", irootaquequea impampiatanaque. Irootaquequeate anchoocatantajiaquempaca cameetsa aatoniji asereavacajajaja acaniqui aguintenijiaqui aisa apaniropae guinteninintsi querocagueti incoguiajiaque imaj irote.</para>
         </listitem>
         <listitem>
            <para>Ocameetsamajataque ampampiatero ocatica tioncacorentsi ocanqueca, aatoquea yogaashitaro acantajiaqueca. Ocameetsataque maasano ocatica aguishinejajiaqueri itsipapae, irooqueate cotanquitsi tee oncameetsateji iranquero caarica anintacajajiguiri maasano acapiocaventajiacaca.</para>
         </listitem>
      </orderedlist>
   </article>
   <article number="30">
      <title>Antsajiaqueca 30</title>
      <para>Ocameetsataque amoncarajiaquero maasano ationcajiaqueca ocatica. Tee oncameetsateji intsaneapitsacajiro amajirotepae aisa agonoropae. Ocameetsataque aguishinejajiaqueri maasano caquinte inchoocajiaque cameetsa.</para>
   </article>
</udhr>