﻿<?xml version="1.0" encoding="UTF-8"?>

<!--© The Office of the High Commisioner for Human Rights-->

<udhr lang="kal" language="Inuktitut, Greenlandic" xmlns="http://www.unhchr.ch/udhr">
   <title>INUTTUT PISINNAATITAAFFIIT PILLUGIT SILARSUARMIOQATIGIINNUT NALUNAARUT</title>
   <preamble>
      <title>AALLAQQAASIUT</title>
      <para>Ataqqinassusermik inuup nammineq pigisaanik aammalu anooqatigiinnut ilaasortaasut tamarmik naligiimmik annaasassaanngitsumillu pisinnaatitaaffeqarnissaannik akuersissuteqarneq nunarsuarmi kiffaanngissuseqarnermut, naapertuilluarnermut eqqissinissamullu tunngavium mata  ,</para>
      <para>Inuttut pisinnaatitaaffinnik sumiginnaanerit asissuinerillu naakkittaatsuliornerujussuarnik silarsuarmiunut tarnip nalunngissusiinik aalassatsitsisartunik nassataqartarmata, aammalu nunarsuarmik inuit killilersugaanngitsumik oqalussinnaatitaaffigalugulu upperisakkut pisinnaatitaaffeqarfiannik ersiorfiginagulu atugarliorfigisassarinngisaannik pilersitsinissaq inuiaat anguniagaattut pingaarnerpaatut tusarliunneqartareersimam mat  ,</para>
      <para>pingaaruteqarluinnar mat  inuiaqatigiit akornanni ikinngutinnersumik pissuseqarnissaq annertusarniassallugu,</para>
      <para>pingaaruteqarluinnar mat  inuttut pisinnaatitaaffiit inatsisitigut illersorneqarnissaat, inuk allatut sapilerluni qunutitsinermut qunusiaanermullu akiuunniartariaqalissanngippat,</para>
      <para>Naalagaaffiit Peqatigiit inuisa isumaqatigiissutikkut uppernarsaqqimmassuk inuttut pisinnaatitaaffiit tunngaviusut, inuup ataqqinassusiata erianassusiatalu aammalu angutit arnallu naligiimmik pisinnaatitaaffeqarnerisa pingaartinneqarnissaat isumalluarfigigitsik, aalajangiussimallugulu inuttut atugarisanik siuarsaaniarnissaq inuuniarnermilu atugarisanik pitsaanerulersitsinissaq,</para>
      <para>naalagaaffiit ilaasortaasut imminnut pisussanngortim mata  Naalagaaffiit Peqatigiit suleqatigalugit sulissutigissallugu inuttut pisinnaatitaaffinnut aammalu tunngavissiisutut killilersugaanngitsumik iliorsinnaatitaaffinnut nalinginnaasumik ataqqinninnerup annertunerulersinnissaa,</para>
      <para>pisinnaatitaaffinnik aammalu killilersugaanngitsumik iliorsinnaatitaaffinnik tamakkuninnga peqatigiilluni paasinninneq pisussaaffimmik tamatuminnga piviusunngortitsinissamut pingaaruteqarnerpaam mat,</para>
      <para>NAALAGAAFFIIT ILAASORTAASUT AALLARTITAASA</para>
      <para>taamaattumik tamanut nalunaarutigaat inuttut pisinnaatitaaffiit pillugit silarsuarmioqatigiinnut nalunaarut manna inunnut tamanut inuiaqatigiinnullu tamanut tunngatillugu peqatigiinnikkut anguniagassatut, siunertaralugu inuup kialuunniit aammalu inuiaqatigiinnik sullissisut kikkulluunniit tamatigut Nalunaarutikkut matumuuna anguniassagaat atuartitsineq perorsaanerlu aqqutigalugit pisinnaatitaaffinnut killilersugaanngitsumillu iliorsinnaatitaanernut tamakkununnga ataqqinninnerulernissaq aammalu inuiaqatigiit nunallu allat alliartuinnartumik suliniuteqarnerisigut qularnaarniassallugu sumiluunniit sunniuteqartumik akuersaarneqarlutillu naammassiniarneqarnissaat, naalagaaffinni ilaasortaasuni innuttaasut aammalu sumiiffinni naalagaaffinnit taakkunannga aqunneqartuni innuttaasut akornanni.</para>
   </preamble>
   <article number="1">
      <title>Immikkoortoq 1.</title>
      <para>Inuit tamarmik inunngorput nammineersinnaassuseqarlutik assigiimmillu ataqqinassuseqarlutillu pisinnaatitaaffeqarlutik. Solaqassusermik tarnillu nalunngissusianik pilersugaapput, imminnullu iliorfigeqatigiittariaqaraluarput qatanngutigiittut peqatigiinnerup anersaavani.</para>
   </article>
   <article number="2">
      <title>Immikkoortoq 2.</title>
      <para>Kinal uunniit pisinnaatitaaffinnik killilersugaanngitsumillu iliorsinnaatitaaffinnik nalunaarummi maani taaneqartunik tamanik atuiumasinnaavoq, sukkulluunniit assigiinngisitsinertaqanngitsumik, s. ass. inuiannut sorlernut ataneq, ammip qalipaataa, arnaaneq/angutaaneq, oqaatsit, upperisaq, naalakkersuinikkut isuma allatulluunniit isumaqarneq, inuiaassutsikkut imaluunniit innuttaaqatigiinni qanoq atugaqartuneerneq, pigisaqassuseq, inunnguutsimit imaluunniit inuiaqatigiinni allatut inissisimaneq pissutigalugit.</para>
      <para>Aammattaaq nunami imaluunniit sumiiffimmi eqqartuussisinnaanikkut pissutsit imaluunniitt naalakkersuinikkut imaluunniit nunat allamiut inuup aalajangersimasup attaveqarfigisaasa isumaat pissutiagalugit assigiinngisitsineqassanngilaq, sumiiffik naalakkersuinikkut attaveqarfeqanngikkaluarpalluunniit, allanit oqartussaaffigineqaraluarpat namminersortuunngikkaluarpalluunniit, imaluunniit imminut naalakkersorsinnaassusia arlaatigut killiliivigineqarsimagaluarpat.</para>
   </article>
   <article number="3">
      <title>Immikkoortoq 3.</title>
      <para>Kinaluunniit inuunermut, nammineersinnaassuseqarnissamut isumakuluuteqaranilu inuuniarnissamut pisinnaatitaavoq.</para>
   </article>
   <article number="4">
      <title>Immikkoortoq 4.</title>
      <para>Kinaluunniit inussiaatigineqaraniluunniit namminersorsinnaassusiiagaassanngilaq; inussiaateqarneq inussiaarniarnerlu sutigut tamatigut inerteqqutigineqassapput.</para>
   </article>
   <article number="5">
      <title>Immikkoortoq 5.</title>
      <para>Kinaluunniit naalliutserujussuarneqassanngilaq aammalu peqqarniitsumik, naakkittaatsumik narrunarsaataasumillu pineqassananilu pillarneqassanani.</para>
   </article>
   <article number="6">
      <title>Immikkoortoq 6.</title>
      <para>Inuk kinaluunniit nunarsuarmi sumiluunniit eqqartuussisarnermi pisassalittut pisussaasutulluunniit isigineqarsinnaatitaanissamut pisinnaatitaavoq.</para>
   </article>
   <article number="7">
      <title>Immikkoortoq 7.</title>
      <para>Kikkulluunniit tamarmik inatsiseqarnikkut naligiissitaasussaapput, aammalu sutigulluunniit assigiinngisitsinertaqanngitsumik inatsisitigut illersorneqarnissamut pisinnaatitaallutik. Kikkulluunniit tamatmik assigiimmik pisinnaatitaapput nalunaarummut matumunnga akerliusumik sutigulluunniit assigiinngisinneqarnissamut taamatulluunniit assigiinngisinneqalernissamut kajumissaarutaasinnaasunut sunulluunniit illersorneqarnissamut.</para>
   </article>
   <article number="8">
      <title>Immikkoortoq 8.</title>
      <para>Kinaluunniit pisinnaatitaavoq naammaginartumik akitsisitaaqqinnissamut iliuutsinut tunngaviusutut pisinnaatitaaffinnik, nunap naalakkersugaanerani imaluunniit inatsisitigut pineqartunut tunniunneqartunik, innarliisunut inuiaqatigiinni eqqartuussiviit susassaqartut aqqutigalugit.</para>
   </article>
   <article number="9">
      <title>Immikkoortoq 9.</title>
      <para>Kinaluunniit namminissarsiortumik tigusarineqassanngliq, tigummigallagassanngortitaassanani imaluunniit nunagisamit peersitaassanani.</para>
   </article>
   <article number="10">
      <title>Immikkoortoq 10</title>
      <para>Kinaluunniit naligiissitaalluinnarnikkut piumasaqarsinnaatitaavoq eqqartuussivimmi aalajangersimasunut attaveqanngitsumi aammalu nakerisarsiortuunngitsumi eqqortuliortumik tamanullu ammasumik iliorfigineqarnissamik, pisinnaatitaaffimminut pisussaaffimminullu tunngasutigut aalajangiiniartoqassatillugu aammalu inatsisit tunngavigalugit pillarneqaataasinnaasumik sumilluunniit unnerluutigineqarnermini.</para>
   </article>
   <article number="11">
      <title>Immikkoortoq 11.</title>
      <orderedlist>
         <listitem>
            <para>Kinaluunniit pillagaassutaasinnaasumik iliuuseqarsimasutut unnerluutigineqartoq pisinnaatitaavoq pinngitsuusutut isigineqarnissamut pisuunermi tamanut ammasumik eqqartuussisoqarnerani, tamatumani uppernarsaatissat tamassa imminut illersorniarnissamut pisariaqartinneqartut pereerlugit inatsisit naapertorlugit pisuunermi uppernarsarneqarnissaata tungaanut.</para>
         </listitem>
         <listitem>
            <para>Kinaluunniit iliuuserisimasaq qanoq iliuuseqanngitsoorsimanerluunniit inuiaqatigiit imaluunniit nunat allamiut inatsisaat naapertorlugit tamatuma nalaani pillarneqaataasussaanngitsut pissutigalugit pillagaassutaasinnaasumik pissusilerorsimasutut pisuutinniarneqarsinnaanngilaq. Aammattaq iliuutsit pillagaassutaasinnaasut pinerata nalaani aalajangerneqartuniit sakkortunerusunik pillaatissisoqarsinnaassanngilaq.</para>
         </listitem>
      </orderedlist>
   </article>
   <article number="12">
      <title>Immikkoortoq 12.</title>
      <para>Kinaluunniit pissutsini namminerisani, ilaqutariinnermi, angerlarsimaffimmi imaluunniit allaffigeqatigiittarnikkut pissutsini namminiinnarsortumik akuliuffigineqassanngilaq, aammalu ataqqineqarnerup tusaamaneqarnerullu tungaasigut saassunneqassanani. Kinaluunniit taamatut akuliuffigineqarnissamut imaluunniit saassunneqarnissamut inatsisitigut illerorneqarsinnaatitaavoq.</para>
   </article>
   <article number="13">
      <title>Immikkoortoq 13.</title>
      <orderedlist>
         <listitem>
            <para>Kinaluunniit akornuteqanngitsumik angalaarsinnaatitaavoq aammalu naalagaaffiit ataasiakkaat killeqarfiisa iluanni najugaqarfissamik nammineerluni toqqaasinnaatitaalluni.</para>
         </listitem>
         <listitem>
            <para>[Missing Article 13.2]</para>
         </listitem>
      </orderedlist>
   </article>
   <article number="14">
      <title>Immikkoortoq 14.</title>
      <orderedlist>
         <listitem>
            <para>Kinaluunniit malersugaanermut atatillugu nunani allani qimaaffissarsiornissamut qimaaffissinneqarnissamullu pisinnaatitaavoq.</para>
         </listitem>
         <listitem>
            <para>Pisinnaatitaaffik taana unnerluussaanerni naalakkersuinermut attuumassuteqanngitsutut pinerluutinut tunngassuteqavissuni imaluunniit Naalagaaffit Peqatigiit siunertaannut tunngavigisaannullu akerliusumik iliuuseqarsimanerni tunngaviginiarneqarsinnaanngilaq.</para>
         </listitem>
      </orderedlist>
   </article>
   <article number="15">
      <title>Immikkoortoq 15.</title>
      <orderedlist>
         <listitem>
            <para>Kinaluunniit naalagaaffimmi aalajangersimasumi innuttaassuseqarnissamut pisinnaatitaavoq.</para>
         </listitem>
         <listitem>
            <para>Kinaluunniit naalagaaffimmi aalajangersimasumi innuttaassutsiminik namminiinnarsortumik piiaaffigineqarsinnaanngilaq imaluunniit innuttaassutsimik allnanngortitsisinnaatitaanermik itigartinneqarsinnaanngilaq.</para>
         </listitem>
      </orderedlist>
   </article>
   <article number="16">
      <title>Immikkoortoq 16.</title>
      <orderedlist>
         <listitem>
            <para>Inuiannut solernut atasuunermut tunngasut, naalagaaffimmi sumi innuttaassusrqarnermut tunngasut qanoluunniit upperisaqarneq uniffiginagit angutit arnallu nammineersinnaassuseqartutut ukioqalerseersimasut aappanissinnaatitaapput ilaqutariinnillu pilersitsisinnaatitaallutik. Aappariilernissap tungaatigut, aappariinnerup nalaani aammalu aappariigunnaarnerup tungaatigut naligiimmik pisinnaatitaaffeqartussaapput.</para>
         </listitem>
         <listitem>
            <para>AAppariikerneq aatsaat pisinnaalersinnaassaaq aappariilersussat tamarmik pinngitsaaliinertaqanngitsumik tamakkiisumillu aappariilernissaq isumaqatigiissutigippassuk.</para>
         </listitem>
         <listitem>
            <para>Ilaqutariit inuiaqatigiinni pissusissamisoortumik tunngavissiisumillu ataasiusortaapput aammalu inuiaqatigiinnit naalagaaffimmillu illersorneqartussaallutik.</para>
         </listitem>
      </orderedlist>
   </article>
   <article number="17">
      <title>Immikkoortoq 17.</title>
      <orderedlist>
         <listitem>
            <para>Kinaluunniit namminerisaminik pigisaqartussaatitaavoq kisimiilluni allanilluunniit peqateqarluni.</para>
         </listitem>
         <listitem>
            <para>Kinaluunniit pigisaanik pissutissaqanngitsumik arsaarneqarsinnaanngilaq.</para>
         </listitem>
      </orderedlist>
   </article>
   <article number="18">
      <title>Immikkoortoq 18.</title>
      <para>Kinaluunniit pisinnaatitaavoq eqqarsartaatsikkut, tarnip nalunngissusiatigut aammalu upperisakkut killilersugaanngitsumik iliorsinnaanissamut; pisinnaatitaanermi tassani aamma pineqarpoq upperisarsiornermi sorlernut ilaasuunermik upperisamillu allanngortitsinissami killilersugaannginnissaq aammalu atuartitsinikkut, qanoq iliuuseqarnikkut, guutisiornikkut kiisalu upperisarsiornermi unnersuussutigineqartunik naammassinninniarnikkut kisimiilluni allanilluunniit peqateqarluni tamanut ammasumik namminersortumilluunniit upperisarsiornermi sorlernut ilaasuunermik imaluunniit upperisamik nalunaajaateqarnissami killilersugaannginnissaq.</para>
   </article>
   <article number="19">
      <title>Immikkoortoq 19.</title>
      <para>Kinaluunniit pisinnaatitaavoq killiliiffigineqanngitsumik isummaminik nalunaaruteqarnissamut aammalu killiliiffigineqanngitsumik oqaaseqarsinnaatitaanissamut; pisinnaatitaaffimmi tassani aamma pineqarput allanit akuliuffigineqarani namminerisatut isummamik nalunaaruteqarsinnaatitaaneq aammalu nalunaaruteqarniarnermi atorneqarsinnaasut suulluunniit aqqutigalugit aammalu nunat killeqarfii apeqqutaatinnagit paasisassarsiorsinnaaneq eqqarsaatinillu nalunaaruteqarsinnaaneq.</para>
   </article>
   <article number="20">
      <title>Immikkoortoq 20.</title>
      <orderedlist>
         <listitem>
            <para>Kikkukkuunniit tamatmik pisinnaatitaapput eqqissisimasumik pissusilimmik killilersugaanngitsumik katersoqatigiittarnissanut aammalu peqatigiiffinnik pilersitsisarnissanut.</para>
         </listitem>
         <listitem>
            <para>Kinaluunniit peqatigiiffimmi sumiluunniit ilaasotaanissamut pinngitsaalineqarsinnaanngilaq.</para>
         </listitem>
      </orderedlist>
   </article>
   <article number="21">
      <title>Immikkoortoq 21.</title>
      <orderedlist>
         <listitem>
            <para>Kinaluunniit pisinnaatitaavoq nunagisami aqunneqarnerani toqqaannartumik imaluunniit sinniisussatut killilersugaanngitsumik qinikkat aqqutigalugit peqataaniarnissamut.</para>
         </listitem>
         <listitem>
            <para>Kinaluunniit pisinnaatitaavoq nunagisamini naligiissitaasumik atorfinitsitaanissamut suliaqartitaanissamullu.</para>
         </listitem>
         <listitem>
            <para>Innuttaasut piumassuseqarnerat naalakkersuisut oqartussaassuseqarnissaannut tunngaviussaaq; piumassuseqarneq tamanna ersersinneqartassaaq piffissani aalajangersimasuni piviusumillu qinersisoqartarneratigut aammalu naligiimmik qinersisinnaatitaanikkut pisassalluni isertuussamik taaguinertigut imaluunniit taamatulli killilersugaanngitsumik taaguisarnermi periaatsit aqqutigalugit.</para>
         </listitem>
      </orderedlist>
   </article>
   <article number="22">
      <title>Immikkoortoq 22.</title>
      <para>Kinaluunniit unuiaqatigiinni ilaasortaasutut pisinnaatitaavoq inooqatgiinnermi toqqissisimaarnissamut aammalu piumasaqarsinnaatitaalluni aningaarsarsiornikkut, inuttut aammalu kulturimut tunngassutilitsigut pisannaatitaaffit nammineq ataqqinassutsimut killilersugaanngitsumillu inuttut ineriartorsinnaanissamut pinngitsoorneqarsinnaanngitsut aaqqissuunneqartassasut inuiaqatigiit qanoq iliuuseqarnerisigut aammalu nunanik allanik suleqatiginninnikkut kiisalu naalagaaffiit ataasiakkaat aaqqissuuaanerat atortussatigullu pissarsivissaataat naapertorlugit.</para>
   </article>
   <article number="23">
      <title>Immikkoortoq 23.</title>
      <orderedlist>
         <listitem>
            <para>Kinaluunniit pisinnaatitaavoq suliffeqarnissamut, suliffissamik nammineerluni toqqaanissamut, silunermi naapertuilluartumik ajunngitsunillu atugassaqartitaanissamut aammalu suliffissaaruttoornaveersaartitaanissamut.</para>
         </listitem>
         <listitem>
            <para>Kinaluunniit assigiinngisitsinertaqanngitsumik pisinnaatitaavoq suliat assigiippata naligiimmik akissarsiaqartitaanissamut.</para>
         </listitem>
         <listitem>
            <para>Kinaluunniit sulisuusoq pisinnaatitaavoq naapertuilluartumik iluarinartumillu akissarsiaqartitaanissamut, imminut ilaquttaminillu inummut naleqquttumik inuutinniarnissamut pisariaqassappallu aamma inunnik allnik sernissuiniarnernut isumannarunnaarsitsisussanik.</para>
         </listitem>
         <listitem>
            <para>Kinaluunniit pisinnaatitaavoq sulinermi soqutigisaminut illersuutissaatut suliaqaqatigiit peqatigiiffiinik pilersitsinissamut tamakkunanilu ilanngunnissamut.</para>
         </listitem>
      </orderedlist>
   </article>
   <article number="24">
      <title>Immikkoortoq 24.</title>
      <para>Kinaluunniit pisinnaatitaavoq qasuersaarnissamut sunngiffeqarnissamullu, ilanngullugu piffissamik suliffiusumik naammaginartumik killilersuineq, aammalu piffissani aalajangersimasuni akissarsiat pigiinnarlugit feriaqartarnissamut.</para>
   </article>
   <article number="25">
      <title>Immikkoortoq 25.</title>
      <orderedlist>
         <listitem>
            <para>Kinaluunniit pisinnaatitaavoq pissaqassutsikkut nammineq ilaquttamilu peqqinnissaannut toqqissisimaarnissaannullu naammattunik atugaqarnissamut, ilanngullugit nerisassatigut, atisatigut, inissatigut aammalu nakorsamit ikiorneqarnikkut aammalu inooqatigiinnermi pisariaqartinneqartutut ajunngitsorsiassatigut naammaginartuusunik, pisinnaatitaallunilu suliffissaarusimaneqartillugu, napparsimanermi, sulisinnaajunnaarnermi, aappaarsernermi, utoqqalinermi imaluunniit iluanaarutigisinnaasanik allanik pissutsit nammineq pisuussutiginngisat pissutigalugit annaasaqarnermi isumannaatsunik atugassaqartitaanissamut.</para>
         </listitem>
         <listitem>
            <para>Anaanaasut meeqqallu immikkut ittumik isumassorneqarlutillu ikiorneqartussaapput. Meeqqat tamarmik, aappariinnermi tamatumaluunniit avataatigut inunngoraluarunik assigiimmik, inoqatigiinnermi illersorneqartussaapput.</para>
         </listitem>
      </orderedlist>
   </article>
   <article number="26">
      <title>Immikkoortoq 26.</title>
      <orderedlist>
         <listitem>
            <para>Kinaluunniit pisinnaatitaavoq atuartitaanissamut,. Atuartitaaneq akeqanngilaq, allatut ajornarpat minnerpaamik ilinniaqqaatissanik tunngavissaasunillu ilinniarnermi. Ilinniaqqaatissanik atuartitaaneq pinngitsoorani pisussaassaaq. Teknikkikkut suliatigullu ilinniartitaaneq tamanut nalinginnaasumik ammatinneqassaaq aammalu piginnaassutsit tunngavigalugit annertunerusumik atuartitaaneq kikkunnulluunniit naligiissumik ammatinneqassaaq.</para>
         </listitem>
         <listitem>
            <para>Atuartitsinermi anguniarneqassaaq inuup inuttut naammattumik ineriartortinneqarnissaa aammalu inuttut pisinnaatitaaffinnut nammineersinnaalernissamullu aallarniutaasunut ataqqinninnerup annertusarneqarnissaa. Naalagaaffiit tamarnik aammalu inuiaqatigiinni sorlerni ataqatigiiaat upperisaqaqatigiiaallu akornanni paaseqatgiinnissamut, akaareqatigiinnissamut aammalu Naalagaaffiit Peqatigiit eqqissisimanissap pigiinnatnissaanut sulinerannut siuarsaaviussalluni.</para>
         </listitem>
         <listitem>
            <para>Angajoqqaat qitornamik qanoq atuartitaanissaannik toqqaaniarnissamut salliutitaassapput.</para>
         </listitem>
      </orderedlist>
   </article>
   <article number="27">
      <title>Immikkoortoq 27.</title>
      <orderedlist>
         <listitem>
            <para>Kinaluunniit pisinnaatitaavoq inuiaqatigiinni kulturimut tunngassutilitsigut ingerlatsinerni killilersorneqanngitsumik peqataanissamut, eqqumiitsulianik nuannaaruteqarnissamut aammalu ilisimatuussutsikkut siuariaatinik taakkualu ajunngitsorsiassartaanik paasissutissinneqartarnissamut.</para>
         </listitem>
         <listitem>
            <para>Kinaluunniit pisinnaatitaavoq ileqqorissaarnermut tunngasutigut aammalu timikkut inuuniarnermut tunngasutigut soqutigisanik ilisimatuussutsikkut, atuakkiatigut imaluunniit eqqumiitsullioriaatsikkut pilersissimasaminut tunngassutillit suugaluartulluunniit illersorneqarnissaannut.</para>
         </listitem>
      </orderedlist>
   </article>
   <article number="28">
      <title>Immikkoortoq 28.</title>
      <para>Kinaluunniit piumasaqarsinnaatitaavoq inuttut inuiaqatigiittullu atugarisat aaqqissuussivigineqarnissaannik, tamatumani pisinnaatitaaffiit killilersugaanngitsumillu iliorsinnaatitaaffiit Nalunaarummi matumani taaneqartut tamakkiisumik piviusunngorsinnaaqqullugit.</para>
   </article>
   <article number="29">
      <title>Immikkoortoq 29.</title>
      <orderedlist>
         <listitem>
            <para>Kinaluunniit inuiaqatigiit tungaannut pisussaaffeqarpoq, taamaallaalli tamatumani inuttut killilersugaanngitsumik tamalliisulmillu ineriartorsinnaatitaaneq tunngavigalugit.</para>
         </listitem>
         <listitem>
            <para>Pisinnaatitaaffiit aamma killilersugaanngitsumik iliorsinnaatitaaffiit atorneqarnerini kialuunniit taqamaallaat naalagarsiorfigisussaavai killilersuutit inatsisini aalajangersarneqarsimasut inuit allat pisinnaatitaaffiisa killilersugaanngitsumillu iliorsinnaatitaaffiisa aammalu piumasaqaatit naapertuilluartut inuiaqatigiinni inuit kikkulluunniit naalakkersuinikkut oqaasissaqaqatigiiffigisaanni ileqqorissaarnissamut tunngasut, inuiaqatigiit aaqqissuussaanerat aammalu inunnut tamanut iluaqutissatut piumasaqaatigineqartut naammassiniarnissaat siunertaralugu.</para>
         </listitem>
         <listitem>
            <para>Pisinnaatitaaffiit killilersugaanngitsumillu iliorsinnaatitaaffiit tamakku Naalagaaffiit Peqatigiit siunertarisaannut tunngavigisaannullu akerliusumik atorneqanngilluinnassapput.</para>
         </listitem>
      </orderedlist>
   </article>
   <article number="30">
      <title>Immikkoortoq 30.</title>
      <para>Nalunaarummi matumani taaneqartut arlaannaalluunniit paasineqassanngilaq naalagaaffinnut, ataatsimoortukkuutaanut imaluunniit inunnut ataasiakkaanut tunngavissiisutut sumilluunniit ingerlassaqarniarnissamut imaluunniit iliuuseqarniarnissamut pisinnaatitaaffittut killilersugaanngitsumillu iliuuseqarsinnaatitaaffittut killilersugaanngitsumillu iliuuseqarsinnaatitaaffittut maani naatsorsuunneqartut arlaannaannilluunniit suujunnaarsitsiniutaasinnaasunik.</para>
   </article>
</udhr>