<?xml version="1.0" encoding="UTF-8"?>

<!--© The Office of the High Commisioner for Human Rights-->

<udhr lang="quy" language="Quechua, Ayacucho" xmlns="http://www.unhchr.ch/udhr">
  <note>
    <para>Chunka punchaw diciembre killapim 1948 watapi Hukllawasqa Nacionkuna huñunakuspanku allinmi nirqaku hinaspam reqsichirqaku runakunapa lliw derechonkunata, chaymi kay librochapi tukuy nisqanku kachkan.</para>
    <para>Chay hatun huñunakuypim rimanakurgaku lliw Runakunapa Derechonkuna sapakama nacionkunapi reqsichisqa, yachachisqa hinaspa leesqa kananpaq, reqsichisqamá kanan tukuy rikchaq yachay wasikunapipas, chaynataqa rurana chay nacionkunapa mana imayna kasqantapas qawaspam.</para>
  </note>
  <title>HUKLLAWASQA NACIONKUNAPA REQSICHISQAN LLAPA RUNAKUNAPA DERECHONKUNA</title>
  <preamble>
    <title>Qallariynin</title>
    <para>QAWARISUNYA: Libre kawsakuywan kay pachapi tukuy imapi hawka kawsakuyqa sumaq sapichasqam kachkan kaykunapi: Lliw runakunaqa mamanchikpa wachakuwasqanchikmantapunim mana pipapas usuchisqan allin qawasqa hinaspa igual derechoyoq kananchik.</para>
    <para>QAWARISUNYA: Runakunam tukuy mana allin ruwaykunaman chayarunku, runapa derechonkunata mana sumaqta reqsispanku otaq yachachkaspankupas chaykunata mana kaqpaqpas hapispanku, lliw runakunam munanchik hamuq punchawkunapi allin kawsakuyta; tukuy manchakuykuna hinaspa muchuyllapi wakcha kaykuna chinkaruptinqa lliw runakunam mana manchakuspaña rimarisun imam umanchikpi kaqta, mana manchakuspataqmi chaskisun imam yachay munasqanchiktapas.</para>
    <para>QAWARISUNYA: Kananmi Runakunapa Derechon waqaychaq munayniyoq kamachikuykuna, chay kamachikuykunam mana pimanpas sayapakuspa yanapanan derechon valechiy munaq sarutyasqa hinaspa usuchisqa runakunata.</para>
    <para>QAWARISUNYA: Kay pachapi nacionkuna amistadta armanankupaqmi sonqonchikpi munaypaq-munananchik hinaspam chay munayta cheqechinanchik.</para>
    <para>QAWARISUNYA: Huñunasqaman perteneceq nacionkunam kay qellqapi cheqapyachirqaku Iliw runakunapa derechonpi creesqankuta hinaspam rimanakurqaku runakunaqa qari kaspapas otaq warmi kaspapas igual derechoyoqkama kasqan reqsichiyta. Tukuy chaykunata sumaqta yachaykuspaqa libre kawsakuyninchikpa kallpanchasqanmi aswan sumaqtaraq llamkasunchik llaqtanchik hatunyananpaq.</para>
    <para>QAWARISUNYA: Huñunasqaman perteneceq nacionkunam rimanakurunku lliw runakunapa derechonchikqa hinaspa libre kayninchikqa llapallanpa allin chaskisqan kananpaq.</para>
    <para>QAWARISU NYA: Runakunapa derechonchikwan libre kayninchik allin reqsisqa kaspaqa cheqapmi kanqa.</para>
    <para>HATUN HUÑUNAKUYPI RUNAKUNAPA DERECHON REQSICHISQA KASQANMANTA</para>
    <para>Hatun rimanakuyman lliw nacionkunamanta hamuqkunam kay qellqapi reqsichinku lliw mundontin runakunapa derechonkunata, chaynapi runakuna maypiña yachaspapas kay qeliqata qawaspanku respetayta hinaspa libre kawsakuyta yachanankupaq; atisqankuman hinam wakinkunamanpas reqsichinqaku tukuy kaykuna cheqappuni kananpaq; kaykunataqa ruwanqaku hukllawasqaman perteneceq nacionkunapi kawsaqkunam otaq kay nacionkunapa amparonpi kaqkunam.</para>
  </preamble>
  <article number="1">
    <title>PUNTA KAQ (1)</title>
    <para>Lliw runakunam nacesqanchikmantapacha libre kanchik, lliw derechonchikpipas iguallataqmi kanchik. Yuyayniyoq kasqanchikraykum hawkalla aylluntin hina kawsayta debenchik llapa runakunawan.</para>
  </article>
  <article number="2">
    <title>ISKAY KAQ (2)</title>
    <para>Kay qellqapi tarikuq derechonchikmanta yachachikuykunaqa lliwchanchikpaqmi, manam imananchu huk runapa imayrikuq kayninpas nitaq qari warmi kayninpas nitaq imayna rimasqanpas nitaq ima diospi creesqanpas, manam imananchu imayna formapi gobierno kananpaq piensasqankunapas nitaq maylawmanta kasqanpas nitaq wakcha-apu kasqanpas nitaq imaynaña kasqanpas.</para>
    <para>Lliw nacionkunam libre kaspapas otaq mana libre kaspapas imaymana rikchaq gobiernoyoq kanchik, wakinñataqmi huk nacionkunaman hapipasqa kanku, ichaqa imaynaña kaspapas manam hukmanpaq qawasqachu kananchik.</para>
  </article>
  <article number="3">
    <title>KIMSA KAQ (3)</title>
    <para>Lliw runakunam derechoyoq kanchik kawsananchikpaq libre kananchikpaq hinaspa waqaychasqa kananchikpaq.</para>
  </article>
  <article number="4">
    <title>TAWA KAQ (4)</title>
    <para>Manam pipas usurpasqa sirvienteqa kachwanchu, tukuy formapi prohibisqam runakunata dueñochakuruspa sirvichikuyqa hinaspa runa rantinakuyqa.</para>
  </article>
  <article number="5">
    <title>PICHQA KAQ (5)</title>
    <para>Manam pipas imaymana ñakariykunaman churasqaqa kachwanchu, manataqmi runa kayninchikta penqayman churaykuspa castigasqaqa kachwanchu.</para>
  </article>
  <article number="6">
    <title>SOQTA KAQ (6)</title>
    <para>Lliw runakunam maypiña tarikuspapas derechoyoq kanchik ima juiciopipas valechikunanchikpaq.</para>
  </article>
  <article number="7">
    <title>QANCHIS KAQ (7)</title>
    <para>Lliw runakunam derechoyoq kanchik igualkama leypapas chaskisqan kananchikpaq, leyqa mana pimanpas sayapakuspanmi amparawananchik. Kantaqmi derechonchik kay yachachikuykunata mana kasukuspa contranchikpi sayariy munaqkunamanta. Derechoyoqtaqmi kanchik kay yachachikuykuna qonqayta pantaypi kaptin leypa waqaychasqan kananchikpaqpas.</para>
  </article>
  <article number="8">
    <title>PUSAQ KAQ (8)</title>
    <para>Lliw runakunam derechoyoq kanchik justiciapi uyarisqa kaspanchik amparachikunanchikpaq, leyman hina derechonchikpa contranpi ruwaqkunamantam waqaychasqa kananchik.</para>
  </article>
  <article number="9">
    <title>ISQON KAQ (9)</title>
    <para>Faltanta mana sumaqta yachachkaspaqa manam pipas detenesqaqa, presochasqaqa nitaq hukláw nacionman qarqosqaqa kanmanchu.</para>
  </article>
  <article number="10">
    <title>CHUNKA KAQ (10)</title>
    <para>Lliw runakunam igual kasqanchikrayku mana sayapakuq justiciawan uyarichikunanchikpaq derechoyoq kanchik, derechoyoqmi kanchik juiciopi ima deberninchikpas otaq derechonchikpas yachananchikpaq. Imamanta tumpasqa karuspapas yachananchikpaqmi sumaqta qawachiwananchik.</para>
  </article>
  <article number="11">
    <title>CHUNKA HUKNIYOQ (11)</title>
    <orderedlist>
      <listitem>
	<para>LIiw runakunam ima huchamanta tumpasqa kaspanchikpas inocente kasqanchik valechikunanchikpaq derechoyoq kanchik, leyman hina juiciopi huchayoq kasqanchikta tarinankukama. Chay juiciopipas kanmi derechonchik garantiata chaskispanchik cheqaptapuni difiendesqa kananchikpaq.</para>
      </listitem>
      <listitem>
	<para>Huk runapa imapas ruwarusqanmantaqa manam sentenciaruspanku castiganmankuchu sichum chay ruwasqan punchawkunapi manaraq ley lloqsispa delito kasqanta qawachichkaptinqa. Castigasqaqa kanqa chay hucha ruwasqan punchawkunapi leyman hina castigokunallawanmi.</para>
      </listitem>
    </orderedlist>
  </article>
  <article number="12">
    <title>CHUNKA ISKAYNIYOQ (12)</title>
    <para>Manam pipas yanqapas yanqaqa chaqwanmanchu vidanchiktaqa nitaq ayllunchikkunapatapas, manam yanqapuniqa yaykukuykunmanchu wasinchikmanpas, manataqmi cartanchiktapas yanqaqa pipas Ieekurunmanchu. Lliwmi derechoyoq kanchik kaykunamanta leywan amparachikunanchikpaq.</para>
  </article>
  <article number="13">
    <title>CHUNKA KIMSAYOQ (13)</title>
    <orderedlist>
      <listitem>
	<para>Lliw runakunam maypipas purinanchikpaq derechoyoq kanchik, derechoyoqtaqmi kanchik nacionninchikpiqa maypi wasichakunapaqpas.</para>
      </listitem>
      <listitem>
	<para>Lliw runakunapam derecho kapuwanchik kikin nacionninchikmanta otaq maylaw nacionmantapas lloqsinanchikpaq hinaspa kikin nacionninchikman kutimunanchikpaq.</para>
      </listitem>
    </orderedlist>
  </article>
  <article number="14">
    <title>CHUNKA TAWAYOQ (14)</title>
    <orderedlist>
      <listitem>
	<para>Sichum huk runa persiguisqa kanman nacionninpa gobiernon hina mana piensasqanrayku, hinaspaqa payqa derechoyoqmi huklaw nacionman ayqekuspa amparasqa kananpaq.</para>
      </listitem>
      <listitem>
	<para>Nacionninpi cheqap hucha rurarusqanmanta justiciapa qatikachasqan runaqa manam runakunapa derechonman hapipakunmanchu huklaw nacionman ayqekuspa chaypiña libre kawsakunanpaq.</para>
      </listitem>
    </orderedlist>
  </article>
  <article number="15">
    <title>CHUNKA PICHQAYOQ (15)</title>
    <orderedlist>
      <listitem>
	<para>Sapakama runakunam derechoyoq kanchik huk nacionman pertenecenanchikpaq.</para>
      </listitem>
      <listitem>
	<para>Kay derechonchiktaqa manam pipas yanqamantaqa qechuwachwanchu. Kantaqmi derechonchik nacionmanta cambiakuyta munaptinchik mana pipas harkakuwananchikpaq.</para>
      </listitem>
    </orderedlist>
  </article>
  <article number="16">
    <title>CHUNKA SOQTAYOQ (16)</title>
    <orderedlist>
      <listitem>
	<para>Qaripas warmipas casarakuy tiempoman chayaruptinchikqa kanñam derechonchik casarakuspanchik familiayoq kananchikpaq, manam imananchu ima castamantam otaq maylawmantam kayninchikpas, qaripas warmipas igual derechoyoqmi kanchik casado kayninchikpi allin kawsakunanchikpaq chaynataq rakinakunanchikpaqpas.</para>
      </listitem>
      <listitem>
	<para>Qaripas warmipas mana munaspaqa manam casarakuchwanchu.</para>
      </listitem>
      <listitem>
	<para>Tayta-mamam llapa familiantin estadopa waqaychasqan kananchikpaq derechoyoq kanchik, ñoqanchikqariki nacionta wiñachiq huk hatun ayllum kanchik.</para>
      </listitem>
    </orderedlist>
  </article>
  <article number="17">
    <title>CHUNKA QANCHISNIYOQ (17)</title>
    <orderedlist>
      <listitem>
	<para>Lliwmi derechoyoq kanchik sapallanchikpas otaq iskay kimsa runakunawan kuskapas kapuqniyoq kananchikpaq.</para>
      </listitem>
      <listitem>
	<para>Manam kapuqninchiktaqa yanqaqa pipas qechuwachwanchu.</para>
      </listitem>
    </orderedlist>
  </article>
  <article number="18">
    <title>CHUNKA PUSAQNIYOQ (18)</title>
    <para>Lliw runakunam derechoyoq kanchik imayna formapipas piensananchikpaq, conciencianchikman hina kawsakunanchikpaq hinaspa ima diospi creenanchikpaqpas. Kay derechonchikman hinaqa librem kanchik ima religiontapas chaskinanchikpaq hinaspa imayna formapipas creesqanchikta ruwananchikpaq. Sapallanchikpipas otaq huk huñunakuypipas ruwachwanmi chay creesqanchiktaqa hinaspapas yachachichwanmi wasinchikpi otaq maypipas.</para>
  </article>
  <article number="19">
    <title>CHUNKA ISQONNIYOQ (19)</title>
    <para>Lliw runakunam imayna piensasqanchiktapas rimarinanchikpaq derechoyoq kanchik, erechoyoqtaqmi kanchik mana pipa harkakusqan chaykunata willakunanchikpaqpas, chaskichwantaqmi hukkunapa piensasqantapas.</para>
  </article>
  <article number="20">
    <title>ISKAY CHUNKA (20)</title>
    <orderedlist>
      <listitem>
	<para>Kanmi derechonchik huñunakunapaq chaynataq ima huñunakuyta hawkalla hatarichinapaqpas.</para>
      </listitem>
      <listitem>
	<para>Manam pipas obligasqaqa kachwanchu ima huñunakuymanpas mana munastin pertenecenanchikpaqqa.</para>
      </listitem>
    </orderedlist>
  </article>
  <article number="21">
    <title>ISKAY CHUNKA HUKNIYOQ (21)</title>
    <orderedlist>
      <listitem>
	<para>Lliw runakunam derechoyoq kanchik nacionninchikpa gobiernonpi servikunanchikpaq, chaytaqa rurachwanmi kikinchikpunipas otaq munasqanchikta akllaspapas.</para>
      </listitem>
      <listitem>
	<para>Lliw runakunam igual derechoyoq kanchik gobiernonchikpa atiendenan wasikunaman yaykuspa chaypi atiendechikunanchikpaq.</para>
      </listitem>
      <listitem>
	<para>Gobiernopa atiyninqa kachkan lliw llaqtakuna munaspanchik chay autoridadta qoptillanchikmi, chay munasqanchiktam reqsichinchik librepuni votaspanchik; chay vototam ruwayta debenchik mana pipa yachasqanta chaynapi munasqanchikpaq votananchikpaq.</para>
      </listitem>
    </orderedlist>
  </article>
  <article number="22">
    <title>ISKAY CHUNKA ISKAYNIYOQ (22)</title>
    <para>Llapallan runakunam derechoyoq kanchik educacionpi, kupuqninchikpi hinaspa imayna kawsayninchikpipas amparasqa kananchikpaq chaynapi tukuy allin kayman chayananchikpaq. Chay seguridadtam chaskinchik kaykunawan: Gobiernom organizasqa kaspan ñoqanchikpaq atisqanta ruranan imakunam nacionninchikpi kaqkunawan, allinninchikpaqmi ruranan kallpanman hina otaq huklaw nacionkunapa yanapasqanpas.</para>
  </article>
  <article number="23">
    <title>ISKAY CHUNKA KIMSAYOQ (23)</title>
    <orderedlist>
      <listitem>
	<para>LIiw runakunam munasqanchikpi iiamkananchikpaq derechoyoq kanchik, derechoyoqtaqmi kanchik mana ilamkayniyoqkunapas llarnkayta maskaspa tarinanchikpaq, manam pipas munarispanqa qarqowachwanchu llamkayninchikmantaqa.</para>
      </listitem>
      <listitem>
	<para>LIiw runakunam derechoyoq kanchik mana ima sayapakuykunawan trabajonchikman hina pago chaskinanchikpaq.</para>
      </listitem>
      <listitem>
	<para>Lliw runakunam derechoyoq kanchik sasapas facilpas iiarnkasqanchikman hina pagonchik chaskinanchikpaq, chaynapi allin kawsakuyman hina familiantin allin kawsananchikpaq; mana chayqa chaskinam yanapakuyta chaypaq hina hatarichisqa yanapakuqkunamanta.</para>
      </listitem>
      <listitem>
	<para>Lliw runakunam derechoyoq kanchik lamkaq-masinchikkunaWan grupota formaspa otaq chayna grupokunaman pertenecespa derechonchik vechikunanchikpaq.</para>
      </listitem>
    </orderedlist>
  </article>
  <article number="24">
    <title>ISKAY CHUNKA TAWAYOQ (24)</title>
    <para>Lliw runakunam derechoyoq kanchik samananchikpaq hinaspa samarispa asirikunanchikpaq, derechoyoqtaqmi kanchik atisqanchikman hinalla sapa punchaw llamkananchikpaqpas hinaspa vacacionalninchik chaskinanchikpaqpas.</para>
  </article>
  <article number="25">
    <title>ISKAY CHUNKA PICHQAYOQ (25)</title>
    <orderedlist>
      <listitem>
	<para>Lliw runakunam derechoyoq kanchik allin kawsayta tarispa familiantin allin mikusqa, allin pachasqa hinaspa sano kawsakunapaq. Derechoyoqtaqmi kanchik amparasqa kananchikpaq, invalido kaspapas, viudo otaq viuda kaspapas, machu otaq paya kaspapas; derechoyoqtaqmi kanchik trabajota mana tarispapas otaq qonqayta ima mantenikunanchikpaq kaqta pierderuspapas amparasqa kananchikpaq.</para>
      </listitem>
      <listitem>
	<para>Wiksayoq warmikunapas chaynataq warmachakunapas derechoyoqmi kanku allin mantienesqa kanankupaq. Casadómanta otaq mana casadomanta kaspapas lliw warmachakunaqa igual derechoyoqmi kanku amparasqa kanankupaq.</para>
      </listitem>
    </orderedlist>
  </article>
  <article number="26">
    <title>ISKAY CHUNKA SOQTAYOQ (26)</title>
    <orderedlist>
      <listitem>
	<para>Lliw runakunam derechoyoq kanchik educasqa kananchikpaq. Mana qollqellapaqmi primariaqa chaymi obligatorio primariayoqllapas lliw kanankupaq. Allin notanchikman hinaqa lliwmi mastaraq educakuchwanchik chaynapi imam munasqanchikman chayananchikpaq.</para>
      </listitem>
      <listitem>
	<para>Educacionpa rurunqa kanan runakunapa allin kawsakuyninmi hinaspa lliw derechonkuna sumaq reqsiymi chaynapi libre kaynin allin respetasqa kananpaq. Hawkalla kaspanchikmi comprendenakunanchik huklaw nacionkunawan, wakin castakunawan hinaspa ima diospi creeqkunawanpas. Huñunasqa nacionkunatapas yanapananchikmi tukuy kay pachapi hawka kawsakuy kananpaq.</para>
      </listitem>
      <listitem>
	<para>Tayta-mamakunaqa derechoyoqmi kanchik imayna educacionta familianchik chaskinanpaqpas.</para>
      </listitem>
    </orderedlist>
  </article>
  <article number="27">
    <title>ISKAY CHUNKA QANCHISNIYOQ (27)</title>
    <orderedlist>
      <listitem>
	<para>LIiw runakunam derechoyoq kanchik maymi yachasqanchikpi ima ruray kaptinpas yanapakunanchikpaq. Yanapakuchwanmi tukuy imapi llaqtanchik sumaqílataña wiñananpaq hinaspapas derechoyoqmi kanchik chay llaqtapa imapas qowasqanchikta chaskikunapaq.</para>
      </listitem>
      <listitem>
	<para>Sichum umallanchikmanta imapas valorniyoq kaqta horqoruchwan otaq pipapas manaraq rurasqanta imatapas chayraq ruwaruchwan, hinaspaqa derechoyoqmi kanchik chay paqarichisqanchikkunapa valorniyoq kasqanta amparachinanchikpaq.</para>
      </listitem>
    </orderedlist>
  </article>
  <article number="28">
    <title>ISKAY CHUNKA PUSAQNIYOQ (28)</title>
    <para>Derechoyoqmi kanchik nacionninchikpi hinaspa lIiw nacionkunapipas runakunapa derechon valechiq organizacion kananpaq, chaynapi kay tukuy qawasqanchik derechonchik hinaspa libre kasqanchik haypananchikpaq.</para>
  </article>
  <article number="29">
    <title>ISKAY CHUNKA ISQONNIYOQ (29)</title>
    <orderedlist>
      <listitem>
	<para>Lliw runakunam llaqtanchikpi qespinchik, chayraykum llaqtanchikpaq deberniyoq kanchik.</para>
      </listitem>
      <listitem>
	<para>Derechonchik otaq libre kayninchik valechikunanchikmantaqa leyllam harkakuwachwan, chaynaqa kanman wakinpa derechonkuna otaq libre kayninku mana usurpasqa kananpaqmi, chaynapi chaqwakuna mana kananpaq. Chaynapitaq lliw runakunaqa sapakama kikin nacionninchikpi hawkalla kawsakunanchikpaq.</para>
      </listitem>
      <listitem>
	<para>Kay lliw derechonchikqa otaq libre kayninchikqa manam valechisqaqa kanmanchu, sichum imayna formapipas hukllawasqa nacionkunapa munasqanpa contranpi kaspaqa.</para>
      </listitem>
    </orderedlist>
  </article>
  <article number="30">
    <title>KIMSA CHUNKA (30)</title>
    <para>Kay qelíqapa nisqankunaman hapipakuspaqa manam pipas otaq gobiernopas imatapas ruwanmanchu, derechonchikta hinaspa libre kayninchikta usurpanankupaqa.</para>
  </article>
</udhr>
