<?xml version="1.0" encoding="UTF-8"?>

<!--© The Office of the High Commisioner for Human Rights-->

<udhr lang="zam" language="Zapoteco, Miahuatlán Central" xmlns="http://www.unhchr.ch/udhr">
   <title>Rieti yets</title>
   <note>
      <para>Tsiy guits mbe tsiy chop lin 1948 xa rolmien kuan ndob lis rietiyets ntab xa nda kuan mbes par mien, xa yets kuan ndob. Va xa nak xmbool mbes par nkie yets xa nkab xa ngui kuan ndob. Xa yuʼnted nxab Kuana.</para>
   </note>
   <preamble>
      <title>Kuan mbeʼs men yuy par diti; Kuan na mbes par luʼ</title>
      <para>Xa ndob kan lu ngak, xa yent ndob xa yuy kinó riet kuan ngui, ba ndob diti kino kuan nlas xa gak tib par mien guets;</para>
      <para>Xa ndob na nxab, na nlas kuan nachen xa mbes, ba mbekie par kuan xgab mien. Ta mbeʼs, kuan mien ndixi gak xa gui kuan nta juin, kuan kie guits nlas.</para>
      <para>Xa ndob kuan mbes gak bxen men xa yen kuan mbikie, xa mbol na ndixi par nkieʼ nguda mien.</para>
      <para>Xa ndob mbes kuan ngak ndixi nlás, xa kab ditimien.</para>
      <para>Xa ndob riet yets, xa mbes ndob kuerd kuan nak juin par mien, xa nak par diti ndob, kuan nlas mbyi o ngol;</para>
      <para>Xa mbeʼs kuan nkie cho kuan ndobna par xek, xa juin kino diti kuan ndob.</para>
      <para>Xa ndob yets naró kuan ndob kuan mbes kuan nkie nta kuan mbes yets yuy xa na nkie kap xa ndob par kuan mien nlas.</para>
      <para>Xa ndob kuan gak par diti xa kuanta rool par diti mien orti nkie kuan nlas.</para>
      <para>Ndob riet men</para>
      <para>mbes</para>
      <para>Kuan mbes men yuy par diti</para>
      <para>Xa xgab mien x diti yets nkie ta xa mien rop lis xgab kuan gak xa nkie nted mienlut xa juin ndob diti yets tre yets kuan na ndob nxe xata gui yets kuan nak.</para>
   </preamble>
   <article number="1">
      <title>Dib rtik (1)</title>
      <para>Diti mien ndied xa yent kuan nkie xa nak rieti xa diba xa rola.</para>
   </article>
   <article number="2">
      <title>Chop rtik (2)</title>
      <para>Diti mien ndob kuan xgab kuan nlas xa mbes yets nxche, xa na ngui cho nak cho kuan ngus, cho guis ndob, cho kuan gak par ndixi cho mbol ntsi yets.</para>
      <para>Bay, na ngui cho kuan men nkie par ndixi mbol yets o cho yets na ndob nxche xa kuan gak men o cho kuan nkie yets, xa nak diba kua gak.</para>
   </article>
   <article number="3">
      <title>Tson rtik (3)</title>
      <para>Rieti mien ndob kuan nlas par ndob, par yenti kuan mbes na nki, na gak xa juien ndob.</para>
   </article>
   <article number="4">
      <title>Dapa rtik (4)</title>
      <para>Yent men kuan nkie orti na nlas na juin nkie kuan nlas, cho kuan gak nda par ñulis ntou ba na juin kuana.</para>
   </article>
   <article number="5">
      <title>Gay rtik (5)</title>
      <para>Yenti men nkie mbikie yek, o lee mien xa ndied ren.</para>
   </article>
   <article number="6">
      <title>Xopa rtik (6)</title>
      <para>Diti mien ndob kuan nlas, ba palad ndob xa ndob yet kuan nta kuan gak.</para>
   </article>
   <article number="7">
      <title>Gatsa rtik (7)</title>
      <para>Diti takuan ba mbes yes, ta kuan nta yes, rieti ndob kuan las xa yent kuan gui kap, kuan mbes kapa.</para>
   </article>
   <article number="8">
      <title>Xona rtik (8)</title>
      <para>Diti mien ndob par mbes cho mbol kuan nkie yes par yets nche kuan nxaba kua mbol gui cho mien nkie kap, ba mbes yes.</para>
   </article>
   <article number="9">
      <title>Yey rtik (9)</title>
      <para>Yenti kuan bxen luʼ par nta ñu lis ntou o cho kuan mbikiey pa lu ndai tidib yets</para>
   </article>
   <article number="10">
      <title>Tsiy rtik (10)</title>
      <para>Diti mien kino kuan nlas, xa na diti mien lu xgab, lu mbes kuan nlas par riet men xa gak par kuan las, xa mbol kuan ndob yes ngak diba xa nkie kuan ntod par xgab xa mbrey kap kuan gaktsidiba.</para>
   </article>
   <article number="11">
      <title>Tsidiba rtik (11)</title>
      <orderedlist>
         <listitem>
            <para>Diti mien kuan ngak kap ndob tidib par gux na mbkie, xa mbol xgab cho guali o nakti xa rool men gux kuan ndoba yes xa na bxen men.</para>
         </listitem>
         <listitem>
            <para>Yent kuan nta mbkie por kuan orti nkie na xgab ba na naró nak nagol.</para>
         </listitem>
      </orderedlist>
   </article>
   <article number="12">
      <title>Tsichopa rtik (12)</title>
      <para>Yenti cuan nta gak kap par diti mien lis, yu men, xa na mbkie kuan mbes. Diti mien kino kuan gus xa ndob yes mbol gox.</para>
   </article>
   <article number="13">
      <title>Tsitsona rtik (13)</title>
      <orderedlist>
         <listitem>
            <para>Diti men ndob orti ndab tidib yets.</para>
         </listitem>
         <listitem>
            <para>Diti men ndob kuan gak nlas par ndia o ndied tidib yets.</para>
         </listitem>
      </orderedlist>
   </article>
   <article number="14">
      <title>Tsidapa rtik (14)</title>
      <orderedlist>
         <listitem>
            <para>Orti mbikie liger par bxen, diti men ndob kuan nak pa lad ndixi tidib yetsndaʼ.</para>
         </listitem>
         <listitem>
            <para>Crue na gak par gux cho kuan mbes yes cho nak kap kuan mbes riet yets.</para>
         </listitem>
      </orderedlist>
   </article>
   <article number="15">
      <title>Tsina rtik (15)</title>
      <orderedlist>
         <listitem>
            <para>Diti men ndob kuan nlas gak yets.</para>
         </listitem>
         <listitem>
            <para>Yen men kuan nta nagak kuan nlas xa ndob orti nlas cho yets bxen.</para>
         </listitem>
      </orderedlist>
   </article>
   <article number="16">
      <title>Tsindiba rtik (16)</title>
      <orderedlist>
         <listitem>
            <para>Riet mbyi, riet ngol xa ndob lin kino kuan nlas xa yent kuan na nta por cho nbod ro gat o kis, cho kuan ndob guits tidiba o cho byen kuan nak mza par diti lin o cho kuan na nlas ngol.</para>
         </listitem>
         <listitem>
            <para>Xa ndob nambi kuan xgab cho nak tidib mbyi rop mza.</para>
         </listitem>
         <listitem>
            <para>Mien lis nak kuan ney par riet men kuan ndob yets xa nkab diti yets rol.</para>
         </listitem>
      </orderedlist>
   </article>
   <article number="17">
      <title>Tsinchopa rtik (17)</title>
      <orderedlist>
         <listitem>
            <para>Riet men ndob kuan nlas orti bxen yuy chenlu.</para>
         </listitem>
         <listitem>
            <para>Yenti kuan na nta yuy chenlu.</para>
         </listitem>
      </orderedlist>
   </article>
   <article number="18">
      <title>Tsinbtsona rtik (18)</title>
      <para>Riet men ndob kuan nlas gak, xa xgab xa guits kinó, krue na ndob par kuan guits nlas cho diba o cho rieti xa nted kuan gui.</para>
   </article>
   <article number="19">
      <title>Tsindapa rtik (19)</title>
      <para>Riet men ndob kuan nlas par kie xa kuan xgab xa kuan mbes xa yent cuan gux kap, xa kuana lu nlas orti ndixi tidib yets o cho cuan nlaslu.</para>
   </article>
   <article number="20">
      <title>Gala rtik (20)</title>
      <orderedlist>
         <listitem>
            <para>Riet men ndob kuan las orti ndixi riet mien par kuan gak.</para>
         </listitem>
         <listitem>
            <para>Yenti kuan mbeslu ndai con rieti men kuan lu nalás.</para>
         </listitem>
      </orderedlist>
   </article>
   <article number="21">
      <title>Gal nzo dibartik (21)</title>
      <orderedlist>
         <listitem>
            <para>Riet men ndob kuan nlas par nkie kuan gak mbol yuʼnaró yets cho cuanmbes mien yets lu.</para>
         </listitem>
         <listitem>
            <para>Riet men kino kuan nlas orti tab ñu xa kuan mbes yets lu xa lu gak.</para>
         </listitem>
         <listitem>
            <para>Kuan gak yets nak ni mbol kuan ndob yuʼnaró, kuan gak mbes cho rietmien guatali kuan nak cho nlas guits o cho kuan nagui o cho kuan mien nlas.</para>
         </listitem>
      </orderedlist>
   </article>
   <article number="22">
      <title>Gal nzo chopa rtik (22)</title>
      <para>Riet men kuan ndob gui kuan o cho mbikie xa bxen naral xa kuan nta mien, kuan, nta diti yets o cho kuan nak timí, o cho kuan ngak lu.</para>
   </article>
   <article number="23">
      <title>Gal nzo tsona rtik (23)</title>
      <orderedlist>
         <listitem>
            <para>Diti men nkie tsin kuan nlas, tatsa nlas kuan gak xa ndob timi xa yent kuan nkib tsin.</para>
         </listitem>
         <listitem>
            <para>Diti men ndob kuan nlas, tatsa kuan gak xa guald timi ntai.</para>
         </listitem>
         <listitem>
            <para>Diti men kuan nkie tsin ndob kuan las xa gulad bxen timí kuan ntaʼmen xa men lis xiits ndob loʼ.</para>
         </listitem>
         <listitem>
            <para>Diti men ndob kuan las par nkieʼ rop tidib men xa juin bxen tsin.</para>
         </listitem>
      </orderedlist>
   </article>
   <article number="24">
      <title>Gal nzo dapa rtik (24)</title>
      <para>Diti men ndo orti nlas ntob, xa gui diti guits kuan ntod, kuan gat xa ntaʼ tímí par nxoula.</para>
   </article>
   <article number="25">
      <title>Gal nzo gaya rtik (25)</title>
      <orderedlist>
         <listitem>
            <para>Diti men ndob kuan las par gui xa ndob men lis xa yenti nayiits par ndob kuan guala, ndob cho lar ntob, cho yuʼ, cho kuan guu par nayiits o cho kuan nguda o cho orti ngak ngoox o cho tidib kuan lu nanxab.</para>
         </listitem>
         <listitem>
            <para>Ngol kuan ndob mbet, o cho mien bix ndob kuan las par men gui luʼ. Xa diti mien bix kuan kino xutl o cho kuan yenti xutl ndob kuan nlas xa cho mien gui kuan nxoula o cho kuan guuʼ.</para>
         </listitem>
      </orderedlist>
   </article>
   <article number="26">
      <title>Gal nzo xopa rtik (26)</title>
      <orderedlist>
         <listitem>
            <para>Diti men kino kuan nlas par ntaʼ tedla xa na ntaʼ timi orti bxen yey lin. Kuana bligad, xa par kie tidib nted lu nlas. Xa kuana naka diba.</para>
         </listitem>
         <listitem>
            <para>Kuan nted men nak kuan xgab men xa naró gak xa lu gui cho men bxen kuan chenlu gak xa lu naró xgab xa ndob nlas par tidib mien tidib yets xa nlas men kuan ndob tidib guits xa riet mien nlas.</para>
         </listitem>
         <listitem>
            <para>Riet xutl kinó kuan nted xgan o rsap chenla.</para>
         </listitem>
      </orderedlist>
   </article>
   <article number="27">
      <title>Gal nzo gatsa rtik (27)</title>
      <orderedlist>
         <listitem>
            <para>Diti men ndob kuan las xa bxen kuan ndob yets lu xa gak kuan nak chelu xa bxen kuan nak xgab kuan kub kuan ndob yuy.</para>
         </listitem>
         <listitem>
            <para>Diti men ndob kuan nlas, kuan nak chenlu, kuan nta par xgab o cho kuan mbes, kuan kaní kuan chenlu.</para>
         </listitem>
      </orderedlist>
   </article>
   <article number="28">
      <title>Gal nzo xona rtik (28)</title>
      <para>Diti men ndob kuan nlas par ntiob xa na mbikie men ta nak diba xa ta nak rieti, ba mbes yes crue xa kab dite mien.</para>
   </article>
   <article number="29">
      <title>Gal nzo yeʼy rtik (29)</title>
      <orderedlist>
         <listitem>
            <para>Diti men ndob kuan gak xa ndob juin yek par diti mien yets xa ba nkie kuan gak kuan las.</para>
         </listitem>
         <listitem>
            <para>Taxa ndo kuan ngak kuan nlas, xa diti men tab kuan mbes diti mien xa gualad nak diti kuana nak juin xa yets lu gui xa nta kuan lu nlas.</para>
         </listitem>
         <listitem>
            <para>Bay crue kuan lu gak, kuan lu nlas na nak par lu ntou xa mbes mbol kuan ndob yuʼ naro kuan nak diti yuy.</para>
         </listitem>
      </orderedlist>
   </article>
   <article number="30">
      <title>Gal btsiy rtik (30)</title>
      <para>Crue na nak par men kap gus xa na juina ta mbes yes kiti yets ta nak par diba o cho par diti, na gak kap ta mbes yes nche.</para>
   </article>
</udhr>