﻿<?xml version="1.0" encoding="UTF-8"?>

<!--© The Office of the High Commisioner for Human Rights-->

<udhr lang="kri" language="Krio" xmlns="http://www.unhchr.ch/udhr">
  <note>
    <para>Tɛnki Tɛnki</para>
    <para>Wi de tɛl tɛnk to Yunaytɛd Neshɔn Ay Kɔmishɔna fɔ Yuman Rayt fɔ we dɛm pe fɔ dis wok ya.</para>
    <para>Di Nashɔnal Kɔmishɔn fɔ Dɛmokrasi ɛn Yuman Rayt na dɛm put dis Dɛklareshɔn na wi yon Sa Lon languej dɛm.</para>
    <para>Wi de tɛl plɛnti tɛnki to di posin we tɔn di inglish languej to krio, di wan we hɛp fɔ chɛk di wok ɛn di man we drɔ dɛm pikchɔ, Adams, Bangura, ɛn Miss Patience Bɔknɔr we tayp</para>
  </note>
  <title>Di Stetmɛnt Bɔt Di Rayt Dɛn We ɔlman na Di Wɔl Fɔ Gɛt</title>
  <preamble>
    <title>Wetin Kam Bifo (Introdɔkshɔn)</title>
    <para>Soso we if wi sabi ɛn gri se if ɔlman gɛt insɛf yon rɛspɛkt, i ikwal ɛn gɛt di sem rayt lɛk ɛni ɔda pɔsin ɔloba di wɔl, dɛn di wanol wɔ1 sɛf go gɛt fridɔm, jɔstis ɛn pis; as tiɧ dɛn we wikɛd pasmak dɔn apin bikɔs pipul dɛm nɔ wan fɔ gri se ɔlman ikwal.</para>
    <para>Di tiɧ we di kɔmɔn man want pas ɔltin na di wɔl tide na fɔ mek ɛvribɔdi ebul fɔ se wetin i fil, ɔ tink bay aw tiɧ de bi, fɔ biliv wetin i want fɔ biliv ɛn gɛt bɛnifit frɔm ɔl wetin i nid, wit kolat.</para>
    <para>If man fɔ liv wit kolat ɛn nɔ gɛt fɔ de fɛt fɔ in yon yon rayt, dɛn i impɔtant fɔ mek di lɔ protɛkt da rayt de;</para>
    <para>Na semweso i gud fɔ lɛ kolat ɛn frɛnship de bitwin neshɔn ɛn neshɔn dɛn.</para>
    <para>We di Yunaytɛd Neshɔn dɛn sɛf si dis nain mek dɛn put am tranga wan na dɛn chata se ɔl mɔtalman ɔlsay na di wɔl ikwal, dɛn gɛt dɛnsɛf sɛf yon rɛspɛkt we nɔbɔdi nɔ fɔ fɔmful wit.</para>
    <para>Wɛda dɛn na man ɔ uman, diffrɛns nɔ fɔ de, ɛn di Yunaytɛd Neshɔn dɔ mekop dɛn maynd fɔ mek ɔlman liv with kolat ɛn rɛspɛkt usay i de ɛn gɛt itwal chans fɔ du wetin dɛn sabi fɔ du.</para>
    <para>Na semweso di mɛmba kɔntri dɛn na di Yunaytɛd Neshɔn dɔn gri fɔ jɔynan ɛn mek shɔ se dɛn go gɛt fridɔm, jɔstis ɛn pis sote go.</para>
    <para>Fɔ mek dis wanwɔd ol wata ɔloba di wɔl, ɛvribɔdi fɔɔndastand wetin dɛn rayt ɛn dɛn fridɔm, jɔstis ɛn pis yaso min.</para>
    <para>so, lɛ wi si,</para>
    <para>Di Jɛnɛral Asɛmbli</para>
    <para>dɔn tɔk naw se,</para>
    <para>Dis stetmɛnt bɔt di rayt we ɔlman ɔlsay na di wɔl fɔ gɛt, fɔ bi sem fɔɔl kanaba pipul dɛn na ɔl di kɔntri dɛn ɛn dat ɛvribɔdi ɛn patikla di wan dɛn we gɛt pawa, fɔ mek shɔ se dnsɛf ɛn dɛn dɛnlan am, dɛn sabi am ɛn de fala wetin i se so dat ɔLoba di wɔl pipul dɛn go gɛt fridɔm, jɔstis ɛn pis.</para>
  </preamble>
  <article number="1">
    <title>Atikul Wan</title>
    <para>ɛvribɔdi bɔn fri ɛn gɛt in yon rayt, nɔn wan nɔ pas in kɔmpin. Wi ɔl ebul fɔ tink ɛn fɛnɔt wetin rayt ɛn rɔɧ pantap dat wi fɔ sabi aw fɔ liv lɛk wan big famili.</para>
  </article>
  <article number="2">
    <title>Atikul Tu</title>
    <para>ɛvribɔdi fɔ gɛt di sem rayt ɛn fridom we dis stetmɛnt tɔk bɔt, nɔ mata wɛda in na wetman ɔ blakman, man ɔ uman, bukman ɔ yu nɔ sabi rid ɛn rayt, poman ɔ mɔniman, kristiɛn ɔ muslim.</para>
    <para>Pantap dat, di kɔntri we di pɔsin bɔn sɛf nɔ fɔ bi baria na in we. I fɔ gɛt ikwal rayt lɛk ɛni ɔda pɔsin na di bɛst divɛlop kɔntri na di wɔl.</para>
  </article>
  <article number="3">
    <title>Atikul Tri</title>
    <para>Evribɔdi fɔ ebul fɔ liv in layf, fɔ fil fri ɛn fɔ fil sɛf se nɔbɔdi ɔ natin nɔ go denja in layf.</para>
  </article>
  <article number="4">
    <title>Atikul Fo</title>
    <para>Nɔbɔdi nɔ fɔ mek in kɔmpin in slev – dis, ɔɛnitiɧ sɛf we fiba am fɔ tap.</para>
  </article>
  <article number="5">
    <title>Atikul Fayv</title>
    <para>Nɔbɔdi nɔ fɔ mek in kɔmpin sɔfa bita wikɛd pen na bɔdi ɔ shem sote i lɔs da in yon yon rɛspɛkt.</para>
  </article>
  <article number="6">
    <title>Atikul Siks</title>
    <para>ɛvribɔdi gɛt rayt fɔ mek pipul dɛn rɛspɛkt am as mɔtalman ɛnisay na di wɔl ɛn, sɛf, fɔ mek di lɔɛp am gɛt dis rɛspɛkt.</para>
  </article>
  <article number="7">
    <title>Atikul Sɛvin</title>
    <para>ɛvribɔdi ikwal ɛn di lɔ fɔ ebul protɛkt ɛniwan wantɛm we ɔda pipul dɛn na trit wan du am wetin in mɔtalman rayt nɔ gri fɔɔ if bad pipul se ɔda wan agens am.</para>
  </article>
  <article number="8">
    <title>Atikul Et</title>
    <para>ɛvribɔdi we tink se dɛn dɔn go agens in rayt we dis stetmɛnt tɔk bɔt, fɔ ebul gɛt ɔl di ɛp we i nid frɔm ɛni kotos we gɛt pawa na in kɔntri.</para>
  </article>
  <article number="9">
    <title>Atikul Nayn</title>
    <para>Nɔbɔdi nɔ fɔ arɛst, jel ɔ drɛb ɛni pɔsin kɔmɔt na in yon kɔntri jɛs bikɛs i fil fɔ du so.</para>
  </article>
  <article number="10">
    <title>Atikul Tɛn</title>
    <para>ɛnibɔdi we dɛn arɛst fɔ tiɧ we i du agens di lɔ, fɔ gɛt ful protɛkshɔn frɔm Lɔya dɛn we go tinap fɔ am na kotos.</para>
  </article>
  <article number="11">
    <title>Atikul Ilɛvin</title>
    <orderedlist>
      <listitem>
	<para>ɛnibɔdi we dɛn kɛr go kot fɔ tiɧ we dɛn se i du agens di lɔ fɔ gɛt di rayt fɔ se in nɔ du da tiɧ de ɛn di kot fɔ biliv am. I go lɛf wit di kot naw fɔ pruv se i du am na pɔblik trayal usay insɛf go gɛt in yon Lɔya dɛn we go fɛt in kes fɔ am.</para>
      </listitem>
      <listitem>
	<para>Nɔbɔdi nɔ fɔ pas jɔjmɛnt se pɔsin gilti ɔ ipɔnish da pɔsin de fɔ lɛk big ɔfens we pas wetin i du ɛ sɛf, we nɔtɔɔfɛns insay in yon kɔntri ɔɔda kɔntri dɛn na di wɔl.</para>
      </listitem>
    </orderedlist>
  </article>
  <article number="12">
    <title>Atikul Twelv</title>
    <para>Nɔbɔdi nɔ gɛt rayt fɔ intafia as i lɛk wit ɔda pɔsin in kolat, in fambul, in om ɛn in lɛta dɛn we ɔda pipul rayt to am, ɔ ivin tray fɔ pwɛl in gudnɛm ɔ in rɛspɛkt. Di lɔ fɔ protɛkt ɛvribɔdi fɔ dɛn kanaba molɛsteshɔn yaso.</para>
  </article>
  <article number="13">
    <title>Atikul Tɔtin</title>
    <orderedlist>
      <listitem>
	<para>ɛvribɔdi gɛt rayt fɔ go ɛnisay ɛn tap ɛnisay na ɛni pan di kɔntri dɛn we de na di Yunaytɛd Neshɔn; pantap dat, i fri fɔ kɔmɔt na in kɔntri ɔɛniwan pan di kɔntri dɛn na di Yunaytɛd Neshɔn ɛn tɔn bak kam na in yon kɔntri we i pliz.</para>
      </listitem>
      <listitem>
	<para>[Missing?]</para>
      </listitem>
    </orderedlist>
  </article>
  <article number="14">
    <title>Atikul Fɔtin</title>
    <orderedlist>
      <listitem>
	<para>ɛnibɔdi we tink se in layf de pan denja gɛt di rayt fɔ aks mek dɛn alaw am, ɛn in fɔ gɛt da pamishɔn de fɔ tap na ɛni ɔda kɔntri na di wɔl. Bɔt, if di rizin we mek da pɔsin de wan kɔmɔt na in kɔntri go tap ɔdasay nɔ gɛt natin fɔ du with pɔlitiks, ɔ na tiɧ we di Yunaytɛd Neshɔn stetmɛnt de agens, dɛn i nɔ go gɛt da rayt de.</para>
      </listitem>
      <listitem>
	<para>[Missing?]</para>
      </listitem>
    </orderedlist>
  </article>
  <article number="15">
    <title>Atikul Fiftin</title>
    <orderedlist>
      <listitem>
	<para>ɛvribɔdi gɛt rayt fɔ gɛt wan kɔntri we i go kɔl in yon.</para>
      </listitem>
      <listitem>
	<para>Nɔbɔdi nɔ gɛt rayt, jɛs bikɔs i fil so, fɔ, mek sɔmbɔdi nɔ ebul fɔ kɔl in kɔntri in yon igen, ɛn, pantap dat, nɔbɔdi nɔ gɛt da pawa de fɔ tap ɛnibɔdi we want fɔ chenj di kɔntri we i go kɔl in yon.</para>
      </listitem>
    </orderedlist>
  </article>
  <article number="16">
    <title>Atikul Sikstin</title>
    <orderedlist>
      <listitem>
	<para>ɛNi man ɛn uman we dɔn ɔfej, no mata if dɛn tu nɔ to di sem trayb, kɔla ɔ rilijɔn, gɛt di rayt fɔ mared, bɔn pikin ɛn bigin dɛn yon famili. Dɛn fɔ gɛt di sem rayt as maredman ɛn mareduman, ivin if di mared brok sɛf.</para>
      </listitem>
      <listitem>
	<para>Fɔ mek di mared gɛt minin, di man ɛn di uman fɔ no plen wan wetin dɛn de du ɛn dɛn fɔ gri fɔ bi man ɛn wɛf.</para>
      </listitem>
      <listitem>
	<para>[Missing?]</para>
      </listitem>
    </orderedlist>
  </article>
  <article number="17">
    <title>Atikul Sɛvintin</title>
    <orderedlist>
      <listitem>
	<para>ɛvibɔdi gɛt rayt fɔ gɛt prɔpati fɔ insɛf ɔ fɔ jɔyn wit ɔda pipul dɛn ɛn gɛt di prɔpati.</para>
      </listitem>
      <listitem>
	<para>Nɔbɔdi nɔ fɔ tek ɛni pɔsin in yon prɔpati kɔmɔt na in an we i jɛs fil nɔmɔ fɔ du so.</para>
      </listitem>
    </orderedlist>
  </article>
  <article number="18">
    <title>Atikul Etin</title>
    <para>ɛvibɔdi gɛt rayt fɔ tink aw i want, fil aw i want bɔt ɛnitin we de apin ɛnisay, ɛn jɔyn ɛni grup ɔ chɔch ɔɛni ɔda Gɔd wok fɔ prez Gɔd di we i fil, igen sɛf, i fri fɔ chenj in grup ɔ chɔch ɛn ivin di we aw i fil bɔt Gɔd; pantap dat, i fri fɔ wɔship in wangren ɔ wit ɔda pipul dɛn na pɔblik ɔ prayvet.</para>
  </article>
  <article number="19">
    <title>Atikul Nayntin</title>
    <para>ɛvribɔdi gɛt rayt fɔ tink wetin i fil ɛn fɔ se wetin i fil. Dis min igen se nɔbɔdi nɔ fɔ ambɔgin ɛni ɔda pɔsin bikɔs ɔf wetin i fil ɔ biliv. I gɛt di raty fɔ sho, tɔk bɔt, fala ɔ ivin tich wetin i biliv to ɔda pɔsin dɛn, ilɛk usay ɔ uskayn we i pas di wɔd.</para>
  </article>
  <article number="20">
    <title>Atikul Twenti</title>
    <orderedlist>
      <listitem>
	<para>ɛvribɔdi fri fɔ bi mɛmba ɔf ɛni grup we i chuz wans nɔmɔ den nɔ de du ɛnitiɧ de fɔ briɧ ambɔg ɔ trɔbul na di kɔntri.</para>
      </listitem>
      <listitem>
	<para>Nɔbɔdi nɔ fɔ fos ɛni pɔsin fɔ jɔny ɛni grup we i nɔ want fɔ jɔyn.</para>
      </listitem>
    </orderedlist>
  </article>
  <article number="21">
    <title>Atikul Twenti Wan</title>
    <orderedlist>
      <listitem>
	<para>ɛvribɔdi gɛt rayt fɔ du wetin i ebul du fɔɛp di gɔvamɛnt ɔf in kɔntri. I kin du dis if i wok wit di gɔvamɛnt ɔ if i vot fɔ pipul dɛn we go wok wit di gɔvamɛnt.</para>
      </listitem>
      <listitem>
	<para>ɛvribɔdi gɛt di sem rayt fɔ yuz ɔl gɔvamɛnt prɔpati we de fɔ di pɔblik.</para>
      </listitem>
      <listitem>
	<para>Wetin di pipul dɛn want nain di gɔvamɛnt fɔ du. Di pipul dɛn go sho wetin dɛn want we dɛn wan we dɔn big du fɔ vot go vot na jɛnaral ilɛkshɔn frɔm tɛm to tɛm. Nɔbɔdi nɔ fɔ fos dɛn, nɔbɔdi nɔ fɔ tap dɛn fɔ fri fɔ vot usay nɔbɔdi nɔ go si dɛn, ɛn fɔ udat dɛn want.</para>
      </listitem>
    </orderedlist>
  </article>
  <article number="22">
    <title>Atikul Twenti Tu</title>
    <para>ɛvribɔdi gɛt rayt fɔɛkspɛkt in kɔntri fɔ protɛkt am ɛn gi am chans fɔ divɛlɔp insɛf ɛnisay ɛn bi sɔmbdi wit rɛspɛkt ɛn we go ebul insɛf pan wok ɔ biznɛs ɔ stɔdi te in kɔntri kin si am as wan pɔsin we fɔ abop pan.</para>
  </article>
  <article number="23">
    <title>Atikul Twenti Tri</title>
    <orderedlist>
      <listitem>
	<para>ɛvribɔdi gɛt rayt fɔ wok, fɔ du di wok we i lɛk ɛn fɔ gɛt gud pe fɔ di wok we i de du.</para>
      </listitem>
      <listitem>
	<para>ɛvribɔdi fɔ gɛt di sem pe fɔ di sem wok.</para>
      </listitem>
      <listitem>
	<para>ɛvribɔdi we de wok gɛt rayt fɔ gɛt di kayn pe we go mek in ɛn in famili ebul fɔ liv lɛk nɔmal mɔtalman dɛn, ɛn if i posibul sɛf, dɛn kin gɛt ɔda kayn ɛp fɔ mek layf bɛtɛ fɔ dɛn.</para>
      </listitem>
      <listitem>
	<para>ɛvribɔdi gɛt rayt fɔ fɔrm tred Yuniɔn ɔ jɔyn an as wokman ɔ wokuman fɔ mek nɔbɔdi nɔ tinap pan dɛn rayt na di wokples.</para>
      </listitem>
    </orderedlist>
  </article>
  <article number="24">
    <title>Atikul Twenti Fɔ</title>
    <para>ɛvribɔdi gɛt rayt fɔ rɛst ɛn rilaks in bɔdi, insay dat, dɛn fɔ rɛst afta dɛn dɔn wok dɔn ɛvride. Pantap dat, dɛn fɔ gɛt tɛm we dɛn go go ɔlide (ɛvri ia liv) ɛn gɛt dɛn pe fɔ da liv tɛm de.</para>
  </article>
  <article number="25">
    <title>Atikul Twenti Fayv</title>
    <orderedlist>
      <listitem>
	<para>ɛvibɔdi gɛt rayt fɔ liv di kaynaba layf we go mek in ɛn in famili dɛn nɔ sik, i fɔ ebul gɛt tin fɔ it, klos, os, mɛrɛsin ɛn i fɔ ebul abop se if tiɧ bad fɔ am na layf, lɛkɛ i sik, in patna ɔ pikin sik, i lɛf wok, day mit am ɔ i kam ol tumɔs, i go gɛt ɛp frɔm di gɔvamɛnt.</para>
      </listitem>
      <listitem>
	<para>Lili pikin ɛn mami we gɛt pikin gɛt rayt fɔ gɛt spɛshal ɛp ɛn dis ɛp nɔ fɔ difrɛn ivin if nɔtɔ di maredwɛf bɛn di pikin. Maredwɛf pikin ɛn switat pikin fɔ gɛt di sem tritmɛnt ɛn bɛnifit ɔlsay.</para>
      </listitem>
    </orderedlist>
  </article>
  <article number="26">
    <title>Atikul Twenti Siks</title>
    <orderedlist>
      <listitem>
	<para>ɛvribɔdi gɛt rayt fɔ gɛt ɛdyukeshɔn; ɛlimɛntri ɛn praymari fɔ bi fri, ɛn ɛlimɛntri ɛn praymari ɛdyukeshɔn fɔ bi bay fos, bay kɔmpɛl. ɛnibɔdi we want, kin gɛt di kayn ɛdukeshɔn we go tren am fɔ spɛshal jab dɛn. Yunivasiti ɛdyukeshɔn go de fɔɛnibɔdi we want am, ɛn we fit fɔ gɛt am.</para>
      </listitem>
      <listitem>
	<para>ɛdyukeshɔn go tren di lana fɔ gro fɔ rɛspɛkt di rayt ɛn fridɔm we ɔda pipul dɛn gɛt. I go mek pipul dɛn ebul fɔ liv togɛda nɔ mata wɛda dɛn de na di sem kɔntri ɔ sɔm bi frɔm ɔda kɔntri, wɛda dɛn gɛt di sem kɔla ɔ dɛn ivin jɔyn di sem rilijɔn; dis go ɛp mek di Yunaytɛd Neshɔn dɛn wok fɔ gɛt pis ɛn kolat ɔlsay na di wɔl izi.</para>
      </listitem>
      <listitem>
	<para>Na di mami ɛn di dadi fɔ disayd uskayn ɛdyukeshɔn dɛn pikin fɔ gɛt; if dɛn nɔ ebul ɔ dɛn nɔ de, dɛn, ɔda pɔsin kin du am.</para>
      </listitem>
    </orderedlist>
  </article>
  <article number="27">
    <title>Atikul Twenti Sevin</title>
    <orderedlist>
      <listitem>
	<para>ɛvribɔdi gɛt rayt fɔ tek pat pan ɔl dɛn kaynaba aktiviti we blant in kɔntri lɛkɛ di siɧɛn dans, di dresin ɛn di pichɔ drɔin dɛn we de sho tiɧ dɛn bɔt in kɔntri. I gɛt di rayt igen sɛf fɔ tek pat ɛn bɛnifit frɔm di gud tiɧs dɛn we sayɛns dɔn briɧ kam na in kɔntri.</para>
      </listitem>
      <listitem>
	<para>ɛvribɔdi gɛt rayt fɔ kip ɛn ɛnjɔy as in yon ɛnitin we insɛf fɛnɔt, du ɔ rayt insay sayɛens, raytin drama ple aktiɧ.</para>
      </listitem>
    </orderedlist>
  </article>
  <article number="28">
    <title>Atikul Twenti Et</title>
    <para>ɛvribɔdi gɛt rayt fɔ bɛnifit frɔm grup we gɛt pawa ɔlɔba di wɔl fɔ mek shɔ se ɛvribɔdi go ɛnjɔy dɛn rayt ɛn fridɔm dɛn we dis stetmɛnt tɔk bɔt.</para>
  </article>
  <article number="29">
    <title>Atikul Twenti Nayn</title>
    <orderedlist>
      <listitem>
	<para>ɛvribɔdi gɛt in yon wok we in fɔ du na in sosayti fɔ mek shɔ se i go liv api ɛn ful layf insay de.</para>
      </listitem>
      <listitem>
	<para>We pɔsin de tray fɔɛnjɔy in rayt dɛn ɛn in fridɔm dɛn na sosayti, i fɔ mɛmba se di lɔ de fɔ mek shɔ se i mɛmba se ɔda pɔsin dɛnsɛf gɛt dɛn yon rayt ɛn fridɔm we i fɔ rɛspɛkt so dat ɔda ɛn kolat go de ɔlɔbɔt (ɔlsay).</para>
      </listitem>
      <listitem>
	<para>Dɛn rayt ɛn fridɔm dɛn ya we de na dis stetmɛnt we kɔmɔt na Yunaytɛd Neshɔn na fɔ mek pipul dɛn gɛt pis ɛn kolat na dɛn kɔntri. Nɔbɔdi nɔ fɔ tray fɔ mek pipul dɛn fɔ gɛt ɔda tiɧ pas dat.</para>
      </listitem>
    </orderedlist>
  </article>
  <article number="30">
    <title>Atikul Tati</title>
    <para>Natin nɔ de insay pan dɛn stetmɛnt yaso we min bad fɔɛni pɔsin ɔ grup ɔf pɔsin insay ɛni kɔntri so, mek nɔbɔdi nɔ fil dat.</para>
  </article>
</udhr>
