<?xml version="1.0" encoding="UTF-8"?>

<!--© The Office of the High Commisioner for Human Rights-->

<udhr lang="nbl" language="Ndebele" xmlns="http://www.unhchr.ch/udhr">
  <title>AMALUNGELO OMUNTU WONKE EMHLABENI WONKE JIKELELE</title>
  <preamble>
    <title>[Missing: "Preamble"]</title>
    <para>Loba isimilo lenhlonipho lamalungelo agcweleyo oluntu kuyisisekelo senkululeko, lesokulunga lokuthula emhlabeni,</para>
    <para>Loba ukunganaki lokungahloniphi amalungelo abantu kubangele izenzo zocuku oludabula inhliziyo lenembeza, kwadala umhlaba lapha abantu abangathola khona injabulo lenkululeko yokuthi bakhulume bekhululekile bengesabi njalo kungekho ubuyanga, konke lokhu kuphakanyiswa njengento eqakathekileyo ngabantu bonke,</para>
    <para>Loba ukuze umuntu angavuki umphenyana ngenxa yokucindezelwa, kufanele ukuthi amalungelo abantu asekelwe ngumthetho,</para>
    <para>Loba kufanele ukukhulisa ubudlelwano phakathi kwezizwe,</para>
    <para>Loba abantu baMazwe aManyaneyo betshengise ukholo lwabo kumalungelo oluntu lokuhlonipha lokuqakathekisa umuntu emalungelweni alingeneyo lamalungelo alinganayo phakathi kwamadoda labafazi, lokuzimisela ukuthuthukisa ingqubelaphambili lokuhlala kuhle kwabantu,</para>
    <para>Loba amazwe ami wodwa ezimisela uKumanyana laMazwe aManyaneyo ukuze aqakathekise ukuhlonitshwa kwamalungelo abantu,</para>
    <para>Lobanje ulwazi lwamalungelo blwenkululeko kuyinto eqakathekileyo, ukuze amalungelo lenkululeko kwaziwe,</para>
    <para>INKUNDLA YEZIZWE ITHI</para>
    <para>Lesisivumelwano samalungelo oluntu silotshiwe ukuze umuntu lezigaba zabantu jikelele zigcine lesi sivumelwano engqondweni, yizizwe zonke lamazwe asabuswa ngamanye.</para>
  </preamble>
  <article number="1">
    <title>Isivumelwano</title>
    <para>Abantu bonke bazalwa bekhululekile njalo belingana kumalungelo abo. Balesipho sikanembeza, ngakho bamele baphathane ngomoya otshengisa ubuhlobo lobunye.</para>
  </article>
  <article number="2">
    <title>Isivumelwano 2</title>
    <para>Wonke umuntu ulelungelo lokuthola inkululeko lamalungelo alotshwe kulesi sivumelwano hngokupheleleyo kunganakwa ubuhlobo, umbala, ukuthi uyindoda kumbe ngumfazi, ulimi, ukholo, ezimayelana lombangazwe, lenotho kanye lasipi lasiphi isimo phakathi kwabantu.</para>
    <para>Njalo kakusoze kube lomahluko ekuphathweni kwabantu emthethweni loba ngowaliphi ilizwe loba yisiphi lesimo selizwe lapho umuntu avela khona - lanxa lelolizwe lizibusa kumbe libuswa ngelinye.</para>
  </article>
  <article number="3">
    <title>Isivumelwano 3</title>
    <para>Wonke umuntu ulelungelo lempilo, lelenkululeko lelenhlalakahle.</para>
  </article>
  <article number="4">
    <title>Isivumelwano 4</title>
    <para>Kakho umuntu ozakwenziwa isigqili, kumbe isithunjwa; ubugqili lokuthengisa izichaka kuzanqatshelwa ngazo zonke indlela.</para>
  </article>
  <article number="5">
    <title>Isivumelwano 5</title>
    <para>Akula muntu ozahlutshwa ahlukuluzwe loba aphathwe ngesihluku langendlela eyangisayo kumbe elocuku.</para>
  </article>
  <article number="6">
    <title>Isivumelwano 6</title>
    <para>Wonke umuntu ulelungelo emthethweni lokuphathwa njengomuntu.</para>
  </article>
  <article number="7">
    <title>Isivumelwano 7</title>
    <para>Bonke abantu bayalingana phambi komthetho, kungekho bandlululo. Abantu bonke bayavikelwa ekubandlululweni. Ubandlululo luvunyelwa yisivumelwano lesi njalo akuvunyelwa ukubasela ubandlululo.</para>
  </article>
  <article number="8">
    <title>Isivumelwano 8</title>
    <para>Omunye lomunye umuntu ulelungelo lokuvikelwa ngababusi lomthethwandaba uma kulezenzo ezephula amalungelo akhe asemthethweni.</para>
  </article>
  <article number="9">
    <title>Isivumelwano 9</title>
    <para>Akumelanga ukuthi umuntu abotshwe okungekho emthethweni, loba abotshwe mahlayana, loba axotshwe elizweni lakubo.</para>
  </article>
  <article number="10">
    <title>Isivumelwano 10</title>
    <para>Omunye lomunye umuntu ulelungelo lokuthi athoniselwe icala phambi kwenkundla ezimeleyo kumbe agwetshwe yinkundla engabandlululiyo ekuthetheni amacala.</para>
  </article>
  <article number="11">
    <title>Isivumelwano 11</title>
    <orderedlist>
      <listitem>
	<para>Omunye lomunye umuntu owetheswe icala ulelungelo lokuthi aphathwe njengomuntu ongela cala aze adliwe licala emthethwandaba. Kumele njalo aphiwe ithuba lokuthola umeli.</para>
      </listitem>
      <listitem>
	<para>Kakho umuntu ongajeziswa emthethweni ngenxa yecala alenzayo uma icala leli lenziwa umthetho owenza lokho akwenzayo kube licala wawungekho ngaleso sikhathi. Isijeziso salelo cala akumelanga sedlule isijesiso esasifanele icala lelo umthetho omutsha ungakabekwa.</para>
      </listitem>
    </orderedlist>
  </article>
  <article number="12">
    <title>Isivumelwano 12</title>
    <para>Omunye lomunye umuntu ulelungelo lokuhlonitshwa - ubuntu bakhe, imuli yakhe, umuzi wakhe lezincwadi zakhe. Omunye lomunye umuntu kumele avikelwe ngumthetho ezintweni ezinje.</para>
  </article>
  <article number="13">
    <title>Isivumelwano 13</title>
    <orderedlist>
      <listitem>
	<para>Wonke umuntu ulelungelo lokuhamba lokuhlala kuwo wonke amazwe.</para>
      </listitem>
      <listitem>
	<para>Wonke umuntu ulelungelo lokuthutha loba kuliphi ilizwe, ngitsho laselizweni lakhe, lelokubuyela elizweni lakhe.</para>
      </listitem>
    </orderedlist>
  </article>
  <article number="14">
    <title>Isivumelwano 14</title>
    <orderedlist>
      <listitem>
	<para>Wonke umuntu ulelungelo lokubalekela kwelinye ilizwe ukuze abe yisiphepheli khona nxa ehlutshwa elizweni lakubo.</para>
      </listitem>
      <listitem>
	<para>Leli lungelo alikhululi umuntu obotshiweyo ngaphandle kokuba ebotshelwe izindaba zombangazwe kumbe okungavunyelwa ngaMazwe aManyaneyo.</para>
      </listitem>
    </orderedlist>
  </article>
  <article number="15">
    <title>Isivumelwano 15</title>
    <orderedlist>
      <listitem>
	<para>Wonke umuntu ulelungelo lokuba yisakhamuzi ezweni lakhe.</para>
      </listitem>
      <listitem>
	<para>Kakho ongathathelwa ilungelo leli loba alelwe ukuba yisakhumuzi selinye ilizwe.</para>
      </listitem>
    </orderedlist>
  </article>
  <article number="16">
    <title>Isivumelwano 16</title>
    <orderedlist>
      <listitem>
	<para>Amadoda labafazi asebekhulilwe, balelungelo lokuthatha lokuthathwa babe lemizi yabo, kungenani ukuthiukholo lomuntu yiluphi lokuthi ungumhlobo bani. Balamalungelo alinganayo ekuthathaneni kwabo lasekwehlukaneniekeni kwaho.</para>
      </listitem>
      <listitem>
	<para>Umendo kumele ubotshwe ngukuvumelana kwabathathanayo.</para>
      </listitem>
      <listitem>
	<para>Imuli yisisekelo sezizwe, ngakho kumele isekelwe yizakhamizi languHulumende.</para>
      </listitem>
    </orderedlist>
  </article>
  <article number="17">
    <title>Isivumelwano 17</title>
    <orderedlist>
      <listitem>
	<para>Omunye lomunye ulelungelo lokuba lezimphala zakhe yedwa lokuba lezimpahla ndawonye labanye.</para>
      </listitem>
      <listitem>
	<para>Kakho umuntu ongahluthunelwa indawo kanye lempahla engeyakhe.</para>
      </listitem>
    </orderedlist>
  </article>
  <article number="18">
    <title>Isivumelwano 18</title>
    <para>Omunye lomunye ulelungelo lokucabanga njengokuthanda kwakhe, lelokukhonza ngentando yakhe, ekhokhelwa ngunembaza wakhe. Leli lungelo lipha umuntu imvumo yokutshintsha ukholo lwakhe, lemvumo yokuthi yena yedwa kumbe elabanye atshengise ukholo lwakhe kumphakathi ngezenzo, ngokukhonza, ngokufundisa kunye Tokuziphatha kwakhe kunye lokufundisa ukholo lwakhe.</para>
  </article>
  <article number="19">
    <title>Isivumelwano 19</title>
    <para>Omunye lomunye ulelungelo lokukhuluma izifiso zakhe lokusengqondweni yakhe. Leli lungelo lipha umuntu inkululeko yokudinga lokwamukela lokwazisa akwaziyo lokusengqondweni yakhe ngayiphi layiphi indlela lakwamanye amazwe.</para>
  </article>
  <article number="20">
    <title>Isivumelwano 20</title>
    <orderedlist>
      <listitem>
	<para>Wonke umuntu ulelungelo lokumanyana kanye lokuhlangana labanye.</para>
      </listitem>
      <listitem>
	<para>Akula muntu ozabanjwa ngamandla ukuthi abelilunga lenhlanganiso iphi layiphi.</para>
      </listitem>
    </orderedlist>
  </article>
  <article number="21">
    <title>Isivumelwano 21</title>
    <orderedlist>
      <listitem>
	<para>Omunye lomunye ulelungelo lokuphathisana lohulumende wakhe yena ngokwakhe kumbe amelwe ngabakhethiweyo.</para>
      </listitem>
      <listitem>
	<para>Omunye lomunye ulelungelo loncedo lwelizwe lakhe.</para>
      </listitem>
      <listitem>
	<para>Izifiso zabantu yizo okumele ziphe uhulumende amandla okubusa. Lezi zifiso zizatshengiswa lukhetho oluzakwenziwa ngezikhathi ezifaneleyo, oluzavumela njalo wonke umuntu ukukhetha ngendlela engasoze itshengise abanye ukuthi ukhethe bani.</para>
      </listitem>
    </orderedlist>
  </article>
  <article number="22">
    <title>Isivumelwano 22</title>
    <para>Omunye lomunye umuntu, njengesakhamuzi, ulelungelo lokusekelwa yilizwe lakhe lelokusuthiseka. Lokhu kuzavela ezenzweni zesizwe sakhe lasencedweni oluvela kwamanye amazwe, ukuze kuthuthukiswe amalungelo akhe empilweni lasemasikweni akhe ukuze kumlethele inhonipho lentuthuko yobuntu bakhe.</para>
  </article>
  <article number="23">
    <title>Isivumelwano 23</title>
    <orderedlist>
      <listitem>
	<para>Omunye lomunye ulelungelo lokusebenza lelokukhetha umsebenzi awufunayo, lelokuphathwa kuhle emsebenzini, lelokuncedwa nxa umsebenzi udingakala</para>
      </listitem>
      <listitem>
	<para>Omunye lomunye ulelungelo lokwamukela imbandalo elingene lomsebenzi wakhe.</para>
      </listitem>
      <listitem>
	<para>Wonke umuntu osebenzayo ulelungelo lokuthola imbadalo efaneleyo ezokwenza ukuthi yena labantwana bakhe bathole impilo lenhalakahle ehloniphekayo njengabantu, lelokusekelwa ngezinye izindlela.</para>
      </listitem>
      <listitem>
	<para>Omunye lomunye ulelungelo lokuba lilunga lomhlangano wezisebenzi ukuze asekele izifiso zakhe.</para>
      </listitem>
    </orderedlist>
  </article>
  <article number="24">
    <title>Isivumelwano 24</title>
    <para>Omunye lomunye ulelungelo lokuthatha ikhefu engephulelwa imbadalo yakhe, njalo ulelungelo lokusebenza amahora angamanengi kakhulukazi.</para>
  </article>
  <article number="25">
    <title>Isivumelwano 25</title>
    <orderedlist>
      <listitem>
	<para>Omunye lomunye ulelungelo lempilo lenhlalakahle yakhe labantwana bakhe. Lokhu kuhlanganisa ukudla, izembatho, indawo yokuhlala kanye lempilo enhle, ukugcinwa kuhle uma engasebenzi. Lokhu kuhlanganisa abafelwaokazi, abadala, abalimeleyo labehlulekayo ukuzonga.</para>
      </listitem>
      <listitem>
	<para>Ababelethileyo labantwana kumele bagcinwe njalo bancediswe. Abantwana bonke abazalelwe emendweni kumbe ngaphandle kwawo, kumele basekelwe ngokufanayo.</para>
      </listitem>
    </orderedlist>
  </article>
  <article number="26">
    <title>Isivumelwano 26</title>
    <orderedlist>
      <listitem>
	<para>Omunye lomunye ulelungelo lemfundo. Imfundo ayizukuba lembadalo, kusukela phansi kuze kufike esigabeni esithe thuthu. Imfundo ephansi (elementary) ngeyomuntu wonke, ngakho omunye lomunye uzabanjwa ngamandla ukuthi ayithole. Imfundo ephezulu yezandla (technical) lenye njalo eyolwazi olwehlukeneyo olwezigaba ezehlukeneyo kumele ibe khona, lemfundo ephakemeyo kumele itholwe yilabo abayifaneleyo ngolwazi abalalo.</para>
      </listitem>
      <listitem>
	<para>Imfundo kuzamela ithuthukise ubuntu lokuhlonipha amalungelo obuntu lenkululeko engcweleyo. Kufanele ikhulise ukuzwelana, ukuzwisisa lobudlelwano phakathi kwezizwe zonke, kwemihlobo yonke lakwabenkonzo ezehlukeneyo, isekele njalo imisebenzi yeZizwe eziManyeneyo (UN) yokuletha ukuthula emhlabeni.</para>
      </listitem>
      <listitem>
	<para>Abazali balelungelo lokukhetha imfundo yabantwana babo.</para>
      </listitem>
    </orderedlist>
  </article>
  <article number="27">
    <title>Isivumelwano 27</title>
    <orderedlist>
      <listitem>
	<para>Wonke umuntu ulelungelo lokumanyana labanye lokukhululeka ekuphathisaneni labanye kwezemvelo lakwezamasiko lelokuvuna kukho konke okuvezwa yizifundo zemvelo.</para>
      </listitem>
      <listitem>
	<para>Omunye lomunye ulelungelo lokusekelwa empilweni yakhe lelokuqiniswa ebuntwini bakhe mayelana lokwemvelo lokwezombukiso.</para>
      </listitem>
    </orderedlist>
  </article>
  <article number="28">
    <title>Isivumelwano 28</title>
    <para>Umuntu munye lamunye ulelungelo lokuthola indawo lapha okuhlonitshwa lokugcinwa khona izimiso zezivumelwano lezi.</para>
  </article>
  <article number="29">
    <title>Isivumelwano 29</title>
    <orderedlist>
      <listitem>
	<para>Wonke umuntu ulemisebenzi okumele ayenze njengesakhamuzi okuyiyo ezagcwalisa ubuntu bakhe.</para>
      </listitem>
      <listitem>
	<para>Kukho konke akwenzayo, uzakhokhelwa yikuhlonipha lokwethula ingowane yakhe kumalungelo abanye, ananzelele ukuqakatheka kombuso wabanengi (UN).</para>
      </listitem>
      <listitem>
	<para>La amalungelo lenkululeko akumelanga kuphambane lezimiso zeZizwe eziManyaneyo.</para>
      </listitem>
    </orderedlist>
  </article>
  <article number="30">
    <title>Izivumelwano 30</title>
    <para>Akukho kuleziZivumelwano okungavumela umuntu loba abantu ukubhidliza amalungelo lenkululeko ezilotshwe lapha.</para>
  </article>
</udhr>
