<?xml version="1.0" encoding="UTF-8"?>

<!--© The Office of the High Commisioner for Human Rights-->

<udhr lang="bel" language="Belarusan" xmlns="http://www.unhchr.ch/udhr">
   <note>
      <para>10 СНЕЖНЯ 1948 ГОДА Генеральная Асамблея Арганізацыі Абʼяднаных Нацый зацвердзіла і абвясціла Усеагульную дэкларацыю правоў чалавека, поўны тэкст якой прыведзены на гэтых старонках. Прыняўшы гэта рашэнне гістарычнага значэння, Асамблея звярнулася з заклікам да ўсіх дзяржаў‐членаў Арганізацыі абнародаваць тэкст Дэкларацыі і зрабіць усё магчымае для «яе распаўсюджвання, абвяшчэння і растлумачэння, галоўным чынам у школах і іншых навучальных установах, без адрознення, якое заснавана на палітычным статусе краін або тэрыторый».</para>
   </note>
   <title>УСЕАГУЛЬНАЯ ДЭКЛАРАЦЫЯ ПРАВОЎ ЧАЛАВЕКА</title>
   <preamble>
      <title>ПРЭАМБУЛА</title>
      <para>Прымаючы пад увагу, што прызнанне годнасці, якая ўласціва ўсім членам чалавечай сямʼі, і роўных і неадʼемных правоў іх зʼяўляецца асновай свабоды, справядлівасці і ўсеагульнага міру; і</para>
      <para>прымаючы пад увагу, што грэбаванне і пагарда да правоў чалавека прывялі да варварскіх актаў, якія абураюць сумленне чалавецтва, і што стварэнне такога свету, у якім людзі будуць мець свабоду слова і перакананняў і будуць свабодныя ад страху і галечы, абвешчана як высокае імкненне людзей; і</para>
      <para>прымаючы пад увагу, што неабходна, каб правы чалавека ахоўваліся ўладай закону з мэтай забеспячэння таго, каб чалавек не быў вымушаны ўжываць, у якасці апошняга сродку, паўстання супроць тыраніі і прыгнечання; і</para>
      <para>прымаючы пад увагу, што неабходна садзейнічаць развіццю дружалюбных адносін паміж народамі; і</para>
      <para>прымаючы пад увагу, што народы Абʼяднаных Нацый пацвердзілі ў Статуце сваю веру ў асноўныя правы чалавека, у годнасць і каштоўнасць чалавечай асобы і ў раўнапраўе мужчын і жанчын і вырашылі садзейнічаць сацыяльнаму прагрэсу і паляпшэнню ўмоў жыцця пры большай свабодзе; і</para>
      <para>прымаючы пад увагу, што дзяржавы‐члены абавязаліся садзейнічаць, у супрацоўніцтве з Арганізацыяй Абʼяднаных Нацый, усеагульнай павазе і захаванню правоў чалавека і асноўных свабод; і</para>
      <para>прымаючы пад увагу, што ўсеагульнае разуменне характару гэтых правоў і свабод мае велізарнае значэнне для поўнага выканання гэтага абавязацельства:</para>
      <para>ГЕНЕРАЛЬНАЯ АСАМБЛЕЯ</para>
      <para>абвяшчае</para>
      <para>гэту Усеагульную дэкларацыю правоў чалавека ў якасці задачы, да выканання якой павінны імкнуцца ўсе народы і ўсе дзяржавы з тым, каб кожны чалавек і кожны орган грамадства, увесь час маючы на ўвазе гэту Дэкларацыю, імкнуліся шляхам асветы і адукацыі садзейнічаць павазе гэтых правоў і свабод і забеспячэнню, шляхам нацыянальных і міжнародных прагрэсіўных мерапрыемстваў, усеагульнага і эфектыўнага прызнання і ажыццяўлення іх як сярод народаў дзяржаў‐членаў Арганізацыі, так і сярод народаў тэрыторый, што знаходзяцца пад іх юрысдыкцыяй.</para>
   </preamble>
   <article number="1">
      <title>Артыкул 1.</title>
      <para>Усе людзі нараджаюцца свабоднымі і роўнымі ў сваёй годнасці і правах. Яны надзелены розумам і сумленнем і павінны ставіцца адзін да аднаго ў духу брацтва.</para>
   </article>
   <article number="2">
      <title>Артыкул 2.</title>
      <para>Кожны чалавек павінен валодаць усімі правамі і ўсімі свабодамі, што абвешчаны гэтай Дэкларацыяй, без якога б там ні было адрознення, як напрыклад у адносінах расы, колеру скуры, полу, мовы, рэлігіі, палітычных або іншых перакананняў, нацыянальнага або сацыяльнага паходжання, маёмаснага, саслоўнага або іншага становішча.</para>
      <para>Апрача таго, не павінна рабіцца ніякага адрознення на аснове палітычнага, прававога або міжнароднага статуса краіны або тэрыторыі, да якой чалавек належыць, незалежна ад таго, ці зʼяўляецца гэта тэрыторыя незалежнай, падапечнай, несамакіравальнай, або як‐небудзь інакш абмежаванай у сваім суверэнітэце.</para>
   </article>
   <article number="3">
      <title>Артыкул 3.</title>
      <para>Кожны чалавека мае права на жыццё, на свабоду і на асабістую недатыкальнасць.</para>
   </article>
   <article number="4">
      <title>Артыкул 4.</title>
      <para>Ніхто не павінен утрымлівацца ў рабстве або ў паднявольным стане; рабства і гандаль рабамі забараняюцца ва ўсіх іх выглядах.</para>
   </article>
   <article number="5">
      <title>Артыкул 5.</title>
      <para>Ні над кім не павінны ўчыняцца катаванні або жорсткія, бесчалавечныя або ўніжаючыя яго годнасць абыходжанне і пакаранне.</para>
   </article>
   <article number="6">
      <title>Артыкул 6.</title>
      <para>Кожны чалавек, дзе б ён ні знаходзіўся, мае права на прызнанне яго правасубʼектнасці.</para>
   </article>
   <article number="7">
      <title>Артыкул 7.</title>
      <para>Усе людзі роўныя перад законам і маюць права, без усякага адрознення, на роўную абарону закону. Усе людзі маюць права на роўную ахову ад якой бы там ні было дыскрымінацыі, што парушае гэту Дэкларацыю, і ад якога б там ні было падбухторвання да такой дыскрымінацыі.</para>
   </article>
   <article number="8">
      <title>Артыкул 8.</title>
      <para>Кожны чалавек мае права на эфектыўнае аднаўленне ў правах кампетэнтнымі нацыянальнымі судамі ў выпадках парушэння яго асноўных правоў, якія дадзены яму канстытуцыяй або законам.</para>
   </article>
   <article number="9">
      <title>Артыкул 9.</title>
      <para>Ні над кім не павінны ўчыняцца самавольны арышт, затрыманне або выгнанне.</para>
   </article>
   <article number="10">
      <title>Артыкул 10.</title>
      <para>Кожны чалавек, для вызначэння яго правоў і абавязкаў і для ўстанаўлення абгрунтаванасці прадʼяўленага яму крымінальнага абвінавачання, мае права, на падставе поўнай роўнасці, на тое, каб яго справа была разгледжана публічна і з захаваннем усіх патрабаванняў справядлівасці незалежным і непрадузятым судом.</para>
   </article>
   <article number="11">
      <title>Артыкул 11.</title>
      <orderedlist>
         <listitem>
            <para>Кожны чалавек, які абвінавачваецца ў злачынстве, мае права лічыцца невінаватым да таго часу, пакуль яго вінаватасць не будзе ўстаноўлена законным парадкам шляхам публічнага судовага разбору, пры якім яму забяспечваюцца ўсе магчымасці для абароны.</para>
         </listitem>
         <listitem>
            <para>Ніхто не можа быць асуджаны за злачынства на падставе ўчынення якога‐небудзь дзеяння або за бяздзеянне, якія ў час іх учынення не зʼяўляліся злачынствам па нацыянальных законах або па міжнароднаму праву. Не можа таксама накладацца пакаранне больш цяжкае, чым тое, якое магло быць ужыта ў той час, калі злачынства было зроблена.</para>
         </listitem>
      </orderedlist>
   </article>
   <article number="12">
      <title>Артыкул 12.</title>
      <para>Ні над кім не павінны ўчыняцца самавольнае ўмяшанне ў яго асабістае і сямейнае жыццё, самавольны замах на недатыкальнасць яго жылля, тайну яго карэспандэнцыі або на яго гонар і рэпутацыю. Кожны чалавек мае права на абарону закону ад такога ўмяшання або такіх замахаў.</para>
   </article>
   <article number="13">
      <title>Артыкул 13.</title>
      <orderedlist>
         <listitem>
            <para>Кожны чалавек мае права свабодна перамяшчацца і выбіраць сабе месцапражыванне ў межах кожнай дзяржавы.</para>
         </listitem>
         <listitem>
            <para>Кожны чалавек мае права пакідаць любую краіну, уключаючы сваю ўласную, і вяртацца ў сваю краіну.</para>
         </listitem>
      </orderedlist>
   </article>
   <article number="14">
      <title>Артыкул 14.</title>
      <orderedlist>
         <listitem>
            <para>Кожны чалавек мае права шукаць прыстанішча ад праследавання ў іншых краінах і карыстацца гэтым прыстанішчам.</para>
         </listitem>
         <listitem>
            <para>Гэта права не можа быць выкарыстана ў выпадку праследавання, сапраўды заснаванага на ўчыненні непалітычнага злачынства, або дзеяння, што супярэчыць мэтам і прынцыпам Арганізацыі Абʼяднаных Нацый.</para>
         </listitem>
      </orderedlist>
   </article>
   <article number="15">
      <title>Артыкул 15.</title>
      <orderedlist>
         <listitem>
            <para>Кожны чалавек мае права на грамадзянства.</para>
         </listitem>
         <listitem>
            <para>Ніхто не можа быць самавольна пазбаўлены свайго грамадзянства або права змяніць сваё грамадзянства.</para>
         </listitem>
      </orderedlist>
   </article>
   <article number="16">
      <title>Артыкул 16.</title>
      <orderedlist>
         <listitem>
            <para>Мужчыны і жанчыны, якія дасягнулі паўналецця, маюць права без усякіх абмежаванняў, незалежна ад расы, нацыянальнасці або рэлігіі, браць шлюб і засноўваць сямʼю. Яны карыстаюцца аднолькавымі правамі ў адносінах узяцця шлюбу, у час знаходжання ў шлюбе і ў час яго скасавання.</para>
         </listitem>
         <listitem>
            <para>Шлюб можа быць заключаны толькі пры свабоднай і поўнай згодзе абодвух бакоў, што бяруць шлюб.</para>
         </listitem>
         <listitem>
            <para>Сямʼя зʼяўляецца натуральнай і асноўнай ячэйкай грамадства і мае права на абарону з боку грамадства і дзяржавы.</para>
         </listitem>
      </orderedlist>
   </article>
   <article number="17">
      <title>Артыкул 17.</title>
      <orderedlist>
         <listitem>
            <para>Кожны чалавек мае права валодаць маёмасцю як аднаасобна, так і сумесна з іншымі.</para>
         </listitem>
         <listitem>
            <para>Ніхто не павінен быць самавольна пазбаўлены сваёй маёмасці.</para>
         </listitem>
      </orderedlist>
   </article>
   <article number="18">
      <title>Артыкул 18.</title>
      <para>Кожны чалавек мае права на свабоду думкі, сумлення і рэлігіі; гэта права ўключае свабоду мяняць сваю рэлігію або пераканні і свабоду спавядаць сваю рэлігію або перакананні як аднаасобна, так і разам з іншымі, публічным або прыватным парадкам у вучэнні, богаслужэнні і выкананні рэлігійных і рытуальных абрадаў.</para>
   </article>
   <article number="19">
      <title>Артыкул 19.</title>
      <para>Кожны чалавек мае права на свабоду перакананняў і на свабоднае выражэнне іх; гэта права ўключае свабоду бесперашкодна прытрымлівацца сваіх перакананняў і свабоду шукаць, атрымліваць і распаўсюджваць інфармацыю і ідэі любымі сродкамі і незалежна ад дзяржаўных граніц.</para>
   </article>
   <article number="20">
      <title>Артыкул 20.</title>
      <orderedlist>
         <listitem>
            <para>Кожны чалавек мае права на свабоду мірных сходаў і асацыяцый.</para>
         </listitem>
         <listitem>
            <para>Ніхто не павінен прымушацца ўступаць у якую‐небудзь асацыяцыю.</para>
         </listitem>
      </orderedlist>
   </article>
   <article number="21">
      <title>Артыкул 21.</title>
      <orderedlist>
         <listitem>
            <para>Кожны чалавек мае права прымаць удзел у кіраванні сваёй краінай непасрэдна або пры дапамозе свабодна выбраных прадстаўнікоў.</para>
         </listitem>
         <listitem>
            <para>Кожны чалавек мае права роўнага доступу да дзяржаўнай службы ў сваёй краіне.</para>
         </listitem>
         <listitem>
            <para>Воля народа павінна быць асновай улады ўрада; гэта воля павінна знаходзіць сабе выяўленне ў перыядычных і нефальсіфікаваных выбарах, якія павінны праводзіцца пры ўсеагульным і роўным выбарчым праве, шляхам тайнага галасавання або пры дапамозе іншых раўназначных форм, што забяспечваюць свабоду галасавання.</para>
         </listitem>
      </orderedlist>
   </article>
   <article number="22">
      <title>Артыкул 22.</title>
      <para>Кожны чалавек, як член грамадства, мае права на сацыяльнае забеспячэнне і на ажыццяўленне неабходных для падтрымання яго годнасці і для свабоднага развіцця яго асобы правоў у эканамічнай, сацыяльнай і культурнай галінах пры дапамозе нацыянальных намаганняў і міжнароднага супрацоўніцтва і ў адпаведнасці са структурай і рэсурсамі кожнай дзяржавы.</para>
   </article>
   <article number="23">
      <title>Артыкул 23.</title>
      <orderedlist>
         <listitem>
            <para>Кожны чалавек мае права на працу, на свабодны выбар работы, на справядлівыя і добрыя ўмовы працы і на ахову ад беспрацоўя.</para>
         </listitem>
         <listitem>
            <para>Кожны чалавек, без якой‐небудзь дыскрымінацыі, мае права на роўную аплату за роўную працу.</para>
         </listitem>
         <listitem>
            <para>Кожны, хто працуе, мае права на справядлівую і здавальняючую ўзнагароду, якая забяспечвае вартае чалавека існаванне для яго самога і яго сямʼі, і дапаўняецца, пры неабходнасці, іншымі сродкамі сацыяльнага забеспячэння.</para>
         </listitem>
         <listitem>
            <para>Кожны чалавек мае права ствараць прафесіянальныя саюзы і ўступаць у прафесіянальные саюзы для аховы сваіх інтарэсаў.</para>
         </listitem>
      </orderedlist>
   </article>
   <article number="24">
      <title>Артыкул 24.</title>
      <para>Кожны чалавек мае права на адпачынак і вольны час, уключаючы права на разумнае абмежаванне рабочага дня і на перыядычны водпуск, які аплачваецца.</para>
   </article>
   <article number="25">
      <title>Артыкул 25.</title>
      <orderedlist>
         <listitem>
            <para>Кожны чалавек мае права на такі жыццёвы ўзровень, уключаючы харч, адзенне, жыллё, медыцынскі догляд і неабходнае сацыяльнае абслугоўванне, які неабходны для падтрымання здароўя і дабрабыту яго самога і яго сямʼі, і права на забеспячэнне на выпадак беспрацоўя, хваробы, інваліднасці, удоўства, надыходу старасці або іншага выпадку страты сродкаў да існавання па незалежачых ад яго акалічнасцях.</para>
         </listitem>
         <listitem>
            <para>Мацярынства і дзяцінства даюць права на асобую апеку і дапамогу. Усе дзеці, якія нараділіся ў шлюбе або па‐за шлюбам, павінны карыстацца аднолькавай сацыяльнай абаронай.</para>
         </listitem>
      </orderedlist>
   </article>
   <article number="26">
      <title>Артыкул 26.</title>
      <orderedlist>
         <listitem>
            <para>Кожны чалавек мае права на адукацыю. Адукацыя павінна быць бясплатнай па меншай меры ў тым, што датычыць пачатковай і агульнай адукацыі. Пачатковая адукацыя павінна быць абавязковай. Тэхнічная і прафесіянальная адукацыя павінна быць агульнадаступнай і вышэйшая адукацыя павінна быць аднолькава даступнай для ўсіх на падставе здольнасцей кожнага.</para>
         </listitem>
         <listitem>
            <para>Адукацыя павінна быць накіравана да поўнага развіцця чалавечай асобы і да павелічэння павагі да правоў чалавека і асноўных свабод. Адукацыя павінна садзейнічаць узаемаразуменню, цярпімасці і дружбе паміж усімі народамі, расавымі або рэлігійнымі групамі, і павінна садзейнічаць дзейнасці Арганізацыі Абʼяднаных Нацый па падтрыманню міру.</para>
         </listitem>
         <listitem>
            <para>Бацькі маюць права прыярытэту ў выбары віду адукацыі для сваіх малалетніх дзяцей.</para>
         </listitem>
      </orderedlist>
   </article>
   <article number="27">
      <title>Артыкул 27.</title>
      <orderedlist>
         <listitem>
            <para>Кожны чалавек мае права свабодна ўдзельнічаць у культурным жыцці грамадства, цешыцца мастацтвам, удзельнічаць у навуковым прагрэсе і карыстацца яго дабротамі.</para>
         </listitem>
         <listitem>
            <para>Кожны чалавек мае права на ахову яго маральных і матэрыяльных інтарэсаў, што зʼяўляюцца вынікам навуковых, літаратурных або мастацкіх прац, аўтарам якіх ён зʼяўляецца.</para>
         </listitem>
      </orderedlist>
   </article>
   <article number="28">
      <title>Артыкул 28.</title>
      <para>Кожны чалавек мае права на сацыяльны і міжнародны парадак, пры якім правы і свабоды, што выкладзены ў гэтай Дэкларацыі, могуць быць цалкам ажыццёўлены.</para>
   </article>
   <article number="29">
      <title>Артыкул 29.</title>
      <orderedlist>
         <listitem>
            <para>Кожны чалавек мае абавязкі перад грамадствам, у якім толькі і магчыма свабоднае і поўнае развіццё яго асобы.</para>
         </listitem>
         <listitem>
            <para>Пры ажыццяўленні сваіх правоў і свабод кожны чалавек павінен спазнаць толькі такія абмежаванні, якія ўстаноўлены законам выключна з мэтай забеспячэння належнага прызнання і павагі правоў і свабод другіх і задавальнення справядлівых патрабаванняў маралі, грамадскага парадку і агульнага дабрабыту ў дэмакратычным грамадстве.</para>
         </listitem>
         <listitem>
            <para>Ажыццяўленне гэтых правоў і свабод ні ў якім разе не павінна супярэчыць мэтам і прынцыпам Арганізацыі Абʼяднаных Нацый.</para>
         </listitem>
      </orderedlist>
   </article>
   <article number="30">
      <title>Артыкул 30.</title>
      <para>Нішто ў гэтай Дэкларацыі не можа быць вытлумачана, як прадастаўленне якой‐небудзь дзяржаве, групе асоб або асобным людзям права займацца якой‐небудзь дзейнасцю або ўчыняць дзеянні, накіраваныя да знішчэння правоў і свабод, што выкладзены ў гэтай Дэкларацыі.</para>
   </article>
</udhr>