<?xml version="1.0" encoding="UTF-8"?>

<!--© The Office of the High Commisioner for Human Rights-->

<udhr lang="eus" language="Basque" xmlns="http://www.unhchr.ch/udhr">
   <title>GIZA ESKUBIDEEN ALDARRIKAPEN UNIBERTSALA</title>
   <preamble>
      <title>HITZAURREA</title>
      <para>Kontuan izanik munduko askatasuna, justizia eta bakea giza familiako kide guztien berezko duintasunean eta eskubide berdin eta ukaezinetan oinarritzen direla;</para>
      <para>Kontuan izanik giza eskubideak ez ezagutzearen eta gutxiestearen ondorioz, giza kontzientziari irain egiten dioten basakeriak gertatu izan direla; eta gizon-emakumeek, beldur eta gabezia orotik aske, hitz egiteko askatasuna eta sinesmen-askatasuna izango dituzten munduaren etorrera aldarrikatu dela gizakiaren helburu nagusi;</para>
      <para>Kontuan izanik ezinbestekoa dela giza eskubideak zuzenbidezko erregimen batek babestea, gizakia-tirania eta zapalkuntzaren aurkako azken irtenbidea den matxinadara jo beharrean aurkitu ez dadin;</para>
      <para>Kontuan izanik ezinbestekoa dela, baita ere, herrialdeen artean harreman lagunkoiak bultzatzea;</para>
      <para>Kontuan izanik Nazio Batuetako kide diren herriek gizakiaren oinarrizko eskubideetan, gizakiaren duintasun eta balioan eta gizonen eta emakumeen eskubideen arteko berdintasunean duten fedea tinko azaldu dutela Agirian; eta, askatasunaren ikuspegi zabalago baten barruan, gizarte aurrerakuntza sustatzeko eta bizitza-maila jasotzeko erabakita daudela adierazi dutela;</para>
      <para>Kontuan izanik Estatu Kideek, Nazio Batuen Erakundearekin elkarlanean, gizakiaren oinarrizko eskubide eta askatasunen begirune orokorra eta eraginkorra ziurtatzeko hitza eman dutela;</para>
      <para>Kontuan izanik emandako hitz hori osotasunean betetzeko garrantzi handikoa dela eskubide eta askatasun horiek berdin ulertzea;</para>
      <para>BATZAR NAGUSIAK</para>
      <para>GIZA ESKUBIDEEN ALDARRIKAPEN</para>
      <para>UNIBERTSAL HAU EGITEN DU</para>
      <para>Herri eta nazio guztiek izan beharreko jomuga legez, bai norbanakoek eta bai erakundeek. Aldarrikapen honetan etengabe oinarrituta, alde batetik, eskubide eta askatasun hauen begirunea bultza dezaten irakaskuntzaren eta hezkuntzaren bidez eta, bestetik, nazio mailan eta nazioarte mailan arian-arian neurriak hartuz, era eraginkorrean eta orokorrean ezar daitezen ziurtatzeko, bai elkarkide diren estatuetako herrien artean eta baita horien eskumenpean dauden lurraldeetan ere.</para>
   </preamble>
   <article number="1">
      <title>1. atala</title>
      <para>Gizon-emakume guztiak aske jaiotzen dira, duintasun eta eskubide berberak dituztela; eta ezaguera eta kontzientzia dutenez gero, elkarren artean senide legez jokatu beharra dute.</para>
   </article>
   <article number="2">
      <title>2. atala</title>
      <para>Gizaki orori dagozkio Aldarrikapen honetan adierazitako eskubide eta askatasunak, eta ez da inor bereziko arraza, larru-kolorea, sexua, hizkuntza, erlijioa, politikako edo bestelako iritzia, sorterria edo gizarteko jatorria, ekonomi maila, jaiotza edo beste inolako gorabeheragatik.</para>
      <para>Ez zaio begiratuko gainera, pertsona zein herrialde edo lurraldetakoa den; ezta hango politikari, legeei edo nazioarteko egoerari, nahiz eta herri hori burujabea izan, besteren zainpeko lurraldea, autonomiarik gabea edo nola-halako burujabetasun-mugak dituena.</para>
   </article>
   <article number="3">
      <title>3. atala</title>
      <para>Norbanako guztiek dute bizitzeko, aske izateko eta segurtasunerako eskubidea.</para>
   </article>
   <article number="4">
      <title>4. atala</title>
      <para>Inor ez da izango besteren esklabu edo uztarpeko; debekatuta dago esklabutza eta esklabuen salerosketa oro.</para>
   </article>
   <article number="5">
      <title>5. atala</title>
      <para>Ezin daiteke inor torturatu, ezta inori zigor edo tratu txar, anker eta lotsarazlerik eman ere.</para>
   </article>
   <article number="6">
      <title>6. atala</title>
      <para>Edozein gizon-emakumek du, nonahi, lege-nortasundun dela aitor diezaioten eskubidea.</para>
   </article>
   <article number="7">
      <title>7. atala</title>
      <para>Gizon-emakume guztiak berdinak dira legearen aurrean eta denek dute, bereizkeriarik gabe, legezko babesa izateko eskubidea. Denek dute Aldarrikapen hau hausten duen edozein bereizkeriaren aurka eta bereizkeria horren eragileen aurka babes berbera izateko eskubidea.</para>
   </article>
   <article number="8">
      <title>8. atala</title>
      <para>Pertsona orok du Konstituzioak edo legeek gizon-emakumeei aitortzen dizkieten oinarrizko eskubideak hausten dituzten ekintzetatik babesteko, norbere herrialdeko auzitegi aginpidedunetan errekurtso eraginkorra jartzeko eskubidea.</para>
   </article>
   <article number="9">
      <title>9. atala</title>
      <para>Inor ezingo da arrazoirik gabe atxilotu, preso hartu edo erbesteratu.</para>
   </article>
   <article number="10">
      <title>10. atala</title>
      <para>Pertsona orok eskubidea du, berdintasun osoan, auzitegi burujabe eta alderdikeriarik gabean jendaurrean hitz egin eta zuzentasunez entzun diezaioten, nahiz bere eskubide eta betebeharrak erabakitzeko, nahiz bere aurkako salaketa penalak aztertzeko.</para>
   </article>
   <article number="11">
      <title>11. atala</title>
      <orderedlist>
         <listitem>
            <para>Delituagatik salatutakoak eskubidea du errugabetzat jo dezaten, errudun dela legez eta jendaurreko epaiketan frogatzen ez den bitartean. Epaiketan bere burua zaintzeko berme guztiak ziurtatuko zaizkio.</para>
         </listitem>
         <listitem>
            <para>Egintzak edo behar-uzteak izandakoan, herrialdeko edo nazioarteko legeriaren arabera delitu ez baziren, ezingo da inor kondenatu. Delitua egitean ezargarri den zigorra baino larriagorik ere ezingo zaio jarri.</para>
         </listitem>
      </orderedlist>
   </article>
   <article number="12">
      <title>12. atala</title>
      <para>Ez dago arrazoirik gabe beste inoren bizitza pribatuan, familian, etxean edo postan eskusartzerik, ezta inoren ohore edo izen onari eraso egiterik ere. Nornahik du eskusartze edo eraso horien aurka legezko babesa izateko eskubidea.</para>
   </article>
   <article number="13">
      <title>13. atala</title>
      <orderedlist>
         <listitem>
            <para>Pertsona orok du joan eta etorri aske ibiltzeko eskubidea eta Estatu baten lurraldean bizilekua aukeratzekoa.</para>
         </listitem>
         <listitem>
            <para>Pertsona orok du edozein herrialdetatik alde egiteko eskubidea, baita norberetik ere, eta norbere herrialdera itzultzekoa.</para>
         </listitem>
      </orderedlist>
   </article>
   <article number="14">
      <title>14. atala</title>
      <orderedlist>
         <listitem>
            <para>Jazarpenik jasanez gero, pertsona orok du edozein herrialdetan babesa bilatu eta izateko eskubidea.</para>
         </listitem>
         <listitem>
            <para>Eskubide horretara ezin izango da jo delitu arruntek sortutako auzibideko egintza baten aurka, ezta Nazio Batuen helburu eta erizpideen aurkako egintzak direla-eta ere.</para>
         </listitem>
      </orderedlist>
   </article>
   <article number="15">
      <title>15. atala</title>
      <orderedlist>
         <listitem>
            <para>Pertsona orok du herritartasuna izateko eskubidea.</para>
         </listitem>
         <listitem>
            <para>Inori ezingo zaio arrazoirik gabe herritartasuna kendu, ezta herritartasuna aldatzeko eskubidea ukatu ere.</para>
         </listitem>
      </orderedlist>
   </article>
   <article number="16">
      <title>16. atala</title>
      <orderedlist>
         <listitem>
            <para>Gizonek eta emakumeek, ezkontadinetik aurrera, ezkontzeko eta familia aratzeko eskubidea dute, arraza, herritartasun edo erlijioagatiko inolako mugarik gabe; eta, ezkontzari dagokionez, eskubide berberak dituzte bai ezkonduta jarraituz gero eta bai ezkontza-lotura ezabatuz gero ere.</para>
         </listitem>
         <listitem>
            <para>Ezkongaien baimen aske eta osoz ez bada, ez dago ezkontzerik.</para>
         </listitem>
         <listitem>
            <para>Familia da gizartearen oinarri jatorra eta berezkoa, eta Estatuaren eta gizartearen babesa izateko eskubidea du.</para>
         </listitem>
      </orderedlist>
   </article>
   <article number="17">
      <title>17. atala</title>
      <orderedlist>
         <listitem>
            <para>Pertsona orok du jabe izateko eskubidea, bakarka nahiz taldean.</para>
         </listitem>
         <listitem>
            <para>Arrazoirik gabe, ez zaio inori bere jabegoa kenduko.</para>
         </listitem>
      </orderedlist>
   </article>
   <article number="18">
      <title>18. atala</title>
      <para>Pertsona orok pentsamendu-kontzientzi eta erlijio-askatasunerako eskubidea du; eskubide horren barne da erlijio edo sinesmena aldatzeko askatasuna eta baita norbere erlijioa edo sinesmena bakarka nahiz taldean, jendaurrean edo pribatuan irakaskuntzaz, ihardueraz, kultuz eta aginduak gordez azaltzeko askatasuna ere.</para>
   </article>
   <article number="19">
      <title>19. atala</title>
      <para>Gizabanako guztiek dute eritzi-eta adierazpen-askatasuna. Eskubide horrek barne hartzen du erlijioa eta sinismena aldatzeko askatasuna eta bakoitzaren eritziengatik inork ez gogaitzeko eskubidea, ikerketak egitekoa eta informazioa eta eritziak mugarik gabe eta nolanahiko adierazpidez jaso eta zabaltzekoa.</para>
   </article>
   <article number="20">
      <title>20. atala</title>
      <orderedlist>
         <listitem>
            <para>Nornahik du bakean biltzeko eta elkartzeko eskubidea.</para>
         </listitem>
         <listitem>
            <para>Inor ezingo da behartu elkarte bateko kide izatera.</para>
         </listitem>
      </orderedlist>
   </article>
   <article number="21">
      <title>21. atala</title>
      <orderedlist>
         <listitem>
            <para>Pertsona orok du bere herrialdeko gobernuan parte hartzeko eskubidea, zuzenean nahiz libre aukeratutako ordezkarien bitartez.</para>
         </listitem>
         <listitem>
            <para>Pertsona orok du berdintasunez norbere herrialdeko funtzio publikoan sartzeko eskubidea.</para>
         </listitem>
         <listitem>
            <para>Herriaren borondatea da botere publikoaren agintearen oinarria; borondate hori aldian-aldian egingo diren benetako hauteskundeetan adieraziko da. Hauteskundeok bozketa orokor eta berdinez eta isilpeko boto bidez egingo dira, edo boto askatasuna bermatzen duen beste bide batez.</para>
         </listitem>
      </orderedlist>
   </article>
   <article number="22">
      <title>22. atala</title>
      <para>Pertsona orok du, gizarteko kide denez gero, gizarte-segurantza izateko eskubidea eta, herrialdearen ahaleginaz eta nazioarteko laguntzaz, Estatu bakoitzaren antolaketa eta baliabideak kontuan izanik, norbanakoaren duintasunerako eta nortasuna garatzeko ezinbestekoak diren ekonomi, gizarte eta kultura mailako eskubideak asetuta izatekoa.</para>
   </article>
   <article number="23">
      <title>23. atala</title>
      <orderedlist>
         <listitem>
            <para>Pertsona orok du lan egiteko eskubidea, lana aukeratzekoa, lanbaldintza bidezkoak eta egokiak izatekoa, eta langabeziaren aurkako laguntza jasotzekoa.</para>
         </listitem>
         <listitem>
            <para>Pertsona orok du, bereizkeriarik gabe, lan beragatik lansari berbera jasotzeko eskubidea.</para>
         </listitem>
         <listitem>
            <para>Lanean ari denak bidezko lan-saria eta aski zaiona jasotzeko eskubidea du, bai bera eta bai bere familia, giza duintasunari dagokion bezala bizitzeko bestekoa. Horretarako aski ez bada lansaria, gizarteko laguntzaren bidez osatuko da.</para>
         </listitem>
         <listitem>
            <para>Pertsona orok du, norbere interesen alde egiteko, sindikatuak eratu eta sindikatuko kide izateko eskubidea.</para>
         </listitem>
      </orderedlist>
   </article>
   <article number="24">
      <title>24. atala</title>
      <para>Pertsona orori dagozkio atsedenerako eskubidea, aisiarakoa, lanaldiaren iraupen mugatua izatekoa eta aldian-aldian ordaindutako oporrak izatekoa.</para>
   </article>
   <article number="25">
      <title>25. atala</title>
      <orderedlist>
         <listitem>
            <para>Pertsona orok du bizimodu egokia izateko eskubidea, bai berari eta bai bere familiari osasuna eta ongi izatea bermatuko diena, eta batez ere janaria, jantziak, bizitokia, medikusorospena eta gizarte-zerbitzuak; eta baita lanik eza, gaixotasuna, elbarritasuna, alarguntasuna, zahartzaroa edo bizibidea nahi gabe galtzeko beste kasuren bat gertatzen denerako asegurua izateko eskubidea ere.</para>
         </listitem>
         <listitem>
            <para>Amek eta haurrek laguntza bereziak jasotzeko eskubidea dute. Haur guztiek, senar-emazteengandik nahiz ezkontzatik kanpo jaiotakoek, gizartearen babes berbera izateko eskubidea dute.</para>
         </listitem>
      </orderedlist>
   </article>
   <article number="26">
      <title>26. atala</title>
      <orderedlist>
         <listitem>
            <para>Pertsona orok du hezkuntza-eskubidea. Hezkuntza dohainekoa izango da oinarrizko ikasketei dagokienez behintzat. Oinarrizko ikasketak egitea derrigorrezkoa izango da; heziketa teknikoa eta lanbiderakoa, orokorra; eta denek izango dute goimailako ikasketak egiteko aukera bera, norberaren merezimenduen arabera.</para>
         </listitem>
         <listitem>
            <para>Hezkuntzaren helburua giza nortasuna guztiz garatzea izango da eta giza eskubideen eta oinarrizko askatasunen errespetua indartzea; herrialde, arraza eta erlijio guztien arteko elkar-ulertze, jasankortasun eta adiskidetasunaren alde egingo du; eta Nazio Batuen iharduna bultzatuko du, bakeak iraun dezan.</para>
         </listitem>
         <listitem>
            <para>Gurasoek lehentasunezko eskubidea izango dute seme-alabei emango zaien hezkuntza mota aukeratzeko.</para>
         </listitem>
      </orderedlist>
   </article>
   <article number="27">
      <title>27. atala</title>
      <orderedlist>
         <listitem>
            <para>Pertsona orok du eskubidea elkarteko kultur ekitaldietan aske parte hartzeko, artelanez gozatzeko, eta zientzi aurrerakuntzan eta horri darizkion irabazietan parte hartzeko.</para>
         </listitem>
         <listitem>
            <para>Zientzia, literatura edo arte mailan egindako lanen egille diren pertsona guztiek dute horregatik eskubidea dagozkien interesak eta materialak babes dakizkien eskubidea.</para>
         </listitem>
      </orderedlist>
   </article>
   <article number="28">
      <title>28. atala</title>
      <para>Pertsona guztiei dagokien eskubidea da, Aldarrikapen honetan azaldutako eskubide eta askatasunak era eraginkorrean garatuko dituen gizarte mailako eta nazioarteko ordena ezar dadin.</para>
   </article>
   <article number="29">
      <title>29. atala</title>
      <orderedlist>
         <listitem>
            <para>Pertsona orok komunitatearekiko betebeharrak ere baditu, komunitatea baita bere nortasuna guztiz eta era askean garatzeko toki bakarra.</para>
         </listitem>
         <listitem>
            <para>Pertsona orok, gainontzeko herritarren eskubide eta askatasunen begirunea ziurtatzeko eta gizarte demokratiko bateko moral, ordena publiko eta ongizate orokorreko bidezko eskakizunak betetzeko legez ezar daitezen mugak baino ez ditu izango dagozkion eskubide eta askatasunez baliatzeko orduan.</para>
         </listitem>
         <listitem>
            <para>Eskubide eta askatasun hauetaz ezingo da inor baliatu Nazio Batuen helburu eta erizpideen aurka.</para>
         </listitem>
      </orderedlist>
   </article>
   <article number="30">
      <title>30. atala</title>
      <para>Aldarrikapen honetan jasotako ezertan ezingo da ulertu Estatuari edo talde edo norbanakoren bati Aldarrikapen honetan bertan adierazitako edozein eskubide eta askatasun deuseztatzeko ekintzak edo ihardunak burutzeko eskubidea ematen zaionik.</para>
   </article>
</udhr>