<?xml version="1.0" encoding="UTF-8"?>

<!--© The Office of the High Commisioner for Human Rights-->

<udhr lang="010" language="(Tetum)" xmlns="http://www.unhchr.ch/udhr">
  <title>Deklarasaun kona ba Ema tomak nia Direitu, iha mundu raiklaran</title>

  <note>
    <para>Lia ne&#x2019;e be Asembleia Boot, iha O.N.U., habadak hodi fo tada iha Rezolusaun 217A (III), iha loron 10, fulan Desembru, iha tinan 1948.-</para>
  </note>

  <preamble>
    <title>Lia habadak</title>
    <para>- atu bele moris ho liberdade, ho justisa, ho damen iha mundu, ema sei hatene hodi halo tuir katak hotu hanesan, iha direitu hanesan.</para>
    <para>- tan lakohi simu, tan heuuai ema nia direitu maka ema balu halo aat, halo susar ema seluk; fo sai lia hirak ne&#x2019;e atu ema tomak bele moris hakmatek, bele hateten e fiar tuir nia hakarak.</para>
    <para>- atu tahan ema tomak nia direitu tuir ukun ho justisa, nune&#x2019;e ema lalika foti liman hodi funu hasoru ema aat, hahalok aat.</para>
    <para>- atu buka hametin damen iha nasaun tomak.</para>
    <para>- iha Surat Deklarasaun ne&#x2019;e, Nasaun tomak fo sai katak ema tomak iha direitu, iha otak, iha folin, ema hotu hanesan feto ka mane; nasaun tomak sei buka tulun malu atu ema bele moris di&#x2019;ak, ema hotu bele moris ho liberdade iha dalan los.</para>
    <para>- Nasaun tomak iha O.N.U. tau lia ba malu atu hamutuk tulun ema moris ho direitu ho mos liberdade.</para>
    <para>- atu ema tomak halo tuir lia hirak ne&#x2019;e be foin hateten, hodi tau metin ba laran.</para>
    <para>Asembleia Boot</para>
    <para>Fo tada iha Deklarasaun kona ba Ema tomak nia Direitu atu hatudu dalan los ba povu tomak, ba nasaun tomak, nune&#x2019;e ema tomak, klibur tomak, ukun tomak, ho neon metin, buka hanorin, hanorin lisan los, hodi habelar ema nia direitu ho liberdade; halo ema tomak tuir lia ne&#x2019;e be fo sai iha nasaun ida laran, iha nasaun seluk laran, hodi moris tuir dalan ne&#x2019;e be Nasaun tomak foin fo tada iha Deklarasaun ne&#x2019;e.</para>
  </preamble>
  <article number="1">
    <title>Artigu 1</title>
    <para>Ema tomak moris hanesan, ema tomak hanesan, iha direitu hanesan. Ema tomak iha otak ho neon, hotu-hotu sei buka moris hanesan maun ho alin.</para>
  </article>
  <article number="2">
    <title>Artigu 2</title>
    <para>La bele haketak ema ida tan noin politik, tan ukun rai ida nian, iha rai ne&#x2019;e duni, iha rai ne&#x2019;e be ukun ona an, e iha rai ne&#x2019;e be sei dauk ukun-&#x00E1;n.</para>
  </article>
  <article number="3">
    <title>Artigu 3</title>
    <para>Ema ida-idak iha direitu atu moris, moris ho liberdade, hodi hetan mos tulun ba nia an rasik.</para>
  </article>
  <article number="4">
    <title>Artigu 4</title>
    <para>Ema ida la bele moris hanesan ata; sei halakon hosi raiklaran hahalok ne&#x2019;e be lori ema seluk moris hanesan ata.</para>
  </article>
  <article number="5">
    <title>Artigu 5</title>
    <para>La bele halo aat ba ema ida, la bele halo ema terus naran de&#x2019;it.</para>
  </article>
  <article number="6">
    <title>Artigu 6</title>
    <para>Ema tomak iha direitu, naran iha fatin ida, atu ema seluk simu nia hodi hatene katak nia mos ema.</para>
  </article>
  <article number="7">
    <title>Artigu 7</title>
    <para>Ema tomak hanesan iha ukun, tan ukun sei tahan ema tomak. Ema hotu iha direitu atu hetan tulun uaihira monu ba susar e bele hetan susar tan ninia direitu, tuir Deklarasaun ne&#x2019;e.</para>
  </article>
  <article number="8">
    <title>Artigu 8</title>
    <para>Ema tomak iha direitu atu buka tulun hosi ukun sira, iha nia rain rasik, uaihira hetan susar tan ema seluk lakohi hatene nia direitu.</para>
  </article>
  <article number="9">
    <title>Artigu 9</title>
    <para>La bele dadur let, la bele kair e duni sai naran ema ida hosi nia rain.</para>
  </article>
  <article number="10">
    <title>Artigu 10</title>
    <para>Ema tomak iha direitu atu hetan justisa, uaihira monu ba sala; nia salan sei hetan justisa tuir dalan los hodi fo kastigu ki&#x2019;ik e boot, tuir hahalok ne&#x2019;e be nia halo.</para>
  </article>
  <article number="11">
    <title>Artigu 11</title>
    <orderedlist>
      <listitem>
        <para>Uaihira foti lia ruma hasoru ema ida, molok sei dauk halo justisa, ema ne&#x2019;e sei hat&#x00E1;n nu&#x2019;u sala laek; afoin sei fo mos fatin atu nia hetan tulun hodi tahan-&#x00E1;n iha justisa laran.</para>
      </listitem>
      <listitem>
        <para>La bele dadur ema ida, tan de&#x2019;it nia hahalok e nia kluhak, uaihira buat ne&#x2019;e be nia halo la monu hasoru ukun nasaun nian e rai seluk nian. Nune&#x2019;e mos, la bele fo kastigu todan liu hahalok ne&#x2019;e be nia halo duni.</para>
      </listitem>
    </orderedlist>
  </article>
  <article number="12">
    <title>Artigu 12</title>
    <para>La bele halo naran buat ida hasoru ema nia moris, nia uma laran, iha nia uma kain, la bele loke let ema nia surat, la bele mos foti lia hasoru nia naran di&#x2019;ak. Hasoru lia hirak ne&#x2019;e, sei hetan tulun hosi rai ida nia ukun.</para>
  </article>
  <article number="13">
    <title>Artigu 13</title>
    <orderedlist>
      <listitem>
        <para>Ema hotu bele la&#x2019;o ba mai tuir nia hakarak, tur iha rai ne&#x2019;e be hakarak, iha Nasaun ida laran.</para>
      </listitem>
      <listitem>
        <para>Naran ema ida bele husik nia rain, nia nasaun; bele fila hikas ba rain, tuir nia hakarak.</para>
      </listitem>
    </orderedlist>
  </article>
  <article number="14">
    <title>Artigu 14</title>
    <orderedlist>
      <listitem>
        <para>Uaihira ema ruma hetan susar atu moris hakmatek, bele buka fatin seluk e rai seluk.</para>
      </listitem>
      <listitem>
        <para>La bele tuir dalan ida ne&#x2019;e, uaihira nia hetan susar tan hahalok aat ne&#x2019;e be nia halo, e tan hahalok nia halo hasoru ema seluk nia direitu.</para>
      </listitem>
    </orderedlist>
  </article>
  <article number="15">
    <title>Artigu 15</title>
    <orderedlist>
      <listitem>
        <para>Naran ema ida sei iha rain ida, nasaun ida.</para>
      </listitem>
      <listitem>
        <para>La bele hasai naran de&#x2019;it ema ida hosi nia rain; la bele mos taka dalan uaihira ema ida hakarak ba hamutuk ho nasaun seluk.</para>
      </listitem>
    </orderedlist>
  </article>
  <article number="16">
    <title>Artigu 16</title>
    <orderedlist>
      <listitem>
        <para>To&#x2019;o ona otas, feto ka mane bele kaben, tur iha uma kain ida, hodi la hetan susar tan nia ema seluk, ema rai seluk e iha fiar seluk. Hanesan kabe na&#x2019;in, uaihira fahe malu karik, sira na&#x2019;in rua iha direitu hanesan.</para>
      </listitem>
      <listitem>
        <para>Ema na&#x2019;in rua la bele kaben uaihira sira lakohi moris hamutuk nu&#x2019;u kabe na&#x2019;in.</para>
      </listitem>
      <listitem>
        <para>Uma kain ida hanesan knua e rai nia rin, tan ne&#x2019;e, sei hetan tulun hosi reinu e hosi nasaun.</para>
      </listitem>
    </orderedlist>
  </article>
  <article number="17">
    <title>Artigu 17</title>
    <orderedlist>
      <listitem>
        <para>Naran ema ida, mesak e hamutuk ho seluk, iha direitu atu iha sas&#x00E1;n rasik.</para>
      </listitem>
      <listitem>
        <para>La bele hasai let ema ida nia sas&#x00E1;n.</para>
      </listitem>
    </orderedlist>
  </article>
  <article number="18">
    <title>Artigu 18</title>
    <para>Ema hotu-hotu iha direitu atu hanoin tuir nia hakarak, moris tuir nia neon, tuir nia fiar; ne&#x2019;e katak nia bele husik fiar ida hodi ba seluk, hodi mos haklaken nia fiar, haklaken mesak e hamutuk, iha fatin kles e fatin ksumik, hodi hanorin e hodi halo estilu tuir nia ukur.</para>
  </article>
  <article number="19">
    <title>Artigu 19</title>
    <para>Ema ida-idak bele hateten, bele halo tuir nia hanoin, tan ne&#x2019;e ema seluk la bele bandu; ema ida-idak bele simu, bele fo tada nia hanoin, iha naran fatin ida.</para>
  </article>
  <article number="20">
    <title>Artigu 20</title>
    <orderedlist>
      <listitem>
        <para>Ema ida-idak bele halibur, har&#x00ED; klibur iha damen laran.</para>
      </listitem>
      <listitem>
        <para>Ema ida la bele haruka ema seluk atu tama iha klibur ida laran.</para>
      </listitem>
    </orderedlist>
  </article>
  <article number="21">
    <title>Artigu 21</title>
    <orderedlist>
      <listitem>
        <para>Naran ema ida bele haknauk iha nasaun nia serbisu, hodi serbisu rasik e tau ema seluk iha nia fatin.</para>
      </listitem>
      <listitem>
        <para>Ema tomak iha direitu atu serbisu iha nasaun ida nia knar.</para>
      </listitem>
      <listitem>
        <para>Povu nia hakarak hanesan nasaun ida nia rin; povu tomak sei hatudu, tuir nia hakarak, iha uain ba uain, hotu-hotu hanesan, ida la let, hodi hili ema ne&#x2019;e be nia hakarak atu ukun nia rain.</para>
      </listitem>
    </orderedlist>
  </article>
  <article number="22">
    <title>Artigu 22</title>
    <para>Ema hotu, hanesan rai nia oan, sei moris metin iha nia rain; bele ter hosi ukun sira atu ema hotu moris di&#x2019;ak, moris hakmatek, hetan matenek, tan nasaun nia hahalok rasik, e hamutuk ho nasaun seluk, hodi halo rai ida buras.</para>
  </article>
  <article number="23">
    <title>Artigu 23</title>
    <orderedlist>
      <listitem>
        <para>Ema tomak sei hetan serbisu ida, serbisu tuir nia hakarak, hetan di&#x2019;ak hanesan ema seluk, hodi hetan tulun atu la monu ba susar tan la serbisu.</para>
      </listitem>
      <listitem>
        <para>Sei selu ema ida nia kolen tuir nia serbisu.</para>
      </listitem>
      <listitem>
        <para>Ema ne&#x2019;e be serbisu sei simu tusan los tuir nia kolen, atu nia uma laran, nia uma kain bele moris di&#x2019;ak hanesan ema, sei hetan mos tulun hosi serbisu seluk.</para>
      </listitem>
      <listitem>
        <para>Ema tomak bele har&#x00ED; klibur hanesan sindikatu, bele tama ba sindikatu hodi hetan tulun ba nia serbisu, tuir nia hakarak.</para>
      </listitem>
    </orderedlist>
  </article>
  <article number="24">
    <title>Artigu 24</title>
    <para>Ema tomak iha direitu atu hakm&#x00E1;, atu hadiuk, iha uain serbisu nia laran, tuir loron serbisu, iha tinan laran.</para>
  </article>
  <article number="25">
    <title>Artigu 25</title>
    <orderedlist>
      <listitem>
        <para>Ema tomak iha direitu atu hetan buat ne&#x2019;e be kuran hodi hetan di&#x2019;ak ba isin, di&#x2019;ak ba uma laran, liu-liu iha hah&#x00E1;n, iha hatais, iha uma ida, hetan tulun hosi ospit&#x00E1;l, e tulun seluk hosi nasaun; sei hetan tulun uaihira la serbisu, iha moras laran, faluk karik e kbahen ona, e uaihira hetan susar ba moris maski la hakarak.</para>
      </listitem>
      <listitem>
        <para>Feto foin hahoris ho oan kosok sei hetan tulun oi-oin. Labarik ne&#x2019;e be moris, iha uma kain e la iha uma kain ida laran, sei hetan mos tulun tomak ne&#x2019;e be kuran.</para>
      </listitem>
    </orderedlist>
  </article>
  <article number="26">
    <title>Artigu 26</title>
    <orderedlist>
      <listitem>
        <para>Naran ema ida iha direitu atu hetan matenek. Sei hetan matenek hodi la selu buat ida, iha tinan hirak ne&#x2019;e be hah&#x00FA; eskola. Tan ema hotu sei tama iha eskola ne&#x2019;e be nasaun haruka. Nasaun ida sei buka habelar mos eskola teknik ho eskola ba badaen; sei loke eskola ne&#x2019;e be fo matenek boot, ema hotu-hotu bele tama iha eskola ne&#x2019;e, tuir idak&#x00E1;n nia otak.</para>
      </listitem>
      <listitem>
        <para>Naran eskola ida sei halo ema sai di&#x2019;ak liu hotu, habiit liu ema nia direitu, ema nia liberdade, sei lori ema simu malu ho laran, hatene perdua malu, dame malu iha nasaun ida laran, iha mundu raiklaran, tuir ida-idak nia fiar, tuir mos hahalok tomak ne&#x2019;e be Nasaun sira iha O.N.U. halo atu mundu moris iha damen laran.</para>
      </listitem>
      <listitem>
        <para>Aman sira maka sei hili matenek ne&#x2019;e be hakarak fo ba oan.</para>
      </listitem>
    </orderedlist>
  </article>
  <article number="27">
    <title>Artigu 27</title>
    <orderedlist>
      <listitem>
        <para>Naran ema ida iha direitu atu tama, tuir nia hakarak, iha moris matenek iha knua laran, atu bele hamutuk ho matenek seluk halo di&#x2019;ak ba nia rain.</para>
      </listitem>
      <listitem>
        <para>Naran ema ida iha direitu atu hetan tulun kona ba dalan los atu moris, hetan tulun atu ho matenek seluk halo rai ida bele buras.</para>
      </listitem>
    </orderedlist>
  </article>
  <article number="28">
    <title>Artigu 28</title>
    <para>Naran ema ida iha direitu, iha fatin ne&#x2019;e be nia moris e iha rai seluk, atu hetan tulun tuir ukun atu bele moris ho direitu ho liberdade, tuir lia tomak ne&#x2019;e be fo tada iha Deklarasaun ne&#x2019;e.</para>
  </article>
  <article number="29">
    <title>Artigu 29</title>
    <orderedlist>
      <listitem>
        <para>Naran ema ida sei halo buat ruma ba nia rain, tan lae karik nia la bele moris ho liberdade, la bele moris di&#x2019;ak.</para>
      </listitem>
      <listitem>
        <para>Atu moris ho direitu, atu bele hetan liberdade ema ida-idak sei tuir lol&#x00F3;s ukun ne&#x2019;e be foin fo sai, nune&#x2019;e, ema seluk mos bele tuir dalan di&#x2019;ak, dalan los, ema hotu bele moris tuir nia fiar, ema hotu bele moris di&#x2019;ak hanesan maun ho alin, iha damen laran.</para>
      </listitem>
      <listitem>
        <para>Hotu-hotu sei tuir lol&#x00F3;s direitu ho liberdade ne&#x2019;e be Nasaun tomak hamutuk fo tada ona, ema ida la bele tuir dalan seluk, hodi heuuai Deklarasaun ne&#x2019;e.</para>
      </listitem>
    </orderedlist>
  </article>
  <article number="30">
    <title>Artigu 30</title>
    <para>Naran Nasaun ida, klibur ruma e naran ema ida, la bele hola lia hirak foin fo tada iha Deklarasaun ne&#x2019;e atu hodi halakon ema seluk nia direitu, nia liberdade.</para>
  </article>
</udhr>
