<?xml version="1.0" encoding="UTF-8"?>

<!--© The Office of the High Commisioner for Human Rights-->

<udhr lang="nyn" language="Nyankore" xmlns="http://www.unhchr.ch/udhr">
  <title>ENTUURA Y'OBUNTU AHA BANTU OMUNSI YOONA</title>
  <preamble>
    <title>EBYEBEMBERA (PREAMBLE)</title>
    <para>Ekitiinisa ky'omuntu ekyobuhangwa nikiingana nobushoborozi obutakabaasa kwihwaho eka yabantu boona heza niyo ntandikirro y'oburinganiza omu nsi yoona.</para>
    <para>Obutagyendera ahaabugabe bw'abantu burugiremi ebikorwa bibi ebisiisire emiteekatekyere y'abantu kandi okuhika ahabwire bw'abantu baraagirire obugabe bw'okugamba ekibarikwenda bakikiririza n'omu kibarikwenda bataine kibari kutiina nikyo abantu baburiijo bashemereire kurwanirira. Omuntu ku araabe atari wokugyemwa kugomera obutegyeki bubi nikimanyisa ngu obugabe bw'omuntu bushemerire kurindwa entegyeka ey'amateeka.</para>
    <para>Ekibiina ky'Amahanga Ageeteraine omu kihaandiiko kyakyo nikihamiza kimwe kukirikwikiriza omu magara g'obuntu nomukitiinisa n'omuhendo gwomuntu kandi kimaririra okukora ekikirikubaasa kureebeka ngu omutindo gwamagara obushoborozi n'amagara g'omuntu nikihuru munonga omu kuhikiriza ekigyendererwa kyekihandiko eki. Nahabwekyo Orukiiko Orwanahanga Ageeteraine (General Assembly) rurangirire ENTUURA Y'OBUNTU AHA BANTU OMUNSI YOONA.</para>
    <para>Abantu boona ahu bari ahabwokugira ekyetengo kimwe ekyamahanga goona bashemereire kwijuka ekirangiriro eki hamwe nokufayo munonga obwo barikwegyesa no kugunjura abantu kutamu ekitiinisa amagara gobuntu omunsi yoona.</para>
  </preamble>
  <article number="1">
    <title>Ekicweka 1.</title>
    <para>Abantu nibazaarwa baine obugabe nobushoborozi ebiri kwingana nibahangwa baine obwengye kandi barikubasa kwahura ekirungi nekibi, nahabwekyo abantu bashemereire kutuura kumwe nkabanya Uganda.</para>
  </article>
  <article number="2">
    <title>Ekicweka 2.</title>
    <para>Buri muntu ashemereire atungye obusingye oburi kugambwaho omu kihandiiko eki ahatari kushorora okwomuringo gwoona. Katugire ahabwei hanga rye, erangi yomubiri gwe, kab'omushaija narishi omukazi, orurimi, ediini, emiteekateekyere y'omuntu ahabyobutegyeki bwensi oba abantu omwarikuru ga, ebintu, byabungire obuzaarebwe narishi enshonga endiijo.</para>
    <para/>
  </article>
  <article number="3">
    <title>Ekicweka 3.</title>
    <para>Omuntu aine okubaho omu muringo gwari kusiima.</para>
  </article>
  <article number="4">
    <title>Ekicweka 4.</title>
    <para>Tihariho muntu oshemereire kukwatirwa omubuhuuku. Obuhuuku, nobushubuzi bw'abahuuku, tiburikwiikirizibwa omunsi yoona.</para>
  </article>
  <article number="5">
    <title>Ekicweka 5.</title>
    <para>Kungangarazibwa omu miringo gutari gw'obuntu.</para>
  </article>
  <article number="6">
    <title>Ekicweka 6.</title>
    <para>Buri muntu ashemereire kutwazibwa nk'omuntu omu mbuga zebiragiro.</para>
  </article>
  <article number="7">
    <title>Ekicweka 7.</title>
    <para>Omu mbuga z'ebiragiro abantu boona nibaingana kandi ebiragiro nibibarinda batariho kushorora.</para>
  </article>
  <article number="8">
    <title>Ekicweka 8.</title>
    <para>Buri muntu, naikirizibwa kutwaara enshonga ze omu mbuga zebiragiro ezihikire obugabe bwe bwaaba nibujogibwa.</para>
  </article>
  <article number="9">
    <title>Ekicweka 9.</title>
    <para>Tihariho muntu oraatsibwa atahozesibwe nainga akahangahangusibwa omu muringo ogutarikugyendera aha biragiro.</para>
  </article>
  <article number="10">
    <title>Ekicweka 10.</title>
    <para>Buri muntu ahatari kushoroora naatekwa kuhozesibwa "omu mushana" omu kooti etaine kugweera orubaju rumwe kandi nokumanyisibwa omushango gwoona ogurikuba nigumutabaarizibwa.</para>
  </article>
  <article number="11">
    <title>Ekicweka 11.</title>
    <orderedlist>
      <listitem>
	<para>Buri muntu weena orkutebwaho omushango ogwine ekiheneso naatekwa kutwaarwa nkoteine rubanza akuhitsya kyaahamibwa ngu akashobya okurugiirira omu biragiro kandi obwo arikuheebwa nomugisha okweehozaho nkokukirikubasika.</para>
      </listitem>
      <listitem>
	<para>Tihariho muntu weena kuhebwa ekiheneso aha bworubanja rwamutairweho omu bwire bukyabaire kitarikumanya mu biragiro.</para>
      </listitem>
    </orderedlist>
  </article>
  <article number="12">
    <title>Ekicweka 12.</title>
    <para>Ekitinisa kyomuntu, amakage, ab'eka ye, ebihandiko bye hamwe namabaruhage tibishemereire kutahirirwa narishi kuzanirwaho. Buri muntu aine obushoborozi bwokweyambisa ebiragiro kuzibira abo abarikwenda kwetasya omu nshonga ze wenka.</para>
  </article>
  <article number="13">
    <title>Ekicweka 13.</title>
    <orderedlist>
      <listitem>
	<para>Buri muntu aine obugabe kugyenda narishi kuraara hoona ahu ari kwenda omunda y'ensharo z'eihanga rye.</para>
      </listitem>
      <listitem>
	<para>[Missing?]</para>
      </listitem>
    </orderedlist>
  </article>
  <article number="14">
    <title>Ekicweka 14.</title>
    <orderedlist>
      <listitem>
	<para>Buri muntu orinkuhiganisibwa aine obugabe kwiinikangira omu ihanga erindi, n'okusheruramu obuhungiro hatariho kubonbonesibwa.</para>
      </listitem>
      <listitem>
	<para>Obugabe obu, obwokwirukangara omu eihanga erindi, tibwokukozesa kubi kuri noogira ngu omuntu orikuhangahanguka, nateebwaho emishango etari yobutegyeki, narishi enshobi ezi arikukora tizirikugyendera ha bigyendererwa bya' Amahanga Ageeteraine.</para>
      </listitem>
    </orderedlist>
  </article>
  <article number="15">
    <title>Ekicweka 15.</title>
    <orderedlist>
      <listitem>
	<para>Buri muntu, naatekwa kutunga eihanga eryaari kumanywa mu nkomutuuzi.</para>
      </listitem>
      <listitem>
	<para>Tihariho muntu oriihwaho obutuuzi omu eihanga rye narishi obutiikirizibwa kuhiinduraho.</para>
      </listitem>
    </orderedlist>
  </article>
  <article number="16">
    <title>Ekicweka 16.</title>
    <orderedlist>
      <listitem>
	<para>Omushaija narishi omukazi owahikize emyaka y'obukuru takuzibirwa okurugiirira aha eihanga rye oruganda narishi ediini, kwe shoborora aha byobushwere nokutandikaho eka. Omushaija n'omukazi nibainganisa obushoborozi omu bushwere bwabo bwagumaho nari bwahwaho.</para>
      </listitem>
      <listitem>
	<para>Obushweere nibunaho, omushaija n'omukazi baaba biikirizangaine.</para>
      </listitem>
      <listitem>
	<para>Eka nigwo musingi gobuhangwa hamwe neihanga nahabwekyo abantu na Gavumenti bashemereire kukuuma omusingi ogu.</para>
      </listitem>
    </orderedlist>
  </article>
  <article number="17">
    <title>Ekicweka 17.</title>
    <orderedlist>
      <listitem>
	<para>Omuntu aine obugabe, kwetungira ebye wenka narishi kubitungira hamwe nabagyenzi be.</para>
      </listitem>
      <listitem>
	<para>Tihariho muntu nowe oriihweho ebintu bye omu muringo gutari gwebiragiro.</para>
      </listitem>
    </orderedlist>
  </article>
  <article number="18">
    <title>EKicweka 18.</title>
    <para>Buri muntu aine obugabe okwahura ekirungi aha kibi, nokurond ediini eyi arashome kandi aine obugabe we wenka narishi nabataahibe okuteeka omu nkora ebi arikwiikirizamu.</para>
  </article>
  <article number="19">
    <title>Ekicweka 19.</title>
    <para>Buri muntu aine obugabe kugira enteekateka ye kandi nokugamba narishi okuhandiika nkoku arikuteekateeka. Kandi buri muntu aine obugabe okurabya ebyarikutekyereza aha Radio, Television, empapura z'amahurire, nemihanda endiijo.</para>
  </article>
  <article number="20">
    <title>Ekicweka 20.</title>
    <orderedlist>
      <listitem>
	<para>Buri muntu naabasa kweshoroza omunkungaana zobusingye nabantu abandi.</para>
      </listitem>
      <listitem>
	<para>Tihariho muntu nomwe orikukakwa kugyenda omu nkungaana nabandi.</para>
      </listitem>
    </orderedlist>
  </article>
  <article number="21">
    <title>Ekicweka 21.</title>
    <orderedlist>
      <listitem>
	<para>Buri muntu aine obugabe butegyeki bwo muihangarye.</para>
      </listitem>
      <listitem>
	<para>Buri muntu aine obugabe bwokuza omu bitongore bya Gavumenti kuhwera ensi yarimu.</para>
      </listitem>
      <listitem>
	<para>Abantu niboraasharemu Gavumenti eyibarikwenda. Eki nikibaasika abantu baaba nibaikirizibwa kuteea obururu.</para>
      </listitem>
    </orderedlist>
  </article>
  <article number="22">
    <title>Ekicweka 22.</title>
    <para>Buri munyansi aine obushoborozi kutuura n'abantu bataahi be omu nisingye , eki kimbaasise kutereeza engyesho ze, nokuhika aha byaarikurubirira ebye kitiinisa nkomuntu arikuraba omu kukora kweihanga rye okurugiirira ahanteekateeka nenkozesa yobugaiga obweihanga omu byentasya, ebyemiturire ya bantu, nobuhangwa bwaabo, ebitarikubasa kunagiijurwa omu kukurakurana oku.</para>
  </article>
  <article number="23">
    <title>Ekicweka 23.</title>
    <orderedlist>
      <listitem>
	<para>Buri muntu aine obugabe n'obushoborozi kukora naatekwa kwerondera ekika kyemirimo eyi arikubaasa omu mbeera nungi nokuyambibwa omurimo kuri nigumuhwaho.</para>
      </listitem>
      <listitem>
	<para>Buri mukozi naateekwa kuhebwa empeera erikwiingana nomurimo gwe, erikumubaasisa kweeyemerezaho kurungi we namaka ge.</para>
      </listitem>
      <listitem>
	<para>Kyaaba nikyetengyesa empeera yomuntu neebasa kwongyezibwaho, kuri naagubwaho obuzibu obu atetekateekire.</para>
      </listitem>
      <listitem>
	<para>Buri muntu hatariho kushoroora, aine obugabe kushahurwa okurugiirira aha mirimo eyi arikukora.</para>
      </listitem>
    </orderedlist>
  </article>
  <article number="24">
    <title>Ekicweka 24.</title>
    <para>Buri muntu, naatekwa kuhumuraho ashemereire akore eshaaha ezigyerekirwe buri Izooba kandi atuungye bobwire obu yaahumuzibwaho buri mwaka kwonka obwo empeera yebiro ebiahumwireho arikugituunga.</para>
  </article>
  <article number="25">
    <title>Ekicweka 25.</title>
    <orderedlist>
      <listitem>
	<para>Buri muntu nayetaaga omutindo gwa magara ge, ogurkumubasisa kubaho kurungi aine amagara marungi namaka ge, arikutuunga ebyekurya ebijwaro, oburaaro, hamwe n'okujanjabibwa, kandi arikubaasa kweeyambisa ebi Gavumenti y'eihanga rye erokukorera abantu baayo kwimutsya omutindo gwamagara gaabo (Social Services). Buri muntu ashemereire kuyambwa arekye kweerarikirira omurimo gwamuhwaho, narishi yaaremwa kweeyamba nainga omushaija yaferwa omukazi we, oba omufakazi, oba omnuntu yaahika omu muringo gwobuteeyamba kutunga sente eki kyaamubaho atakyetekatekire we wenka.</para>
      </listitem>
      <listitem>
	<para>Abakyara abazaire hamwe nabaana nibateekwa kureebererwa n'okuyambibwa omu muringo guhikire. Abaana boona oba abazaire baabo bagaitswire omubiragiro oba tibagaitsirwe mu biragiro nibateekwa kureebererwa omu muringo gumwe nka'bantu.</para>
      </listitem>
    </orderedlist>
  </article>
  <article number="26">
    <title>Ekicweka 26.</title>
    <orderedlist>
      <listitem>
	<para>Buri muntu naatekwa kutuunga obwegyese. Okweegyesibwa nikwija kubokwabusha omumyaka erikubanza n'omu mashomero agokubandizamu. Emishomo eyokubanza neija kugyemebwa Amashomero, agakwegyesa ebyemikono nemirimo yekikungu nigaija kuteekwaho. Kandi buri muntu orikubaasa naija kuheebwa omugisha kushomera omu mashomero ago.</para>
      </listitem>
      <listitem>
	<para>Ebyobwegyese, nibyaija kugyenderera okugunjura abantu omu byamagyezi, nengyesho, birikuteeka amani ahakutamu akitiinisa aha bugabe bwomuntu. Ebyobwegyese, nibyaija kwimusya omutindo gwokwetegyerezangana kwabantu abensi nendimi ezomutaano, kandi bikorere hamwe nekibiina ky'Amahanga Ageeteraine omu kureetaho obusingye omunsi. Abazaire nibaikirizibwa kusharamu obwegyese baaho baratungye.</para>
      </listitem>
      <listitem>
	<para>[Missing?]</para>
      </listitem>
    </orderedlist>
  </article>
  <article number="27">
    <title>Ekicweka 27.</title>
    <orderedlist>
      <listitem>
	<para>Buri muntu aine orusa kweetaba omubyobuhangwa bwensi, kandi n'okushemererwa ebikukiorwa abanyamagyezi nokubagana aha miganyuro berikuruga omu kukurakurana kwebya sayansi.</para>
      </listitem>
      <listitem>
	<para>[Missing?]</para>
      </listitem>
    </orderedlist>
  </article>
  <article number="28">
    <title>Ekicweka 28.</title>
    <para>Buri muntu oba natura omwihanga rye oba natura omu eihanga erindi ashemereire kuba natunga obugabe bwe nkoku ekihandiiko eki kirikugamba.</para>
  </article>
  <article number="29">
    <title>Ekicweka 29.</title>
    <orderedlist>
      <listitem>
	<para>Buri muntu aine obujunaanizibwa ahabantu bensi ye ahabwokuba nibo boonka abarikumubasisa kukurakurana omu ngyesho, nomumiringo endiijo.</para>
      </listitem>
      <listitem>
	<para>Omuntu yaaba narwanirira obugabe bwe nkomuntu ekirikumuzibira kyonka n'ebiragiro ebiteirweho okunyweza okutongoza hamwe nokukuuma engyesho nungi omubiringaniza.</para>
      </listitem>
      <listitem>
	<para>Obugabe bwomuntu tibushemereire kukozesibwa omu muringo gwoona ogutarikwikirizangana nebigyendererwa by'Amahanga Ageeteraine.</para>
      </listitem>
    </orderedlist>
  </article>
  <article number="30">
    <title>Ekicweka 30.</title>
    <para>Tihariho nshonga yoona erikutuma omuntu kuhindura ebihandikirwe omu kitabo eki, obwo orikugyenderera kushisha obugabe nobushoborozi bw'omuntu.</para>
  </article>
</udhr>
