<?xml version="1.0" encoding="UTF-8"?>

<!--© The Office of the High Commisioner for Human Rights-->

<udhr lang="snk" language="Soninke" xmlns="http://www.unhchr.ch/udhr">
  <title>HAADAMA RENMUM TAQUN DORONDEN DANTAQIYE DUNA NOXO (1948)</title>
  <preamble>
    <title>JOPPAADI</title>
    <para>O ga na a faayi nan ti saran xabiilanun doronde do I taqu tinamto ya na du-kiteye, teleŋontaaxun do jamun gondoman ŋa duna noxo.</para>
    <para>O ga na a faayi nan ti soron taqun turvinbalaaxun do i roxomaxantaaxun yan ña sababu xonintan gollu ñanŋen dunasu maxa. Ken ya ni haadama renmum su ga natene do kiyi kurunba be i ga digaamunu, i ga batiini ti i sago, i xannun laabanto kannu do kori su da.</para>
    <para>O ga na a taayi nan ti haadama tenmun taqun nan siri tangeene ti tanka teleŋonte kuudo a nan maxa fiite katta gollu burn ñanŋen do marandi moxo bure.</para>
    <para>O ga na a faayi nan ti mejanŋaaxun nan siri ñaana jamaanun naxa.</para>
    <para>O ga na a faayi nan ti Duna feddi xooren da sigira xerexerente kini haadama renmum taqu i sigindi kayitin noxo, a doronden do seren xanuye, xawancaaxu yugun do yaxarun naxa.</para>
    <para>O ga na a faayi ti jamaanu ku ga kafim i ga da laayidun raga nan ti i wa sikki do haadama renmun taqun koroosinden batte.</para>
    <para>O ga na a faayi nan ti a su nan siri me-mukku taqun do du kiteyen ga ni ke be.</para>
    <para>Batu xooren</para>
    <para>da haadama renmum taqum doronden dantaqiye duna noxon bagandi kuudo saran xabiibanun su, jamaanun su na ña, ken dinman ŋa, sere su ma kafo na ke danteqiye toqo i kiilu kuudo ti xaranŋunden do arayinde jamaanu na katta soron taqun tangana.</para>
  </preamble>
  <article number="1">
    <title>Tonte fana</title>
    <para>Haadama renme su saareyen ŋa an na du-kitten ña, an nta sere komaaxu, an do soron su yan yekka dorontaaxu do taqu. Haqilen, wa sere su, a do soro kuttu nan siri terene doome kappalengaaxu kanma.</para>
  </article>
  <article number="2">
    <title>Tonte 2</title>
    <para>Haadama renme su raawa i taqun su wuttu xo ke danaqiyi kayiti ga da a ko moxo be. Xabiila, fate, yugo ma yaxare, xanne, diina, politikin kaara, ma wariyu tana a ga giri a jamaane, a dingira, a kiteyu, a saareye ma sigira tana, ku su ra nta a kabana i taqun wuttu.</para>
    <para>Po ra nta bakka sere taqu na a saxu a ga giri jamaane be, dingira be ti ken jamaane ni maranden ya, ma a nta i yinme kitte.</para>
  </article>
  <article number="3">
    <title>Tonte 3</title>
    <para>Bireye, du-kiteye do an yinme tangarjen wa kappa haadama renmen taqu.</para>
  </article>
  <article number="4">
    <title>Tonte 4</title>
    <para>Sere su ra nta ñaana kome, komaaxun do komo gaaganden danbe su kabanton ya ni.</para>
  </article>
  <article number="5">
    <title>Tonte 5</title>
    <para>Sere ra nta haadama renme su toorana, na a mamandi kuudo na a roxondi.</para>
  </article>
  <article number="6">
    <title>Tonte 6</title>
    <para>Sere su, noqu su raawa i seraaxun bagandini xo killen ga da a riti moxo be.</para>
  </article>
  <article number="7">
    <title>Tonte 7</title>
    <para>Killen kaaran ŋa, a su nan yekka, killen na a su tangana moxo baane ke ya. Fo wo fo su do ke dantaqiye ga bogu me wure, soron su nan baana i ga i tangana. Katta ken ŋa moxo be.</para>
  </article>
  <article number="8">
    <title>Tonte 8</title>
    <para>Killen ma sariyanun saaxaman ga da taqu beenu kini seren ŋa, i ga ñi a mulla i na fo bagu i ya, sere so raawa deemande muurunu kiitiraanu.</para>
  </article>
  <article number="9">
    <title>Tonte 9</title>
    <para>ra nta sere su ragana, na texi kaso ma na a bagandi jamaanen ŋa xafu kanma.</para>
  </article>
  <article number="10">
    <title>Tonte 10</title>
    <para>I ga na fo tiifi sere ya, a nan siri i xibaaren dantaqini kiitira be ga nta saafandini, soron su jon ŋa, kiitira ke na a taqun do a waajibinun koyi ma a na ko a ga boxu noqu be.</para>
  </article>
  <article number="11">
    <title>Tonte 11</title>
    <orderedlist>
      <listitem>
	<para>Golli bure su ga tiifi haadama renme ya, in siri a ragana xo a ga ma fo dabari ma I ga na a kiiti bire be jaman ŋa, fo ga ma bogu a taqun ŋa.</para>
      </listitem>
      <listitem>
	<para>Toŋen ra nta xenne haadama renme su kanma selli gollu ku dabari dinma jamaane ma jaman falle sariyan ga ma golli bure wari a yi. Fo ra nta kappa killen ga da toŋe be ko.</para>
      </listitem>
    </orderedlist>
  </article>
  <article number="12">
    <title>Tonte 12</title>
    <para>Sere su ra nta roono, fo koono an funen bire moxo, a kore, a kan xibaare ma na a bataaxun xara selli a ga ma an ñamari, a ra nta a roxondini xadi. Sariyan nan siri sere su tangana katta kun baqe, ken xa wa kappa sere su taqu.</para>
  </article>
  <article number="13">
    <title>Tonte 13</title>
    <orderedlist>
      <listitem>
	<para>Sere su raawa terene moxo be gan liŋo a dan ŋa jamaanen noxon ŋa, a raawa i kan sigindini noqu be i ga a mulla.</para>
      </listitem>
      <listitem>
	<para>Sere su raawa bakka jamaane, xari a yinme jamaane, a raawa yillene katta i jamaane.</para>
      </listitem>
    </orderedlist>
  </article>
  <article number="14">
    <title>Tonte 14</title>
    <orderedlist>
      <listitem>
	<para>I ga da sere su bitta, a raawa telle moole jamaane tana.</para>
      </listitem>
      <listitem>
	<para>Ke taqe ra nta a kisini selli a ga da golli buren ya ña, selli a ga da golle dabari a do Duna Feddi xooren sariyan ga bogu me wure.</para>
      </listitem>
    </orderedlist>
  </article>
  <article number="15">
    <title>Tonte 15</title>
    <orderedlist>
      <listitem>
	<para>Sere su nan siri kappa jamaane soron ŋa.</para>
      </listitem>
      <listitem>
	<para>I ra nta sere su bakka jamaanen soron ŋa a ga ma soxu fo wo fo su kanma, i ra nta kabana dubakka jamaane soron ŋa katta jamaane tana.</para>
      </listitem>
    </orderedlist>
  </article>
  <article number="16">
    <title>Tonte 16</title>
    <orderedlist>
      <listitem>
	<para>Yugo do yaxare ga na yexu baga, i raawa yexini me ya, na ka sigindi. I ga nta xabiila, jamaane ma diina baane ra nta ken kabana. Yugo ke do yaxare ke yan baana taqu yexu ke noxon ŋa ma ga na bogu.</para>
      </listitem>
      <listitem>
	<para>Yexun ñaana yugon do yaxaren ñaamariyen kanma.</para>
      </listitem>
      <listitem>
	<para>Kan ya ni jamaaren soron gondoman ŋa fankan nan siri a tangana.</para>
      </listitem>
    </orderedlist>
  </article>
  <article number="17">
    <title>Tonte 17</title>
    <orderedlist>
      <listitem>
	<para>Sere raawa naabure kitta, a ga ña kafon ŋa ma duran naabure.</para>
      </listitem>
      <listitem>
	<para>I ra nta sere naabure buusunu a yi xafu kanma.</para>
      </listitem>
    </orderedlist>
  </article>
  <article number="18">
    <title>Tonte 18</title>
    <para>Sere su raawa sinmene moxo be gan liŋo an dan ŋa, na ro diina. Ken taqe yan sigi, a ga raawa gilli ke diina katta baane tana. A raawa i diina bagandi sellan ŋa, a baane ma a do soro tanani, ma a kan noxo, a raawa a xaraŋundini, nan bati.</para>
  </article>
  <article number="19">
    <title>Tonte 19</title>
    <para>Sere su raawa xibaare walla moxo be gan liŋo a dan ŋa, na kun wariyu bagandi sellan ŋa. Ken wure ni ya sere su raawa wariyu kitta, na a muuru, ma na a sanqi noqu su, moxo su, i ga nta an tanpindini.</para>
  </article>
  <article number="20">
    <title>Tonte 20</title>
    <orderedlist>
      <listitem>
	<para>Sere su raawa soro kappa me man na fedde taaxundi.</para>
      </listitem>
      <listitem>
	<para>I ra nta sere su rondini fedde ya a ga nta a liŋun ŋa.</para>
      </listitem>
    </orderedlist>
  </article>
  <article number="21">
    <title>Tonte 21</title>
    <orderedlist>
      <listitem>
	<para>Sere su yinme raawa kappa jamaanen xibaarun ga ku beenu maxa, ma a faari taaxa be a ga a suga.</para>
      </listitem>
      <listitem>
	<para>Jamaanen saare renmun su nan baana taqu kuudo nan golli fankan da.</para>
      </listitem>
      <listitem>
	<para>Jamaanen soron ga ke be mulla ya ni fankan gondoman ŋ. I ga ke be mulla, I nan siri a bangandini ti sugandindi laabante.</para>
      </listitem>
    </orderedlist>
  </article>
  <article number="22">
    <title>Tonte 22</title>
    <para>Sere su ga kappa jamaanen soro, a nan siri daxa kitta. A gan siri foonu beenu kitta katta kuureye, kuudo fo nan maxa bono a saraaxun ŋa, ti jamaane ma jaman falle deemande kun kappa a taqun ya.</para>
  </article>
  <article number="23">
    <title>Tonte 23</title>
    <orderedlist>
      <listitem>
	<para>Na golle kita, na angollen suga, na a dabari xanne liŋe, na an tanga gollinbalaaxu kun su wa kappa sere su taqu.</para>
      </listitem>
      <listitem>
	<para>Soro ga na ñi golli baane dabarini, I nta fuŋoono me ya tugaadi.</para>
      </listitem>
      <listitem>
	<para>Sere su ga golliñaŋaana, a nan siri tugaadi kitta ya a do i koren ga katta bireene ti a yi sutura noxo.</para>
      </listitem>
      <listitem>
	<para>Sere su do soro tanani raawa kafiini na golliñan fedde sigindi, ma nan ro golliñan fedde kuudo na i taqun tanga.</para>
      </listitem>
    </orderedlist>
  </article>
  <article number="24">
    <title>Tonte 24</title>
    <para>Nan tuuma, na an feten bogu me wa kappa seren taqu, na xenpa kita golliñan do tuuma waxitinu a ga nta kaara su toorono.</para>
  </article>
  <article number="25">
    <title>Tonte 25</title>
    <orderedlist>
      <listitem>
	<para>Na feere kita kuudo an do an kore na bire moxo sire kita, yonki saha, yigande, feetu fatande, hire noqu, jaare noqu a do koroosindu beenu kan gan siri i kitta. Na a deema selli a ga nta gollini, kaagumen ga na-bono ma selli a ga ra ntaxa du birandi a sago ga fe.</para>
      </listitem>
      <listitem>
	<para>Saareye do lemiñaaxu nan siri koroosindi daritante kitta lemine su a ga saare kacce ma a ga ma saare kacce, i sun siri tangene moxo baane ya.</para>
      </listitem>
    </orderedlist>
  </article>
  <article number="26">
    <title>Tonte 26</title>
    <orderedlist>
      <listitem>
	<para>Sere su nan siri xaranŋa, xaranŋunde ke jonko nta a yi xarankonpo lenmu ki. Haadama renme su nan fatanta xarankonpo lenmu ku. .I nan gollen tuwaaxun xaranŋen ntalan wuñini katta haadaman ŋa. Sere su tuwaaxun ya na an rondini meyisi xooro ku.</para>
      </listitem>
      <listitem>
	<para>Xaranŋunde ke nan siri seraaxun ya wundunu na haadama renmen taqun do i doronden tuwindi. A nan siri me-faamunde, yanpanden menjanŋaaxun ya roono jamaanun naxa do saran xabiilanu, diinan kafonu. A nan siri Duna feddi xooren gollu katta jamu kuurandini.</para>
      </listitem>
      <listitem>
	<para>Saaraanon fina yan sugandini lemunun dan ŋa xaranŋen kille.</para>
      </listitem>
    </orderedlist>
  </article>
  <article number="27">
    <title>Tonte 27</title>
    <orderedlist>
      <listitem>
	<para>Sere su taawa kappa taaxen laadan xibaarun kuurande, nan taawe i bogu dinma su nan kafi i kuurandi munnafa.</para>
      </listitem>
      <listitem>
	<para>Sere su raawa i gollen munnafan tangana, a ga ña safande, laadan xibaare ma fo tana.</para>
      </listitem>
    </orderedlist>
  </article>
  <article number="28">
    <title>Tonte 28</title>
    <para>Sere su wa wulla jamu nan ña i jaman noxo do jaman falee kuudo taqun do du-kiteyu beenu ga koŋi ke dantanqirji kayiti noxo nan sabati.</para>
  </article>
  <article number="29">
    <title>Tonte 29</title>
    <orderedlist>
      <listitem>
	<para>Waajibinun wa seren da katta jaman ŋa, ken noxon ŋa, a du-kiteyen do a seraaxun kuureyen baane yan katta ñaana.</para>
      </listitem>
      <listitem>
	<para>Sariyan da xenpa ña kuudo sere su nan maxa dangi i taqun do i du-kiteyu.</para>
      </listitem>
      <listitem>
	<para>Ku taqu do ku du-kiteyu fa nta ñaana selli i do Dun Feddi xooren anniyun ga nta telle doome.</para>
      </listitem>
    </orderedlist>
  </article>
  <article number="30">
    <title>Tonte 30</title>
    <para>Ke dantaqiyi kayiti tonto ku ra nta ñaana jamaane, kafo ma sere su dan ŋa kille kuudo na seron taqun do I du-kiteyun bonondi.</para>
  </article>
  <note>
    <para>Duna feddi xooren duŋe na dantaqi i batu xoore. Taagumansen ga ni 217 (III), a ga wuti Desamburu 10, 1948 siine</para>
  </note>
</udhr>
