<?xml version="1.0" encoding="UTF-8"?>

<!--© The Office of the High Commisioner for Human Rights-->

<udhr lang="ccx" language="Zhuang, Northern" xmlns="http://www.unhchr.ch/udhr">
  <title>SEIQGYAIQ YINZGENZ SENHYENZ</title>
  <preamble>
    <title>VAH BAIHNAJ</title>
    <para>Aenvih roxnyinh vunz lajmbwn bonilaiz couh miz naj caeuq mboujbienq dih genzll, dwg seiqgyaiq cwyouz,cingqnyi caeuq hozbingz dih gihcui,</para>
    <para>Aenvih yawjsiuj vuhmez yinzgenz fazcanj baenz yejmanz bauhingz, gij bauhingz neix diemqvu liengzsaem gyofengqvunz,hoeng vunz lajmbwn muengh miz aen seiqgyaiq bouxboux mizyenzlwn cwyouz caeuq sainnyangj cwyouz, vunz mboui miz maz lau, mbouj miz bouxhoj,</para>
    <para>Aenvih bwh vunz lajmbwn mboujndaej mbouj vih baucing caeuq yazbwz hwnj daeuj cauxfanj, raeuz miz bizyau hawj yinzgenz ndaej fazci baujhu,</para>
    <para>Aenvih aeu cuzcin gakguek doxdiet youxndei dih gwanhhi,</para>
    <para>Aenvih daengx lenzhozgoz guekgya dih yinzminz gaenq youq ndaw lenzhozgoz hencangh cungzsinh gyoengqde doiq gak cungj genzli,bijgangj gihbwnj yinzgenz,yinzgwz cinhnyenz,gyaciz , caeuq nanznij bingzdaengj,gyoengqde lij gietsim sevei miz cwyouz youh cinbu,ngoenz ndei gvaq ngoenz,</para>
    <para>Aenvih gak veiyenzgoz gaenq siq nyuenh caeuq lenzhozgoz hozcoz, cuzcin yawjnaek, cinhhingz yinzgenz caeuq gijbwnj cwyouz,</para>
    <para>Aenvih bouxboux roxnyinh gij genzli caeuq cwyouz neix doiq cungj sizhen gij de gig cungqyauq,</para>
    <para>sojyij seizneix,</para>
    <para>Daihhoih,</para>
    <para>Fazbu Seiqgyaiq Senhyenz, dangguh sojyouj yinzminz caeuq sojyouj guekgya dwgrengz sizhen dih gungdungz byauhcinj, hawj gak bouxvunz caeuq gihgouq gingcangz naemj daengz Seiqgyaiq Senhyenz,dwgrengz dunggva sonnaeu caeuq gyauyuz havj vunzlai enggya yawjnaek genzli caeuq cwyouz, lij dunggvaq guekgya caeuq gozci guh dahraix, hamj gij genzli caeuq cwyouz youq yinzminz</para>
    <para>ndaw gak veiyenz guek caeuq gij guekgya neix dih yinzminz ndaej daengz bujbienq youjyau dih cingzyin caeuq cinhingz.</para>
  </preamble>
  <article number="1">
    <title>DIUZ DAIHIT</title>
    <para>Boux boux ma daengz lajmbwn couh miz cwyouz, cinhyenz caeuq genzli bouxboux Bingzdaengj. gyoengq vunz miz lijsing caeuq liengzsim, wngdang daih gyoengq de lumj beixnuengx ityiengh.</para>
  </article>
  <article number="2">
    <title>DIUZ DAIHNGEIH</title>
    <para>Boux boux miz cwhgwz yiengjsou Seiqgyaiq Senhyenz senhbu dih genzli caeuq cwyouz, mboujlwnh cungjcuz, fuhswz, singbez, yijyenz,cunghgyau,cingci roxnaeuz gengaij gijwnq,gozciz roxnaeuz sevei cuzsinh,caizcanj, cuzsaengh roxnaeuz gizdah sinhfwn.</para>
    <para>Lij mbouj ndeij aenvih boux vunz guekgya roxnaeuz lingjduj di cingqciq, hingz cingq roxnaeuz gozci mbouj ityiengh couh yawjsiuj de, hix mboujlwnh gaiq lingjduj neix duzliz lingjduj, dozguenj lingjdu, feih cwci lingjdu roxnaeuz cijgenz gij wnq.</para>
  </article>
  <article number="3">
    <title>DIUZ DAIHSAM</title>
    <para>Boux boux miz sengmingh, cwyouz caeuq yinzsinh nganhcienz.</para>
  </article>
  <article number="4">
    <title>DIUZ DAIHSEIQ</title>
    <para>Boux lawz hix mbouj ndeij deng bienqbaenz noz baenz hoiq, gakcungj nuzli cidu caeuq nuzli gaicawx, hix wngqdang gingcij.</para>
  </article>
  <article number="5">
    <title>DIUZ DAIHHAJ</title>
    <para>Boux lawz hix mbouj ndeij deng yoengh guzhingz, roxnaeuz yoengh canznyinj , mbouj yinzdau roxnaeuz ujyuz dih daiyi roxnaeuz hingzfaz.</para>
  </article>
  <article number="6">
    <title>DIUZ DAIHROEK</title>
    <para>Boux boux youq gizlawz cungj miz naj fazliz dih yinzgwz.</para>
  </article>
  <article number="7">
    <title>DIUZ DAIHCAET</title>
    <para>Youq naj fazliz vunzvunz bingzdaengj,lij miz genz yiengjsou fazliz dih bingzdaengj baujhu, mbouj deng gijmaz yawjsiuj. vunzvunz miz genz yiengjsou bingzdaengj baujhu, mienx deng veizfanj bwnj senhyenz dih yinhoz gizsi hingzveiz caeuq yaekyoux gij gizsi haenx sienghaih.</para>
  </article>
  <article number="8">
    <title>DRUZ DAIHBET</title>
    <para>Mbouj guenj boux lawz, danghnaeuz gij gihbwnj genzli henfaz roxnaeuz faliz hawj de haenx deng ciqhaih, miz genz youz hozgwz di guekgya fazdingz doi gij de guh miz yaugoj di bujgiuq.</para>
  </article>
  <article number="9">
    <title>DIUZ DAIGOUJ</title>
    <para>Boux lawz hix mbouj deng gaep,deng gyaeng roxnaeuz gyaepdiuz.</para>
  </article>
  <article number="10">
    <title>DIUZ DAIHCIB</title>
    <para>Vunz vunz miz vanzcienz bingzdaengj dih genzli, youz gij duzliz youh mbouj benjdanj dih fazdingz cinhingz gunghcing,gunghgaih dih sinjsin, daeuj dingh gij genzli duh de,lij buenqdingh doiq de dawzok dih hingzsw cijgung.</para>
  </article>
  <article number="11">
    <title>DIUZ DAIHCIBIT</title>
    <orderedlist>
      <listitem tag="(IT)">
	<para>gij boux deng hingzsw cigung,danh caengz gingqgvaq ndeij benhu sihyau dih itciet baujhu menh gunghgaih sinjban lex yihfaz cingqsiz miz cuiq, de couh miz genz deng yawj baenz mboujmizcuiq.</para>
      </listitem>
      <listitem tag="(NGEIH)">
	<para>Mbouj guenj bouxvunz he guh gijmaz roxnaeuz mbouj guh gijmaz, dangh ciuq guekgyafaz roxnaeuz gozcifaz cungj mbouj baenz cuiq, couh mbouj ndeij deng ding baenz miz hingzswcei. hingzfap mbouj ndeij naek gvaq seiz famhcuiq seizyung dih fazliz gveidingh.</para>
      </listitem>
    </orderedlist>
  </article>
  <article number="12">
    <title>DIUZ DAIHCIBNGEIH</title>
    <para>Mbouj guenj boux lawz, gij swhswnghhoz,gyadingz, ranz caeuq dunghsin de mbouj ndaej deng yinyi gansez, yungyi caeuq mingzyi de hix mboujndaej deng gunghgiz hingfap hix mboujndaej naek gvaq mwh famhcuiq sizyung dih fazliz geiding.</para>
  </article>
  <article number="13">
    <title>DIUZ DAIHCIBSAM</title>
    <orderedlist>
      <listitem tag="(IT)">
	<para>Youq ndaw gak guek,mbouj guenj boux lawz, de buenranz bae gyawz youq gyawz cung ndaej.</para>
      </listitem>
      <listitem tag="(NGEIH)">
	<para>Boux boux miz genz biek yinhoz guekgya, bauhgvaz guekgya de, hix miz gena caiq dauq ma guekgya de.</para>
      </listitem>
    </orderedlist>
  </article>
  <article number="14">
    <title>DIUZ DAIHCIBSEIQ</title>
    <orderedlist>
      <listitem tag="(IT)">
	<para>Boux boux miz genz youq guekgya wnq ragiuz caeuq yiengjsou baujhu, yienghneix couh mbouj ndaej deng bwzhai.</para>
      </listitem>
      <listitem tag="(NGEIH)">
	<para>Danghnaeuz cinhcingq aenvih feihcingci dih deihingz roxnaeuz veibei Lenzhozgoz cunghci caeuq yenzcwz dih hingvei deng gijsu, couh mboujndaej' yenzyung gij genzli neix.</para>
      </listitem>
    </orderedlist>
  </article>
  <article number="15">
    <title>DIUZ DAIHCIBHAJ</title>
    <orderedlist>
      <listitem tag="(IT)">
	<para>Boux boux miz gozciz.</para>
      </listitem>
      <listitem tag="(NGEIH)">
	<para>Mbouj ndaej bozdoz boux vunz dih gozciz, hix mbouj ndaej foujyin de gaijbienq gozciz dih genzli.</para>
      </listitem>
    </orderedlist>
  </article>
  <article number="16">
    <title>DIUZ DAIHCIBROEK</title>
    <orderedlist>
      <listitem tag="(IT)">
	<para>Mehmbwk bouxsai, mbouj siuh cungjcuz,gozciz roxnaeuz cunghgyau dih yinhoz henci, miz genz gietvun baenzran. Gyoengq de youq vunhyinh fuengmienh, dangh youq ndaw vunhyinh caeuq gaijcuz vunhyoz , miz bingzdaengj dih genzli.</para>
      </listitem>
      <listitem tag="(NGEIH)">
	<para>Mehmbwk bouxsai song boux cwyouz youh vanzcienz habeiq, cij ndaej gietvan.</para>
      </listitem>
      <listitem tag="(SAM)">
	<para>Gyahdingz dwg bonjlaiz gijbwnj dih sevei danhyenz, wngdang ndaej daengz sevei caeuq guekgya dih baujhu.</para>
      </listitem>
    </orderedlist>
  </article>
  <article number="17">
    <title>DIUZ DAIHCIBCAET</title>
    <orderedlist>
      <listitem tag="(IT)">
	<para>Boux boux aeuq miz danhduz dih caIzcanj sojyoujgenz caeuq caeuq bouxwnq habMiz dih sojyoujgenz.</para>
      </listitem>
      <listitem tag="(NGEIH)">
	<para>Gaej yinhi bozdoz caizcanj bouxvunz.</para>
      </listitem>
    </orderedlist>
  </article>
  <article number="18">
    <title>DIUZ DAIHCIBBET</title>
    <para>Boux boux miz swhsiengj, liengzsim caeuq cunghgyau dih genzli; gij genzli neix baugva de cwyouz gaijbienq cunghgyau roxnaeuz sinqnyangj , danhduz roxnaeuz cizdij,gunghgaih roxnaeuz mimiz yungh gyauyi,sizcenj,lijbai caeuq gailiz biujsi cunghgyau roxnaeuz sinqnyangj de.</para>
  </article>
  <article number="19">
    <title>DIUZ DAIHCIBGOUJ</title>
    <para>Boux boux miz genz gagmiz cujcangh caeuq fazbiuj yigen dih cwyouz; gij genzli neix baugvaz miz cujcangh youh mbouj deng ganhsez dih cwyouz, caeuq dunggvaq yinhoz meizgai caeuq gozgai ragiuz,ciepsiuh caeuq cienzdi siusik caeuq swhsiengj dih cwyouz.</para>
  </article>
  <article number="20">
    <title>DRUZ DAIHNGEIHCIB</title>
    <orderedlist>
      <listitem tag="(IT)">
	<para>Boux boux miz hozbingz cizvei caeuq gyezsc dih cwyouz.</para>
      </listitem>
      <listitem tag="(NGEIH)">
	<para>Boux lawz hix mbouj deng giengzbwz haeuj aen donzdih he.</para>
      </listitem>
    </orderedlist>
  </article>
  <article number="21">
    <title>DIUZ DAIHNGEII&#x2010;ICIBIT</title>
    <orderedlist>
      <listitem tag="(IT)">
	<para>Boux boux miz genzli cizcez roxnaeuz dunggva cwyouz senjcwz dih daibiuj canhyij cilij guekgya de.</para>
      </listitem>
      <listitem tag="(NGEIH)">
	<para>Boux boux miz bingzdaengj canhgyah bwnjgoz gunghhu dih genzli.</para>
      </listitem>
      <listitem tag="(SAM)">
	<para>yinzminz yici dwg cingqfuj genzliz dih gihcuj; gij yici neix wngdang youz dinggiz cinhcing dih senjgij daeuj biujyen, senjgij wngdang youz bujbienq youjyau dih douzbiugenz daeuj yungh mboujgeiqmingz douzbiu roxnaeuz maqhuz cwyouz dih douzbiu cingzsi cinhing.</para>
      </listitem>
    </orderedlist>
  </article>
  <article number="22">
    <title>DIUZ DAIHNGEIHCIBNGEIH</title>
    <para>Boux vunz youq laj biengh, miz genz yiengjsou sevei baujcang, lij miz genz. yiengjsou sizyen gij goyinz cinhyenz caeuq yinzgwz cwyouz fazcanj de bitdingh sihyau dih ginghci,sevei caeuq vwnva gak fuengmienh genzli, gij sizyen neix aeu dunggvaq guekgya dwgrengz caeuq gozci hozcoz , lij goq daengz gak guek dih cujciz caeuq cwhyenz cingzgvang.</para>
  </article>
  <article number="23">
    <title>DIUZ DAlliNGEIHCIBSAM</title>
    <orderedlist>
      <listitem tag="(IT)">
	<para>Boux boux miz genz gunghcoz, cwyouz senjcwz cicnez, yiengjsou gunghcing habeiq dih gunghcoz diuzgen, lij yiengjsou mbouj siznez dih baujcang.</para>
      </listitem>
      <listitem tag="(NGEIH)">
	<para>Boux boux miz genz dungzgunghdungzcouz, mbouj deng yawjnoix.</para>
      </listitem>
      <listitem tag="(SAM)">
	<para>Boux vunz gunghcoz, miz genz yiengjsou gunghcing habeiq dih bauqcouz, baujcing de caeuq ranz de miz fuzhoz bouxvunz cinhyenz siyau dih saenghho diuzgen, danghnaeuz miz bizyau couh yungh gij fanghfaz wnq dih sevei baujcang.</para>
      </listitem>
      <listitem tag="(SEIQ)">
	<para>Boux boux miz vihliux veizhu gij liyiz de cuciz caeuq canhgya gunghvei dih genzli.</para>
      </listitem>
    </orderedlist>
  </article>
  <article number="24">
    <title>DFUZ DAIHNGEIHCIBSEIQ</title>
    <para>Boux boux miz genz yietnaiq caeuq guhcaemz, baugvaz gunghcoz seizgan hableix henci caeuq dinggiz daiqngaenz yietnaiq dih genzli.</para>
  </article>
  <article number="25">
    <title>DITJZ DAIENGEIHCI13HAJ</title>
    <orderedlist>
      <listitem tag="(IT)">
	<para>Boux boux miz genz yiengjsou vih veizciz de caeuq ranz de dih gyengangh caeuq fuzli sihyau dih saenghhoz sijcinj, baugvaz gijgwn, gijdaenj, ranzyouq, yihliuz, caeuq bizyau dih sevei fuzhu, danghnaeuz siznez, baenzbingh, canzfei, baenzmaiq, gyelaux roxnaeuz gij cingzgvang wnq vunz mbouj miz naengliz guhgwn, de miz genz yiengjsou baujcang.</para>
      </listitem>
      <listitem tag="(NGEIH)">
	<para>Meh lwg miz genz yiengjsou daegbiet baujhu caeuq banghcu. lwgnyez mboujlwn lwgseng lwgndai, wngdang doengzyiengh ndaej sevei baujhu.</para>
      </listitem>
    </orderedlist>
  </article>
  <article number="26">
    <title>DIUZ DAIHNGEIHCIBROEK</title>
    <orderedlist>
      <listitem tag="(IT)">
	<para>Boux boux miz genz doegsaw, gyauyuz wngdang mbouj aeu cienz, gijmaj youq cuhgiz caeuq gihbwnj gaihdonq hix wngdang mienjfei. Cuhgiz gyauyuz wngdang nyihu. Gisuz caeuq ciznez gyauyuz aeu bujbienq anlaeb. Gauhdaengj gyauyuz aeu gwnhgi cingzciz hawj boux boux miz bingzdaengi gihvel.</para>
      </listitem>
      <listitem tag="(NGEIH)">
	<para>Gyauyuz dih muzdiz dwg cunghfwnh fazcanj gosin bouxvunz,lij enggya cinhcung yinzgenz caeuq gihbwnj cwyouz. Gyauyuz wngdang cuzcin gak guekgya, gak cungjcuz roxnaeuz cunghgyau cizdonz dox 1iujgaij, hoznyinj caeuq youxndel, lij wng cuzcin Lenzhozgoz veizhu hozbingz dih hozdung.</para>
      </listitem>
      <listitem tag="(SAM)">
	<para>Bohmeh doiq baenzlawz gyauyuz lwgnyez, miz genz youhseh sejcwz.</para>
      </listitem>
    </orderedlist>
  </article>
  <article number="27">
    <title>DIUZ DAIHNGEIHCIBCAET</title>
    <orderedlist>
      <listitem tag="(IT)">
	<para>Boux boux miz genz cwyouz canhgya sevei dih vwnva saenghhoz, yiengjsou yisuz, yiengjsou gohyoz cinbu caeuq gij de canjsaengh dih fuzli. .</para>
      </listitem>
      <listitem tag="(NGEIH)">
	<para>Boux boux doiq de cangcoz dih yinhoz gohyoz,vwnyoz roxnaeuz meijsuz coz binj canj saengh dih cinghsaenz caeuz vuzciz liyiz, de miz baujhu dih genzli.</para>
      </listitem>
    </orderedlist>
  </article>
  <article number="28">
    <title>DIUZ DAINGEIHCIBBET</title>
    <para>Boux boux miz genz yauhgiuz miz gij sevei caeuq gozci dih cisi, youq ndaw de Seiqgyaiq Senhyenz gangj daengz dih genzli caeuq cwyouz ndaej cunghfwnh cihen.</para>
  </article>
  <article number="29">
    <title>DIUZ DAEHNGEIHCEBGOUJ</title>
    <orderedlist>
      <listitem tag="(IT)">
	<para>Boux boux doiq sevei miz yivu, aevih youq ndaw sevei neix gosin de cij ndaej cwyouz cungfwnh dih fazcanj.</para>
      </listitem>
      <listitem tag="(NGEIH)">
	<para>Boux vunz hinzsij gij genzli caeuq cwyouz de, cij siuh fazliz dih henci, gozding gij henci neix dih muzdiz dwg baujcing cingyin caeuq cinhcung boux wnq dih genzli caeuq cwyouz, lij youq ndaw minzcuj dih sevei sizyhing daudwz,gunghgung cizsi caeuq bujbienq fuzli dih cingqdangq sihyau.</para>
      </listitem>
      <listitem tag="(SAM)">
	<para>Hingzsij gij genzli neix, mboujlwnh youq ndaw cingzgvang yienghlawz cungj mboujndaej veibei Lenzhozgoz dih cunghcij caeuq yenzcwz.</para>
      </listitem>
    </orderedlist>
  </article>
  <article number="30">
    <title>DIUZ DAIHSAMCIB</title>
    <para>Seiqgyaiq Senhyenz dwen daengz dih diuzvwnz, mboujndaej gaijsiz baenz hawj yinhoz guekgya,cizdonz roxnaeuz bouxvunz miz genzli guh gijmaz bovai Seiqgyaiq Senhyenz dwen daengz dih yinhoz genzli caeuq cwyouz.</para>
  </article>
  <note>
    <para>(Liuz Gencinh, Boux Chuengh)</para>
  </note>
</udhr>
