<?xml version="1.0" encoding="UTF-8"?>

<!--© The Office of the High Commissioner for Human Rights-->

<udhr lang="chr" language="Cherokee" xmlns="http://www.unhchr.ch/udhr">
   <title>[??]</title>
   <article number="1">
      <title>[??]</title>
      <para>ᏂᎦᏓ ᎠᏂᏴᏫ ᏂᎨᎫᏓᎸᎾ ᎠᎴ ᎤᏂᏠᏱ ᎤᎾᏕᎿ ᏚᏳᎧᏛ ᎨᏒᎢ. ᎨᏥᏁᎳ ᎤᎾᏓᏅᏖᏗ ᎠᎴ ᎤᏃᏟᏍᏗ ᎠᎴ ᏌᏊ ᎨᎡ ᏧᏂᎸᏫᏍᏓᏁᏗ ᎠᎾᏟᏅᏢ ᎠᏓᏅᏙ ᎬᏗ.</para>
   </article>
</udhr>