<?xml version="1.0" encoding="UTF-8"?>

<!--© The Office of the High Commisioner for Human Rights-->

<udhr lang="vep" language="Veps" xmlns="http://www.unhchr.ch/udhr">
   <title>Mehen oiktuziden ühthine deklaracii</title>
   <preamble>
      <title>Preambul</title>
      <para>Ottes homaitusehe, miše mez’kundan kaikiden ühtnikoiden arvokahuden i ühthižiden oiktuziden tundustamine oma valdan, oiktuden, mirun alandusen; i</para>
      <para>ottes homaitusehe, miše hondostamine i kacmatomuz’ mehen oiktuzihe tob varvaroiden tegoid, kudambad käregoitas mez’kundan mel’tundod, i mehiden suren tahton i takaindan om mugoman mirun tegend, kudambas mehil linneb sanavald, kacmusiden vald, ei linne varaidust i mairišt; i</para>
      <para>ottes homaitusehe, miše tarbiž mehiden oiktuded kaita zakonan valdal, sen täht, miše mehele ei pidaiži lopuks libuda tiranijan i ahthištusen vasthapäi; i</para>
      <para>ottes homaitusehe, miše tarbiž abutada sebrmeližiden kosketusiden kehitoitusele rahvahiden keskes; i</para>
      <para>ottes homaitusehe, miše Ühthižrahvahiže mülüjad rahvahad vahvištoitiba käskkirjas ičeze uskondan mehiden päoiktuzihe, mehen personan arvokahudehe i mužikoiden da naižiden tazooiktudehe i pätiba abutada socialižele progressale i elon oloiden paremboitusele oldes surembas valdas; i</para>
      <para>ottes homaitusehe, miše valdkundad-ühtnikad toivotiba abutada ühtes Ühthižrahvazkundanke ühthižes arvostandas i mehen oiktuziden i pävaldoiden kaičendas, tegendas; i</para>
      <para>ottes homaitusehe, miše neniden oiktuziden ühthine el’genduz om lujas tärged niid täudes pidämižes,</para>
      <para>Sur’ Assamblei,</para>
      <para>ezitab necen mehen oiktuziden ühthižen deklaracijan kut tegend, kaikile rahvahile i valdkundoile, miše kaikutte mez’ i kaikutte ühthižkundan azjmehišt, kaiken pidädes meles necen deklaracijan, abutaižiba tedotelendal i opendusel arvostada nenid oiktuzid i valdoid i tegižiba rahvahaližil i keskrahvahaližil progressivižil tegoil ühthišt i effektivišt arvostust i pidäižiba kut Ühthižrahvazkundan valdoiden-ühtnikoiden, muga i toižiden tahoiden rahvahiden keskes, kudambad oma niiden jurisdikcijan al.</para>
   </preamble>
   <article number="1">
      <title>1. kirjutez</title>
      <para>Kaik mehed sünduba joudajin i kohtaižin, ühtejiččin ičeze arvokahudes i oiktusiš. Heile om anttud mel’ i huiktusentund i heile tariž kožuda toine toiženke kut vel’l’kundad.</para>
   </article>
   <article number="2">
      <title>2. kirjutez</title>
      <para>Tariž, miše jogahižel mehel oližiba kaik oiktuded i valdad, miččed oma nimitadud neciš deklaracijas, kacmata sihe mitte om mehen rass, hibjan muju, pol’, kel’, uskond, miččed oma politižed vai toižed kacmused, mitte om rahvahuz’ vai socialine sündund, mitte om elomišton, soslovijan vai toižed olod.</para>
      <para>Paiči sidä, ei sa tehta nimittušt erod man vai sijan politižen, oiktuden vai rahvazkeskeižen statusan pohjal, kuna mez’ mülüb, ripmata sišpäi om-ik nece sija ripmatoi, pidetas-ik hol’t siš, ei ičenaine vai se kut-se toižin om vähetud ičenaižudes.</para>
   </article>
   <article number="3">
      <title>3. kirjutez</title>
      <para>Jogahižel mehel om oiktuz’ eloho, valdaha i personaližehe koskmatomudehe.</para>
   </article>
   <article number="4">
      <title>4. kirjutez</title>
      <para>Nikeda ei sa pidäda orjan vai valdmatomas olos, orjanpidänd i orjanmönd om kel’tüd kaikiš formiš.</para>
   </article>
   <article number="5">
      <title>5. kirjutez</title>
      <para>Nikeda ei sa kovasüdaimelišesti mokita, kovin ustavzoitta, tehta mugomid tegoid, kudambad alenzoitaižiba hänen arvokahuden.</para>
   </article>
   <article number="6">
      <title>6. kirjutez</title>
      <para>Jogahižel mehel om kaikjal oiktuz’ sihe, miše händast pidäižihe personan arvostuses.</para>
   </article>
   <article number="7">
      <title>7. kirjutez</title>
      <para>Kaik mehed oma ühtenarvoižed zakonan edes i heil om oiktuz’ eroita zakonan kaičendaha. Kaikil mehil om oiktuz’ ühtejiččehe kaičendaha miččen taht diskriminacijaspäi, kudamb keskustab necile Deklaracijale, miččen taht rehkandaspäi diskriminacijaha.</para>
   </article>
   <article number="8">
      <title>8. kirjutez</title>
      <para>Jogahižel mehel om oiktuz’ effektivižehe hüvästamižehe händast oiktuziš kompetentižiden rahvahaližiden sudiden pätusel siloi, konz hänen konstitucijal vai zakonal anttud päoiktuded om keskustadud.</para>
   </article>
   <article number="9">
      <title>9. kirjutez</title>
      <para>Nikeda ei sa melenvaldal türmata, pidätada vai küksta, ajada manpagoho.</para>
   </article>
   <article number="10">
      <title>10. kirjutez</title>
      <para>Jogahižel mehel, miše märita ičeze oiktuzid i velguzid i sada todištust ezitadud hänele kriminaližes värituses, om oiktuz’ hänen azjan tarkištelendaha täuden ühtenarvokahuden pohjal ripmatomal objektivižel sudal avoin, pidädes oiktuden küzuid.</para>
   </article>
   <article number="11">
      <title>11. kirjutez</title>
      <orderedlist>
         <listitem>
            <para>Pahas tegos väritud mehel om oiktuz’ lugetas värutomaks sihesai, kuni hänen vär ei linne tedištadud zakonan jäl’gendusel avoin sudan tarkištelusel, konz hänel oma kaik voimused kaičendan täht.</para>
         </listitem>
         <listitem>
            <para>Nikeda ei sa sudida pahas tegos, tehtud vai tehmatomudes, kudamb ei olend pahan tegon rahvahaližiden zakonoiden mödhe vai rahvazkeskeižen oiktuden mödhe. Mugažo ei voi olda ustavzoitand kovemb, mi se, kudamb voiži olda sen aigan, konz oli tehtud paha tego.</para>
         </listitem>
      </orderedlist>
   </article>
   <article number="12">
      <title>12. kirjutez</title>
      <para>Ei sa melenvaldal ličtas nikenen personaližehe eloho i kanzan eloho, hänen kodi, počtoigendused i hänen arvostuz oma koskmatomad. Jogahižel om oiktuz’ zakonan kaičendaha mugoižes ličendaspäi i kosketandaspäi.</para>
   </article>
   <article number="13">
      <title>13. kirjutez</title>
      <orderedlist>
         <listitem>
            <para>Jogahižel mehel om oiktuz’ sirdeltas joudajas i valita ičeleze eländsija kaikuččen valdkundan südäimes.</para>
         </listitem>
         <listitem>
            <para>Jogahižel om oiktuz’ lähtta maspäi, mugažo ičeze maspäi, i pörttas ičeze maha.</para>
         </listitem>
      </orderedlist>
   </article>
   <article number="14">
      <title>14. kirjutez</title>
      <orderedlist>
         <listitem>
            <para>Jogahižel mehel om oiktuz’ ectä kaičuzsija mokičijoišpäi toižiš maiš i olda sigä.</para>
         </listitem>
         <listitem>
            <para>Necil oiktudel ei voi olda väged, konz küzünd om todeks ei politižes pahas tegos vai Ühthižrahvazkundan pätegendoid i principoid vastkaroičijas tegos.</para>
         </listitem>
      </orderedlist>
   </article>
   <article number="15">
      <title>15. kirjutez</title>
      <orderedlist>
         <listitem>
            <para>Jogahižel mehel om oiktuz’ rahvahudehe, olda valdkundan rahvahanikan.</para>
         </listitem>
         <listitem>
            <para>Nikenel ei sa melenvaldal anastada rahvahut vai oiktut vajehtada rahvahut.</para>
         </listitem>
      </orderedlist>
   </article>
   <article number="16">
      <title>16. kirjutez</title>
      <orderedlist>
         <listitem>
            <para>Täuz’igäižil mužikoil i naižil om oiktuz’ naida, mända mehele i tehta kanz kacmata rassan, rahvahuden vai uskondan eroihe. Heil oma ühtejiččed oiktuded naindaha i mehele mänendaha, olendaha i erigandusen jäl’ghe.</para>
         </listitem>
         <listitem>
            <para>Naida i mända mehele voib vaiše molembiden poliden täudenke i joudajanke tahtonke.</para>
         </listitem>
         <listitem>
            <para>Kanz om ühthižkundan londuseline augonpanii jouk i sil om oiktuz’ ühthižkundan i valdkundan kaičendaha.</para>
         </listitem>
      </orderedlist>
   </article>
   <article number="17">
      <title>17. kirjutez</title>
      <orderedlist>
         <listitem>
            <para>Jogahižel mehel om oiktuz’ pidäda elomišton üks’näze vai toižidenke.</para>
         </listitem>
         <listitem>
            <para>Nikenel ei sa melenvaldal anastada hänen elomištod.</para>
         </listitem>
      </orderedlist>
   </article>
   <article number="18">
      <title>18. kirjutez</title>
      <para>Jogahižel mehel om meletusen, mel’tundon i uskondan vald, neche oiktudehe mülüb vald uskondan vai kacmusiden vajehtamižehe, mugažo vald uskondan vai kacmusiden pidämaha üks’näze i mugažo ühtes toižidenke, kaikiden nähtes vai üks’näze opendamal, uskondradol, uskondan i ritualižiš tegoiš.</para>
   </article>
   <article number="19">
      <title>19. kirjutez</title>
      <para>Jogahižel mehel om oiktuz’ kacmusiden valdha i niiden ezitamižehe, neche mülüb oiktuz’ telustamata pidäda ičeze mel’pidod, mugažo oiktuz’ ripumata valdkundan röunoišpäi ectä, sada i levitada tedoid i meletusid kaikiden maneroiden abul.</para>
   </article>
   <article number="20">
      <title>20. kirjutez</title>
      <orderedlist>
         <listitem>
            <para>Jogahižel om oiktuz’ kožmuseližiden suimiden i ühtenzoitusiden kogomuzvaldaha.</para>
         </listitem>
         <listitem>
            <para>Nikeda ei sa käskta ühtneda miččehe-ni ühtenzoitusehe.</para>
         </listitem>
      </orderedlist>
   </article>
   <article number="21">
      <title>21. kirjutez</title>
      <orderedlist>
         <listitem>
            <para>Jogahižel mehel om oiktuz’ ühtneda ičeze man ohjandamižehe kohtha vai valitud ezitajiden kal’t.</para>
         </listitem>
         <listitem>
            <para>Jogahižel om oiktuz’ päzuda ičeze man valdkundaližele radole.</para>
         </listitem>
         <listitem>
            <para>Rahvahan taht om valdkundmehišton alandusen; nece taht tarbiž ezitada aigkeskustoin tehtud oiktoiš, ei värenzoitusiš valičusiš, kudambiš kaikil om ühthine i ühtejitte änenoiktuz’ peitänestamižen abul vai toižiden änestamižvaldan pidijoiden maneroiden abul.</para>
         </listitem>
      </orderedlist>
   </article>
   <article number="22">
      <title>22. kirjutez</title>
      <para>Jogahižel mehel, kut ühthižkundan ühtnikal, om oiktuz’ socialižehe holištoho, mugažo oiktuz’ rahvahaližen tegoiden i keskrahvahaližen ühthižradon kal’t, ottes homaitusehe kaikuččen valdkundan järgenduz i varad, antta hänen mez’arvokahudele i personan joudajale kehitoitusele tarbhaižid ekonomižid, socialižid i kul’turižid oiktuzid.</para>
   </article>
   <article number="23">
      <title>23. kirjutez</title>
      <orderedlist>
         <listitem>
            <para>Jogahižel om oiktuz’ radoho, radsijan joudajaha valičusehe, oiktoihe melevuzihe radon oloihe, mugažo kaičendaha radotomudespäi.</para>
         </listitem>
         <listitem>
            <para>Jogahižel mehel om oiktuz’ miččeta-ni alenzoituseta sada ühtejiččen paukan ühtejiččes rados.</para>
         </listitem>
         <listitem>
            <para>Jogahižel radajal mehel om oiktuz’ oiktaha i täudubaha paukaha, kudamb andab hänele i hänen kanzale mehen arvoižen olendan i kudamban, ku tarbiž, täutaba toižed socialižen holišton manerad.</para>
         </listitem>
         <listitem>
            <para>Jogahižel mehel om oiktuz’ tehta eloradoližid ühtištusid i mülüda niihe ičeze azjoid polestamha.</para>
         </listitem>
      </orderedlist>
   </article>
   <article number="24">
      <title>24. kirjutez</title>
      <para>Jogahižel mehel om oiktuz’ lebuhu i joudajaha aigaha, radpäivän melevaha röunatusehe i makstud märaigaližehe lebupästusehe.</para>
   </article>
   <article number="25">
      <title>25. kirjutez</title>
      <orderedlist>
         <listitem>
            <para>Jogahižel mehel om oiktuz’ elon korktusehe, kudambaha mülüb sönd, sobad, kodi, tervhuz’holitand i pidab socialine holituz, mitte tariž hänen i hänen kanzan tervhuden i hüvinvoindan täht. Jogahižel om oiktuz’ holištoho mugomas azjas kut radotomuz’, läžund, invalidan olend, lesken olend, vanhuden tulend vai toižiš hänen tahtospäi ripumatomiš radvoindan, elovaroiden kadotusen azjoiš.</para>
         </listitem>
         <listitem>
            <para>Mamoil i lapsil om oiktuz’ erasehe holištoho i abuhu. Kaikil lapsil, oma-ik hö sündnuded naidud kanzas vai ei, oma ühtejiččed socialižed holituzoiktuded.</para>
         </listitem>
      </orderedlist>
   </article>
   <article number="26">
      <title>26. kirjutez</title>
      <orderedlist>
         <listitem>
            <para>Jogahižel mehel om oiktuz’ sada opendust. Opendusele, kaikense augotižopendusele i keskopendusele tarbiž olda maksutoman. Augotižopendusele tarbiž olda tarbhaižen. Tehnižele i tedomahtoižele opendusele tarbiž olda kaikile kožujan, üläopendusele tarbiž olda ühtejiččin avoin kaikile heiden mahtoiden mödhe.</para>
         </listitem>
         <listitem>
            <para>Opendusele tarbiž olda oigetud mehen personaližuden kehitoitamižehe, mugažo mehen oiktuziden i pävaldoiden arvostandan vahvištamižehe. Opendusele tarbiž abutada kesknäižele el’gendusele, tirpandamižele i sebrastusele kaikiden rahvahiden, rass- i uskondgruppiden keskes, mugažo abutada Ühthižrahvazkundan kožmusen pidändan tegoiš.</para>
         </listitem>
         <listitem>
            <para>Vanhembil om ezmäisijaine oiktuz’ valita ičeze lapsile opendusen ladud.</para>
         </listitem>
      </orderedlist>
   </article>
   <article number="27">
      <title>27. kirjutez</title>
      <orderedlist>
         <listitem>
            <para>Jogahižel mehel om oiktuz’ joudajas ühtneda ühthižkundan kul’turižehe eloho, sada ihastust taidehes, mugažo ühtneda tedoprogressaha i kävutada sen satusid.</para>
         </listitem>
         <listitem>
            <para>Jogahižel mehel om oiktuz’ hänen moraližiden azjoiden i materialižiden satusiden kaičendaha, kudambad oma hänen tedo-, literatur- vai taidehtöiden satusen i hän om niiden tegii.</para>
         </listitem>
      </orderedlist>
   </article>
   <article number="28">
      <title>28. kirjutez</title>
      <para>Jogahižel mehel om oiktuz’ mugoižehe socialižehe i rahvazkeskeižehe järgendusehe, konz neciš deklaracijas ezitadud oiktuded i valdad voiba täudes todenzoittas.</para>
   </article>
   <article number="29">
      <title>29. kirjutez</title>
      <orderedlist>
         <listitem>
            <para>Jogahižel mehel om velguzid ühthižkundan edes, vaiše siš voib olda hänen personan joudai i täuz’ kehitoituz.</para>
         </listitem>
         <listitem>
            <para>Kävutades ičeze oiktuzid i valdoid jogahižel mehel voiba olda vaiše mugomad röunatused, kudambad oma vahvištadud zakonan mödhe, miše tundustada i arvostada toižiden oiktuded i valdad, mugažo moralin, kundaližen järgendusen i üleižen hüvinvoindan demokratižes ühthižkundas.</para>
         </listitem>
         <listitem>
            <para>Nenid oiktuzid i valdoid nikonz ei sa kävutada Ühthižrahvazkundan pätegendoiden i principoiden vastkaroites.</para>
         </listitem>
      </orderedlist>
   </article>
   <article number="30">
      <title>30. kirjutez</title>
      <para>Nimidä neciš deklaracijas ei sa el’geta muga, miše mitte-ni valdkund, mehiden grupp vai üks’ mez’ voib oiktuziden pohjal tehta mugomid tegoid, kudambad om oigetud heitmaha ezitadud neciš deklaracijas oiktuzid i valdoid.</para>
   </article>
</udhr>