<?xml version="1.0" encoding="UTF-8"?>

<!--© The Office of the High Commisioner for Human Rights-->

<udhr lang="fuc" language="Pulaar" xmlns="http://www.unhchr.ch/udhr">
  <title>NANONDIRAL WINNDEREYANKEEWAL HAKKEEJE AADE</title>
  <preamble>
    <title>NAATIRKA</title>
    <para>E tuugnaadeko wonde keftingal horma kala neɗɗo e nder ɓesngu aadee e hakkeeji potɗi woni dnaɗɗuudi ndimaague potal e jam e nder aduna,</para>
    <para>E tuugnaade wonde ko baasgol heftinde kam e calogol tottude hakkeeji aade ngaddi barondiral e salaare sanndolin nde e nder aduna e kadihuccande adunam mo aade heɓi yamiroore haalde e miijiaa de no henanorii ɗum yontii ete kadi yimɓe poti jeyde koye mumen ceerta e kulol e baasal sabu aadee yiɗde ɗ um,</para>
    <para>E tuugnaade wonde ina teeŋti yo hakkeeji aadee ndeenire yamiroore laawɗinaande mbele aadee waasaa tonngeede e gullitaagol dowrowol so tawii fawaama kalfaandi kiisndi walla waawnere ɓ urtunde,</para>
    <para>E tuugnaade ina teeŋti nde ɓamtatoo ɓiyngu yummaagu hakkunde leyɗeele dimɗ uɗe,</para>
    <para>E tuugnaade e nanondiral leyɗeele caaktangal woondoore leyɗeele jowitiiɗe e hakkeeji gadani aadee bayɗi no ndimaagu, teddungal e nder potal rewɓe e worɓe. Leyɗeele ɗee koddirii e daranaade ɓamtaare renndo e ñiɓgol fannuji nguurndam moƴƴam,</para>
    <para>E tuugnaade e wonde leyɗeele dentuɗe jeytiiɗe ɗee, e ballondiral e fedde leyɗeele dentuɗe jeyɗe koye mumen pellitii ñiiɓnude horma hakkeeji aade kam e ndimaagu,</para>
    <para>E tuugnaade e ɓulngo renndaande ngam tafde hakkeeji aadee kam e ndimaagu, leyɗeele ɗee teeŋtinii nafoore ɓurtunde wonde e pellitgol, ko ndeen batu nguu nanondiri, holliti:</para>
    <para>Ngal-ɗoo nanondiral winndere yan keewal jowitiingal e hakkeeji aadee wayi ko no laawol gootol ñii ngam yettaade leyɗeete mbele yimɓe ɓee e renndooji ɗii mbaɗa ɗum e hakkillaaji mum e kala sahaa kadi et e jannginde e nehde mbele ɓamtoo horma hakkeelleji aadee e ndimaagukuule ƴettaama mbele saree e nder leyɗeele, ciynugol ngol ina foti feeñde, teskee e yimɓ e fof.</para>
  </preamble>
  <article number="1">
    <title>Kuulal gadanal</title>
    <para>Innama aadeeji fof poti, ndimɗidi e jibinannde to bannge hakkeeji. Eɓe ngoodi miijo e hakkilantaagal ete eɓe poti huufo ndirde e nder ɓ iynguyummaagu.</para>
  </article>
  <article number="2">
    <title>Kuulal 2</title>
    <para>Gooto kala ina waawi hokkunde hoore mum hakkeeji e ndima guuji kaalaaɗi e nanondiralngal tawa alaa paltagol nguru, mbaydi, leñol, ɗemngal, diine, iwdi leydi walla renndo, dañal, jibinande walla kala ngonka.</para>
    <para>E ko fawtii heen hay paltoor gooto woodataa e dow yowitaade e dawrugol, ñaawoore hakkunde leyɗeele fawaade e neɗɗo ummiiɗo leydi walla neɗɗo mo yowitaaki maa woni pawiɗo yamiroore laawɗinaande waawnde wonde fof.</para>
  </article>
  <article number="3">
    <title>Kuulal 3</title>
    <para>Innama aadee kala ina jogii hakke wuurde, e hakke ndimmagu kam e hakke ndeenka e kisal hoore mum.</para>
  </article>
  <article number="4">
    <title>Kuulal 4</title>
    <para>Hay neɗɗo gooto fotaani tonngaade e maccungaa gu maccungaagu e njeeygu aadee ko ko harminaa e no waawi si foraade fof.</para>
  </article>
  <article number="5">
    <title>Kuulal 5</title>
    <para>Hay neɗɗo gooto fotaani leepteede walla fiyeede piyle jaltuɗe neɗɗaagu walla koynooje.</para>
  </article>
  <article number="6">
    <title>Kuulal 6</title>
    <para>Neɗɗo kala ina jogii hakke annditireede neɗɗaagu mum e kaayitaaji ñaawaaɗi.</para>
  </article>
  <article number="7">
    <title>Kuulal 7</title>
    <para>Yimɓe fof poti e laamu ete poti fotde ndeendka e yeeso laamu. Yimɓe fof ina poti fotndeende e reeneede e heedi heedi baawɗo yaɓɓude kule ngal nanondiral yimɓe fofina poti reeneede e tooñannge tawa alaa paltoor.</para>
  </article>
  <article number="8">
    <title>Kuulal 8</title>
    <para>Neɗɗo kala ina jogii hakke wullitaade ñaawoore e leydi mum so tawii o gañaama, o tooñaama walla so hakkeeji makko njoolaama. ɗiin hakkeeji ina ngannde e laamu e ñaawooje.</para>
  </article>
  <article number="9">
    <title>Kuulal 9</title>
    <para>Hay gooto fotaani nanngeede sokee walla yaltinee leydi tawa ko e dow mbaawka e belaaɗe.</para>
  </article>
  <article number="10">
    <title>Kuulal 10</title>
    <para>Neɗɗo ina jogii hakke e heɗeede e nder potal e sahaa ñaawoore nde yowitaaki, nde waɗataa heedi-heeda (jinngataa). ñaawooɓe ɓenguurotaako poti ñaawde hakkeji fotdeeji neɗɗo fof ko takkaa haa heɓ ni ɗum ñaawore.</para>
  </article>
  <article number="11">
    <title>Kuulal 11</title>
    <orderedlist>
      <listitem>
	<para>Kala neɗɗo tuumaaɗo bonannde ina foti reweede haa ko fawaa e mum ko annde ina woodi walla alaa tawa ko ñaawoore laaɗinnaande nde suuɗaaka ñaawi e tawtingol ñaawoɓe luundiiɓe heedɓe bannge ñaaweteeɗo oo.</para>
      </listitem>
      <listitem>
	<para>Hay gooto fawetaake bonnannde walla war ngo tawa nde waɗatee ndee waawa wonde ko teeŋti e mum e yowitaade e laawol leydi walla laawol hakkunde leyɗeele. Ko noon ne hay gooto fawetaake sariya baɗɗo huunde tawa nde waɗetee ndee o jotondiraani heen.</para>
      </listitem>
    </orderedlist>
  </article>
  <article number="12">
    <title>Kuulal 12</title>
    <para>Hay gooto yaɓɓetaake, tooñee e nder nguurndam mum, e nder ɓesngu mum e nder jotondiral mum walla neɗɗaagu mum lesɗinee, naange hay gooto e dowlugol mum potaani ñifeede. Neɗɗo kala ina jogii hakke reenaneede ɗee geɗe teeŋtinooji ndimaagumum.</para>
  </article>
  <article number="13">
    <title>Kuulal 13</title>
    <orderedlist>
      <listitem>
	<para>Neɗɗo ina jogii hakke yahde ɗo welaa fof e no weliraa fof kam suɓaade hoɗannde mum e nder leydi.</para>
      </listitem>
      <listitem>
	<para>Neɗɗo ina jogii hakke yaltude leydi kala hay so tawii ko ndi makko kam e artude e leydi mum.</para>
      </listitem>
    </orderedlist>
  </article>
  <article number="14">
    <title>Kuulal 14</title>
    <orderedlist>
      <listitem>
	<para>E sahaa kulol, neɗɗo kala ina jogii hakke ƴeewde moolaare e dañde leydi moolndi ɗum e goɗɗe ɗee.</para>
      </listitem>
      <listitem>
	<para>Oo hakke noon waawaa fawaade e warde hoore doga ƴeewa moolɗo ɗum, o waawi fawaade tan ko e jamirooje fedde leyɗeele dentuɗe.</para>
      </listitem>
    </orderedlist>
  </article>
  <article number="15">
    <title>Kuulal 15</title>
    <orderedlist>
      <listitem>
	<para>Neɗɗo kala ina jogii hakke jeyeede e leydi, woni jogaade ngenndi.</para>
      </listitem>
      <listitem>
	<para>Hay gooto waawaa e dow belaaɗe haɗeede jogaade ngenndi walla waylude ngenn di.</para>
      </listitem>
    </orderedlist>
  </article>
  <article number="16">
    <title>Kuulal 16</title>
    <orderedlist>
      <listitem>
	<para>Caggal nde neɗɗo dañii duuɓi kelliƭuya so ko o debbo, so ko o gorko faltaa ki leñol, nguru, leydi ono jogi hakke resde maa reseede, o darna fooyre. Ko kamɓe poti heen hakkeeji jowitiiɗi e dewgal so ina humee walla so ina ittee (goorko e dewbo).</para>
      </listitem>
      <listitem>
	<para>Dewgal fawii ko e yiɗde resondireeɓo ɗiɗo ɓee wonaa ina fawee e waawnere.</para>
      </listitem>
      <listitem>
	<para>ɓesngo ko kam woni tergal gadanal e nder rendo ɓesngu inajogii hakke ndeenka immoraade e renndo kam e laamu leydi ndii.</para>
      </listitem>
    </orderedlist>
  </article>
  <article number="17">
    <title>Kuulal 17</title>
    <orderedlist>
      <listitem>
	<para>Kala neɗɗo walla dental yimɓ e ina jogii hakke e jeyal leydi.</para>
      </listitem>
      <listitem>
	<para>Hay gooto fotaani e amdu e waawde haɗeede jeyi mum.</para>
      </listitem>
    </orderedlist>
  </article>
  <article number="18">
    <title>Kuulal 18</title>
    <para>Kala neɗɗo ina jogii hakke ndimaagu miijo, hakkilantaagal kam e diine. Oon hakke ina roondii ndimaagu waylude diine kam e ndimaagu tabitinde diine mum walla yi yannde mum kañum gooto walla e wondude e woɗɓe. Ngaal tabitinal diine noon ina nona ko ɗuuɗii e ko feeñi fof tawa ko rewneede e dow jaŋde, walla dewal walla jamirooje diina oo.</para>
  </article>
  <article number="19">
    <title>Kuulal 19</title>
    <para>Neɗɗo ina jogii hakke e ndimaagu jogaade miijo e saaktude miijo mum ɗum firti ko joom mum fotaami hulde feeñninde miijo mum walla wiɗtude, heɓde kam e sarde miijooji e kabavuuji tawa woƴaaki keeri hakkunde leyɗeele e no sardaa fof.</para>
  </article>
  <article number="20">
    <title>Kuulal 20</title>
    <orderedlist>
      <listitem>
	<para>Neɗɗo kala ina jogii hakke e ndimaagu waɗde batu walla fedde nde wonaa fitina.</para>
      </listitem>
      <listitem>
	<para>Hay gooto fotaani waawneede jeyeede e fedde alay sago.</para>
      </listitem>
    </orderedlist>
  </article>
  <article number="21">
    <title>Kuulal 21</title>
    <orderedlist>
      <listitem>
	<para>Neɗɗo kala ina jogii hakke e jeyeede e terɗe gardiiɗe leydi mum. Tawa ko kañum e hoore mum walla tawa ko waabaade e ɓe yimɓe e cuɓii ina njooɗ añii leydi sabu joñeede geɗe mum.</para>
      </listitem>
      <listitem>
	<para>Neɗɗo kala ina jogii hakke ardineede walla joñeede geɗe/golle leydi e dow potal.</para>
      </listitem>
      <listitem>
	<para>Muuyaande leydi ndii ko ñiɓgol kalfaandi laamuuji ɗii. Ndiin kalfaandi ñiɓortoo tan sosde wooteeji cuɓoo suɓngo laaɓngo e leydi kala, tawa cuɓotoo ɗo kala ina tottee ndimaagu mum timmungu.</para>
      </listitem>
    </orderedlist>
  </article>
  <article number="22">
    <title>Kuulal 22</title>
    <para>Neɗɗo kala e nder renndo ina jogii hakke e ndeen ka renndoyankeewo. ɗumko weltaare hakkeeji fagguduyankoj e renndoyan heeji e pina yankooji katojinaa ɗi e ndimaagu e ɓamtaare aade e dow tuugnaade e ngonka leydi fof.</para>
  </article>
  <article number="23">
    <title>Kuulal 23</title>
    <orderedlist>
      <listitem>
	<para>Neɗɗo kala ina jogii hakke liggaade e dow potal hujjiaaji liggeey e ndeenka baasgol gollaade.</para>
      </listitem>
      <listitem>
	<para>Yimɓe fof poti fotde njoɓdi so tawii ɓe potii liggeey.</para>
      </listitem>
      <listitem>
	<para>Kala liggiɗo ina jogii hakke njoɓ di fotndi heen, njondi mbaawndi jogaade mo kaŋko e ɓesngu makko mbele njogoo ngonka moƴƴa tedduka. Njoɓdi ina haani timminireede catiiɗe renndoyankooje.</para>
      </listitem>
      <listitem>
	<para>Neɗɗo kala liggotooɗo ina jogii laawol tafde fedde wullitaare hakkeji liggeey walla yantondirde fedde liggotooɓe mum e pedle goɗɗe liggotooɓe so tawi eɗe ndenndi ngoƴ aaji e anniya.</para>
      </listitem>
    </orderedlist>
  </article>
  <article number="24">
    <title>Kuulal 24</title>
    <para>Neɗɗo kala ina jogi hakke e fooftere walla weltinde ɓernde num walla wooda ɗo haa'ɗni liggeey mum ete kala liggotooɗo ina jogii hakke e fooftere yoɓ eteende.</para>
  </article>
  <article number="25">
    <title>Kuulal 25</title>
    <orderedlist>
      <listitem>
	<para>Neɗɗ kala ino foti jogaade hakke nguurndam cemorɗam haa waawaa toppitaade cellal mum, ngonka mum eka ɓesngu mum haa teeŋti e nguura, koɗlci, safaara e geɗe renndo; omo jogii hakke e ndeenka so tawii o liggaaki, walla o sellaani ma walla o jodtaa de e doole mum, walla kes jooɗiiɗo, naywuɗo walla kala geɗe baasooje wallitde nguura ɗe pawaaki e bellanteeje.</para>
      </listitem>
      <listitem>
	<para>Jibinaaɗo debbo e sukaaku ina njogii hakke ballal e toppitaagol keeriiɗi. Sukaaɓe fof, woni a jibinaaɓe e nder dewgal walla caggal dewgal poti fotde to bannge ndeenka renndoyankeewo.</para>
      </listitem>
    </orderedlist>
  </article>
  <article number="26">
    <title>Kuulal 26</title>
    <orderedlist>
      <listitem>
	<para>Neɗɗo kala ina jogii hakke jaŋde jaŋde foti wonde ko nde alaa njoɓdi hay sinna ko to arwaniire e gadanal. Jaŋde sukaaɓe ina foti wonde alay sago. Jaŋde karallaagal ina foti huɓtidin'de: jaŋde toownde ina foti udditanaade moni kala taw alaa heedi-heeda, tawa ko e baawal mum.</para>
      </listitem>
      <listitem>
	<para>Jaŋde foti ko feertinde neɗɗankaagal, ɓeyda teddin'de hakkeeji innama Aadee, heɓde hoore mum. Ina foti waalitde paamondiral, muñundiral, cehilaagalhakkunde leyɗeele e kala senngooji leƴƴi walla diineeji, fawitii heen ɓamtaare golle dowlaaji dentuɗi ngam moƴƴere ina duumoo.</para>
      </listitem>
      <listitem>
	<para>Jibinaaɓe ina poti suɓaade hol fannu jaŋde ndokkata sukkaaɓe mumen.</para>
      </listitem>
    </orderedlist>
  </article>
  <article number="27">
    <title>Kuulal 27</title>
    <orderedlist>
      <listitem>
	<para>Neɗɗo kala ina waawi e sago mum jeyeede e ɓamtugol pinal rennde mum, huutoroo ñeeñe e wallitde ɓamtaare ganndaliyankeewal e kala ɓure jaltooje heen.</para>
      </listitem>
      <listitem>
	<para>Neɗɗo kala ina jogii hakke ndeenka muuyaaɗe mum to bannge neɗɗankaagal e jawɗi tuugniiɗe e ɓulgno ganndal, coñce, ñeeñal ɗe o tafi.</para>
      </listitem>
    </orderedlist>
  </article>
  <article number="28">
    <title>Kuulal 28</title>
    <para>Neɗɗo kala ene foti daranaade ñiɓagol hakkeeji innama aadee kam e ndi maagu mum to bannge renndo e nder winndere mbele kuule kaalaaɗe ender ngalɗo nanondiral njetto faandaare toɗɗaande nde.</para>
  </article>
  <article number="29">
    <title>Kuulal 29</title>
    <orderedlist>
      <listitem>
	<para>Innama aadee ina jogii hujjaaji fayde e renndo ngo ngannduɗaako ɓamtaare huuɓtidinde neɗɗankaagal makko tan waawi wootde.</para>
      </listitem>
      <listitem>
	<para>E nder kuutorogol hakkeeji makko kam e naftorogol ndimaagu makko, moni kala fawaa e mum tan ko ɗooftogol sarɗiyeeji ngam teeŋtin'de keftingol e nehtanagol hakkeejie wodɓe ngam timminde neɗɗaŋ kaagalngam geɗe denndaande kam e ngonka moƴƴa kuuɓtidinɗo ngam dañje renndo potal.</para>
      </listitem>
      <listitem>
	<para>Ɗii hakkeeji e nguu ndimaagu mbaawa dañeede e dow luundaare paandaalee muuyaabe dowlaaji dentuɗi.</para>
      </listitem>
    </orderedlist>
  </article>
  <article number="30">
    <title>Kuulal 30</title>
    <para>Hay kuulal gootal gummingal e ngal ɗo nanondiralfotaani jaggireede ummii ko e leydi, walla dental keeringal, walla neɗɗo keeriiɗo. Hay neɗɗo gooto, walla dental walla leydi potaani jogaade golle tawa faandaare mumen ko firtude hakkeejie e ndimaagu kalaaɗi e nder nanondiral ngal.</para>
  </article>
</udhr>
