<?xml version="1.0" encoding="UTF-8"?>

<!--© The Office of the High Commisioner for Human Rights-->

<udhr lang="mxi" language="Mozarabic" xmlns="http://www.unhchr.ch/udhr">
   <title>Declaratione Universale de les Dretos Humanos</title>
   <preamble>
      <title>PREÀMBOLO</title>
      <para>Considerando que la libertate, la ciustitia e la pace in el mondo tienent per basse la reconoscentia de la dignitate intrinseca e de les dretos eguales et inalienabeles de totos les membros de la familia humana,</para>
      <para>Considerando que la desconoscentia et el menospretio de les dretos humanos hant origenato actos de crudeltates bastoflantes per la conscientia de l’humanitate; e que s’ha proclammato, commo l’aspiratione plù alzata del homme, l’advenimento d’un mondo in que les esseres humanos, libberatos del pabbore e de la miseria, fruiant de la libbertate de paràvola e de la libbertate de credentias,</para>
      <para>Considerando essentiale que les dretos humanos siant protegiutos per un règime de Dreto, ciuscà l’homme non se veda compeluto al supremo recorso de la refetantia contra la tirania e l’opressione,</para>
      <para>Considerando otrossi essentiale promovere la sveloppantia de relationes amicabeles intre las nationes,</para>
      <para>Considerando que les pòpolos de las Nationes Adgiuntatas hant reaffirmato in la Lèttera la sua fede in les dretos fondamentales del homme, in la dignitate et el valore de la persona humana et in l’egualtate de dretos d’hommes e mulleres; e s’hant declarato resoltos a promovere el progresso sociale et ad alzare el nivele de vita dintro d’un concepto plù amplo de la libbertate,</para>
      <para>Considerando que les Statos Membros s’hant compromisso ad assecurare, in cooperatione con l’Organissatione de las Nationes Adgiuntatas, el respetto universale et effectivo a les dretos e libertates fondamentales del homme, e</para>
      <para>Considerando que una conceptione commune d’aquestos dretos e libertates ie de la maiore importantia per el pleno accumplimento de dito compromisso,</para>
      <para>L’Assamblea Generale</para>
      <para>Proclamma la presente Declaratione Universale de les Dretos Humanos commo ideale commune per aquele que totos les pòpolos e nationes devent sfortiarse, ciuscà tanto les individuos commo las institutiones, inspirandose constantemente in ela, promovant, mediante l’insegnantia e l’educatione, el respetto ad aquestos dretos e libbertates, et assecurent, per messuras progressivas de caràctere nationale et internationale, la sua reconoscentia et aplicacatione universales et effectivos, autanto intre les pòpolos de les Statos Membros commo intre aqueles de les territorios colocatos sopra la sua ciurisdictione.</para>
   </preamble>
   <article number="1">
      <title>Articolo 1</title>
      <para>Totos les esseres humanos nascent libberos et eguales in dignitate e dretos e, dotatos commo stant de racione e conscientia, devent comportarse in germanitate les unos con les altros.</para>
   </article>
   <article number="2">
      <title>Articolo 2</title>
      <para>Tota persona tiene les dretos e libbertates proclammatos in aquesta Declaratione, sine distintione alcuna de rasa, colore, sexo, lingua, religione, opinione politica au de qualsevuolle altra indole, origene nationale au sociale, possitione econòmica, nascentia au qualsevuolle altra conditione.</para>
      <para>D’òltra, non se farà distintione alcuna fondata in la conditione politica, ciuridica aut internationale del paisse au territorio de cuia ciurisdictione dependa una persona, autanto se se traita d’un paisse independente, commo d’un territorio sopra administratione fidutiaria, non autònomo aut assommisso a qualsevuolle altra limitatione de sobberantia.</para>
   </article>
   <article number="3">
      <title>Articolo 3</title>
      <para>Toto individuo tiene dreto a la vita, a la libbertate et a la securitate de la sua persona.</para>
   </article>
   <article number="4">
      <title>Articolo 4</title>
      <para>Nencuno starà assommisso a sclavitute nen a servidumme; la sclavitute et el tràffico de sclavos stant devissas in totas las suas formas.</para>
   </article>
   <article number="5">
      <title>Articolo 5</title>
      <para>Nencuno serà assommisso a torturas nen a penalitates au traitamentos crudeles, inhumanos au degradantes.</para>
   </article>
   <article number="6">
      <title>Articolo 6</title>
      <para>Toto essere humano tiene dreto, in totas partes, a la reconoscentia de la sua personalitate ciuridica.</para>
   </article>
   <article number="7">
      <title>Articolo 7</title>
      <para>Totos sont eguales abbante la lege e tienent, sine distintione, dreto ad iguale protectione de la lege. Totos tienent dreto ad eguale protectione contra tota discrimminatione que infringia aquesta Declaratione e contra tota provocatione a tale discrimminatione.</para>
   </article>
   <article number="8">
      <title>Articolo 8</title>
      <para>Tota persona tiene dreto ad un recorso effectivo, abbante les tribunales nationales competentes, que l’alberga contra actos que violent les sieus dretos fondamentales reconosciutos per la constitutione au per la lege.</para>
   </article>
   <article number="9">
      <title>Articolo 9</title>
      <para>Nencuno poterà essere arvitrariamente detenuto, presso nen stembato.</para>
   </article>
   <article number="10">
      <title>Articolo 10</title>
      <para>Tota persona tiene dreto, in conditiones de plena egualtate, ad essere auduta publicamente e con ciustitia per un tribunale independente et imparciale, per la determinatione de les sieus dretos et obligationes au per l’examene de qualsevuolle accussatione contra ela in materia penale.</para>
   </article>
   <article number="11">
      <title>Articolo 11</title>
      <orderedlist>
         <listitem>
            <para>Tota persona accussata de linentia tiene dreto a que se presomma la sua innocentia mentrestanto non se prove la sua culpabilitate, conformo a la lege et in ciudicio publico in aquele que lui hagia assecurato totas las garantias necessarias per la sua defensa.</para>
         </listitem>
         <listitem>
            <para>Nencuno serà condenato per actos aut ommissiones que in el momento de commetirse non foront delictivos secòndo el Dreto nationale aut internationale. Nenque s’impossarà penalitate plù grave que l’aplicabele in el momento de la commissione de la linentia.</para>
         </listitem>
      </orderedlist>
   </article>
   <article number="12">
      <title>Articolo 12</title>
      <para>Nencuno serà obgecto d’ingerentias arvitrarias in la sua vita privata, la sua familia, el sieu domicilio au la sua correspondentia, nen d’attaccos a la sua honra aut a la sua reputatione. Tota persona tiene dreto a la protectione de la lege contra tales ingerentias aut attaccos.</para>
   </article>
   <article number="13">
      <title>Articolo 13</title>
      <orderedlist>
         <listitem>
            <para>Tota persona tiene dreto a circolare libberamente et ad elegire la sua residentia in el territorio d’un Stato.</para>
         </listitem>
         <listitem>
            <para>Tota persona tiene dreto a partire de qualsevuolle paisse, inclosso del pròpio, et a retornare al sieu paisse.</para>
         </listitem>
      </orderedlist>
   </article>
   <article number="14">
      <title>Articolo 14</title>
      <orderedlist>
         <listitem>
            <para>In caso de persecutione, tota persona tiene dreto a recercare assilo, et a fruire d’ele, in qualsevuolle paisse.</para>
         </listitem>
         <listitem>
            <para>Aqueste dreto non poterà essere invocato contra una actione ciudiciale veramente origenata per linentias communes au per actos oppostos a les propòssitos e principios de las Nationes Adgiuntatas.</para>
         </listitem>
      </orderedlist>
   </article>
   <article number="15">
      <title>Articolo 15</title>
      <orderedlist>
         <listitem>
            <para>Tota persona tiene dreto ad una nationalitate.</para>
         </listitem>
         <listitem>
            <para>A nencuno se privarà arvitrariamente de la sua nationalitate ne del dreto a cambiare de nationalitate.</para>
         </listitem>
      </orderedlist>
   </article>
   <article number="16">
      <title>Articolo 16</title>
      <orderedlist>
         <listitem>
            <para>Les hommes e las mulleres, a partire de l’etate nubile, tienent dreto, sine restrictione alcuna per motivos de rasa, nationalitate au religione, a spossarse e fondare una familia; e fruirarànt d’eguales dretos in cuanto al matrimonio, durante el matrimonio et in caso de disolutione del matrimonio.</para>
         </listitem>
         <listitem>
            <para>Tantamente mediante libbero e pleno acconsentimento de les futuros spossos poterà contraderse el matrimonio.</para>
         </listitem>
         <listitem>
            <para>La familia ie l’elemento naturale e fondamentale de la societate e tiene dreto a la protectione de la societate e del Stato.</para>
         </listitem>
      </orderedlist>
   </article>
   <article number="17">
      <title>Articolo 17</title>
      <orderedlist>
         <listitem>
            <para>Tota persona tiene dreto a la propietate, individuale e colectivamente.</para>
         </listitem>
         <listitem>
            <para>Nencuno serà privato arvitrariamente de la sua propietate.</para>
         </listitem>
      </orderedlist>
   </article>
   <article number="18">
      <title>Articolo 18</title>
      <para>Tota persona tiene dreto a la libbertate de pensamento, de conscientia e de religione; aqueste dreto include la libertate de cambiare de religione au de credentia, ansi commo la libertate de manifestare la sua religione au la sua credentia, individuale e colectivamente, autanto in publico commo in privato, per l’insegnantia, la pràctica, el culto e l’observantia.</para>
   </article>
   <article number="19">
      <title>Articolo 19</title>
      <para>Toto individuo tiene dreto a la libbertate d’opinione e de spressione; aqueste dreto include aquele de non essere amoiato per more de las suas opiniones, aquele d’investigare e recevere informationes et opiniones, et aquele de diffondirlas, sine linzos de frontieras, per qualsevuolle more de spressione.</para>
   </article>
   <article number="20">
      <title>Articolo 20</title>
      <orderedlist>
         <listitem>
            <para>Tota persona tiene dreto a la libbertate d’adgiuntamento e d’associationes pacificas.</para>
         </listitem>
         <listitem>
            <para>Nencuno poterà essere obligato a pertenire ad una associatione.</para>
         </listitem>
      </orderedlist>
   </article>
   <article number="21">
      <title>Articolo 21</title>
      <orderedlist>
         <listitem>
            <para>Tota persona tiene dreto a participare in el governo del sieu paisse, directamente au per more de representantes libberamente scollutos.</para>
         </listitem>
         <listitem>
            <para>Tota persona tiene el dreto d’accesso, in conditiones d’egualtate, a las fontiones publicas del sieu paisse.</para>
         </listitem>
         <listitem>
            <para>La voluntate del pòpolo ie la basse de l’autoritate de la potentia publica; aquesta voluntate se spressarà mediante electiones autènticas que abberànt de celebrarse periòdicamente, per sofragio universale et eguale e per voto secreto aut altro procedimento equivalente que garantisse la libbertate del voto.</para>
         </listitem>
      </orderedlist>
   </article>
   <article number="22">
      <title>Articolo 22</title>
      <para>Tota persona, commo membro de la societate, tiene dreto a la securitate sociale, et ad obtenire, mediante lo sfortio nationale e la cooperatione internationale, abbuta cunta de l’organissatione e les recorsos de cada Stato, la satisfactione de les dretos econòmicos, sociales e culturales, indispensables a la sua dignitate et a la libbera sveloppantia de la sua personalitate.</para>
   </article>
   <article number="23">
      <title>Articolo 23</title>
      <orderedlist>
         <listitem>
            <para>Tota persona tiene dreto al travallo, a la libbera electione del sieu travallo, a conditiones equitativas e satisfactorias de travallo et a la protectione contra el ciomboro.</para>
         </listitem>
         <listitem>
            <para>Tota personale tiene dreto, sine discrimminatione alcuna, ad eguale salario per travallo eguale.</para>
         </listitem>
         <listitem>
            <para>Tota persona que travalla tiene dreto ad una remuneratione equitativa e satisfactoria, que lui assecure, ansi commo a la sua familia, una existentia conformo a la dignitate humana e que serà completata, in caso necessario, per qualsevuolle altros mores de protectione sociale.</para>
         </listitem>
         <listitem>
            <para>Tota persona tiene dreto a fondare sindicatos et a sindicarse per la defensa de les sieus interesses.</para>
         </listitem>
      </orderedlist>
   </article>
   <article number="24">
      <title>Articolo 24</title>
      <para>Tota persona tiene dreto al sbanollamento, al fruimento del tempo libero, ad una limitatione racionabele de la duratione del travallo et a vacantias periòdicas pagatas.</para>
   </article>
   <article number="25">
      <title>Articolo 25</title>
      <orderedlist>
         <listitem>
            <para>Tota persona tiene dreto ad un nivele de vita adequato que lui assecure, ansi commo a la sua familia, la salute et el benestare, et in speciale l’alimentatione, el vestimento, el domo, l’assistentia mèdica e les servitios sociales necessarios; tiene altrotale dreto a las securantias in caso del ciomboro, malatia, invalidessa, viuvessa, vellessa et altros casos de perdentias de les sieus mores de sobsistentia per circonstantias independentes de la sua voluntate.</para>
         </listitem>
         <listitem>
            <para>La maternitate e l’infantia tienent dreto a custidantias et assistentias speciales. Totos les fillos, natos de matrimonio au fuora de matrimonio, tienent dreto ad eguale protectione sociale.</para>
         </listitem>
      </orderedlist>
   </article>
   <article number="26">
      <title>Articolo 26</title>
      <orderedlist>
         <listitem>
            <para>Tota persona tiene dreto a l’educatione. L’educatione deve essere gratuita, almeno in lo concernente a l’instructione elementale e fondamentale. L’instructione elementale serà obligatoria. L’instructione tècnica e professionale abberà d’essere generalissata; l’acceso a les studios superiores serà eguale per totos, in fontione de les mèritos respectivos.</para>
         </listitem>
         <listitem>
            <para>L’educatione tenirà per obgecto la plena sveloppantia de la personalitate humana et el fortalessamento del respetto a les dretos humanos et a las libbertates fondamentales; favorescerà la comprensione, la tolerantia e l’amistate intre totas las nationes e totos les grupos ètnicos au religiosos; e promoverà la sveloppantia de las activitates de las Nationes Adgiuntatas per el mantenimento de la pace.</para>
         </listitem>
         <listitem>
            <para>Les padres tenirànt dreto preferente a scollere el tipo d’educatione que abberà de darse a les sieus fillos.</para>
         </listitem>
      </orderedlist>
   </article>
   <article number="27">
      <title>Articolo 27</title>
      <orderedlist>
         <listitem>
            <para>Tota persona tiene dreto a tollare parte libberamente in la vita culturale de la communitate, a gaudire de las artes et a participare in el progresso cientifico et in les benefitios que d’ele resultent.</para>
         </listitem>
         <listitem>
            <para>Tota persona tiene dreto a la protectione de les interesses morales e materiales que lui correspondant per racione de las productiones cientificas, literarias aut artisticas de que sia autora.</para>
         </listitem>
      </orderedlist>
   </article>
   <article number="28">
      <title>Articolo 28</title>
      <para>Tota persona tiene dreto a que se stabila una òrdene sociale et internationale in aquele que les dretos e libbertates proclammatos in aquesta Declaratione se fagiant plenamente effectivos.</para>
   </article>
   <article number="29">
      <title>Articolo 29</title>
      <orderedlist>
         <listitem>
            <para>Tota persona tiene deveres respecto a la communitate, poscà tantamente in ela pote sveloppare libbere e plenamente la sua personalitate.</para>
         </listitem>
         <listitem>
            <para>In l’escercitio de les sieus dretos et in el fruimento de las suas libertates, tota persona starà sòlamente sogecta a las limitationes stablertas per la lege con l’unico fine d’assecurare veramente la reconoscentia et el respetto de les dretos e libbertates del resto, e de satisfacere las ciustas exigentias de la morale, de l'òrdene publico e del benestare generale in una societate democràtica.</para>
         </listitem>
         <listitem>
            <para>Aquestos dretos e libertates non poterànt in nencuno caso essere escerciutos in oppossitione a les propòssitos e principios de las Nationes Adgiuntatas.</para>
         </listitem>
      </orderedlist>
   </article>
   <article number="30">
      <title>Articolo 30</title>
      <para>Nula in la presente Declaratione poterà interpretarse in el senso de que confere dreto alcuno al Stato, ad un grupo aut ad una persona, per prendere et sveloppare activitates au realissare actos tendentes a la supressione de qualsevuolle de les dretos.</para>
   </article>
</udhr>
