<?xml version="1.0" encoding="UTF-8"?>

<!--© The Office of the High Commisioner for Human Rights-->

<udhr lang="gax" language="Oromo, Borana-Arsi-Guji" xmlns="http://www.unhchr.ch/udhr">
   <title>Labsii Walii-gala Mirgoota Namummaa</title>
   <note>
      <para>Murtoo Wal-ga'ii Walii-gala kan Dhaabbata Waldaa Mootummootaatiin qabxii 217 A (iii) jalatti Mudde baatii 10 bara 1948 itti Akka Murteeffamee, Ragga'ee Labsametti.</para>
   </note>
   <preamble>
      <title>SEENSA</title>
      <para>Ulfinni fi wal-qixxummaan ilmoo namaa kan uummattoota hundaa akka ifatti kabajamu gochuun bu'ura bilisummaa, haqaa fi nageenya addunyaa waan ta'eef;</para>
      <para>Mirga namummaa irra ijjechuun yookaan tuffachuun yeroo hunda jeequmsa badiisa fidu uumee uummata kan dheekamsiisu waan ta'eef, akkasumas addunyaa haaraa kan uummanni ishee wal-qixxummaadhaan, bilisummaa yaadaa fi amantii argatanii, yaaddoo fi dhaba irraa birmaduu ta'anii gammachuudhaan akka jiraatan gochuun hawwii fi fedha uummattoota addunyaa waan ta'eef;</para>
      <para>Uummanni bulchiisa rooroo fi cunqursaa ofirra kuffisuuf humnaan akka hinfayyadamnetti yoo barbaachise, mirgooti namummaa seeraan akka eegamu gochuun barbaachisaa waan ta'eef;</para>
      <para>Biyyoota gidduutti walitti-dhufeenyi michumaa fi wal-jaalalaa akka dagaagu gochuun barbaachisaa waan ta'eef;</para>
      <para>Miseensoti Waldaa Mootummoota hundi chartarii waldichaa keessatti mirga namummaa irratti, ulfina namaa irratti akkasumas wal-qixxummaa namoota hundaa (dhiiras ta'ee dubartii) irratti amantee qaban kan ibsan waan ta'eef;</para>
      <para>Akkasumas guddina hawaasummaa fi wayyaawuu sadarkaa jireenyaa fiduuf kan murannoodhaan hojjetan waan ta'eef;</para>
      <para>Miseensoti Waldaa Mootummootaa marti, Dhaabbata Waldaa Mootummootaa wajjin wal-ta'uudhaan kabajaan walii-galaa kan mirga namummaa fi kan bilisummaa hundaa akka eegamuuf waadaa waan seenaniif;</para>
      <para>Mirgootaa fi bilisummaa kana akka gaariitti hubatanii beekuun waadaa kana hojii irra oolchuuf guddisee kan gargaaru waan ta'eef;</para>
      <para>Kanaafuu</para>
      <para>Wal-ga'iin Walii-gala Waldaa Mootummootaa:</para>
      <para>Labsii Waliigala Mirgoota Namummaa kan uummattoonni fi biyyooti hundi walii-galteedhaan kabajan labsuudhaan, tokkoon- tokkoon uummataa fi qaamoti hawaasaa marti labsii kana hubatanii yeroo hunda akka kabajan, labsii kana barsiisuudhaan mirgootii fi bilisummaan hundi akka kabajaman akka carraaqan, karaa tarkaanfii sadarkaa biyyaa fi addunyaatti fudhatamaniinis mirgootii fi bilisummaan kun akka kabajaman akka godhan, kunis immoo uummattootaa fi miseensota Waldaa Mootummootaa giduutti akka hubatamu akka godhan jecha, labsii kana labseera.</para>
   </preamble>
   <article number="1">
      <title>Qabxii 1</title>
      <para>Namooti hundinuu birmaduu ta'anii mirgaa fi ulfinaanis wal-qixxee ta'anii dhalatan. Sammuu fi qalbii ittiin yaadan waan uumamaan kennameef, hafuura obbolummaatiin walii-wajjin jiraachuu qabu.</para>
   </article>
   <article number="2">
      <title>Qabxii 2</title>
      <para>Namni kamiyyuu mirgootaa fi birmadummaa labsii kana keessatti ibsaman, garaagarummaa sanyii, bifaa, saalaa (dhiiraa fi dubartummaa), qooqaa, amantii, ejjennaa siyaasaa, sablammummaa, hawaasummaa, qabeenyaa, dhalootaa fi waan biraatiin utuu addaan hin ba'in, ni argata.</para>
      <para>Kana malees immoo, garaagarummaan kamiyyuu karaa siyaasaa, karaa biyyummaa, karaa wal-caalmaa sadarkaa bulchiisa biyyaa fi karaa adda-addaa hin godhamu.</para>
   </article>
   <article number="3">
      <title>Qabxii 3</title>
      <para>Namni kamiyyuu mirga jiraachuu, birmadummaa argachuu fi mirga qaamni isaa eegamuu ni qaba.</para>
   </article>
   <article number="4">
      <title>Qabxii 4</title>
      <para>Namni homtuu garbummaa jalatti hin bulu, garbummaa fi daldalli garbaa bifa kamiin iyyuu dhorkaa dha.</para>
   </article>
   <article number="5">
      <title>Qabxii 5</title>
      <para>Namni kamiyyuu reebichii fi gidiraan hammeenyaa yookaan immoo wanti ulfina namummaa isaa hanqisu yookaan kan hammeenyaan adabsiisu irra hin ga'u.</para>
   </article>
   <article number="6">
      <title>Qabxii 6</title>
      <para>Namni kamiyyuu akka namummaa isaatti seera duratti beekame kabajaa argachuu qaba.</para>
   </article>
   <article number="7">
      <title>Qabxii 7</title>
      <para>Namoonni hundi seera fuula duratti wal-qixxee ilaalamanii, garaagarummaa tokko malee, eegumsa seeraa argachuu qabu. Namoonni hundinuu waan labsii kanaan mormee isaan addaan qoodu hundumaa irraa eegamuu qabu.</para>
   </article>
   <article number="8">
      <title>Qabxii 8</title>
      <para>Namni kamiyyuu mirgoota heeraan yookaan seeraan isaaf kenname cabsuudhaan waan isa hubu hundumaa irraa karaa mana murtii yookaan yaa'ii biyyaa eegumsa argachuuf mirga ni qaba.</para>
   </article>
   <article number="9">
      <title>Qabxii 9</title>
      <para>Namni kamiyyuu garmalee hin hidhamu, biyyaas hin ari'atamu.</para>
   </article>
   <article number="10">
      <title>Qabxii 10</title>
      <para>Namni kamiyyuu yeroo yakkaan himatamee mirgooti isaa fi ittigaafatamni isaa murteeffamutti, qaama loogii irraa birmaduu ta'etti dhiyaatee sirrii, qajeeltoo fi wal-qixummaadhaan gaafatamuuf mirga ni qabaata.</para>
   </article>
   <article number="11">
      <title>Qabxii 11</title>
      <orderedlist>
         <listitem>
            <para>Namni kamiyyuu yeroo yakkaan himatamutti, hanga seeraan yakkaa ta'uun isaa itti muramutti, mirga qulqulluu ta'ee ilaalamuu ni qaba. Yeroo yaa'iitti dhiyaatus waan egumsa isaaf wabii darbu hunda ni argata.</para>
         </listitem>
         <listitem>
            <para>Namni kamiyyuu waan yakka ta'ee hin lakka'amnetti, sadarkaa biyyaattis ta'e sadarkaa addunyaatti, yakkamuu hin danda'u. Kana malees, adaba kan yeroo yakkichi raawwatame muramuu qabu caalaatiin hin adabamu.</para>
         </listitem>
      </orderedlist>
   </article>
   <article number="12">
      <title>Qabxii 12</title>
      <para>Namni kamiyuu mirgi inni mana isaa keessa, qofaa isaa ykn. maatii isaa wajjin jiraachuuf qabu, yookaan mirgi inni ergaa xalayaa isaa dhoksaadhaan akka eegamuuf qabu jalaa hin tuqamu. Ulfinni namummaa isaa fi ulfinni maqaa isaas hin tuqamu. Namni kamiyyuu hubaatii ykn. yaalii akkanaa irraa seeraan ni eegama.</para>
   </article>
   <article number="13">
      <title>Qabxii 13</title>
      <orderedlist>
         <listitem>
            <para>Namni kamiyyuu biyya isaa keessatti mirga asiif achi adeemuu ni qaba.</para>
         </listitem>
         <listitem>
            <para>Namni kamiyyuu biyya kan isaas ta'e kan biraa keesaa gadi ba'ee itti deebi'uuf mirga ni qaba.</para>
         </listitem>
      </orderedlist>
   </article>
   <article number="14">
      <title>Qabxii 14</title>
      <orderedlist>
         <listitem>
            <para>Namni kamiyyuu biyyoota kan biraa keessatti mirga koolu galtummaa gaafatee argachuu ni qaba.</para>
         </listitem>
         <listitem>
            <para>Mirgi kunis waan yakka siyaasaatiin alaa ta'e ykn. waan kaayyoo yookaan hafuura Waldaa Motummootaatiin mormu yoo ta'e hin kennamu.</para>
         </listitem>
      </orderedlist>
   </article>
   <article number="15">
      <title>Qabxii 15</title>
      <orderedlist>
         <listitem>
            <para>Namni kamiyyuu mirga lammummaa ni qaba.</para>
         </listitem>
         <listitem>
            <para>Namni kamiyyuu akkasummaan mirga lammummaa hin dhabu, yookaan mirga lammummaa isaa gedderachuu hin dhabu.</para>
         </listitem>
      </orderedlist>
   </article>
   <article number="16">
      <title>Qabxii 16</title>
      <orderedlist>
         <listitem>
            <para>Dhiirris, dubartiinis kan umuriin isaanii fudhaaf heeruma ga'e. garaagarummaa sanyii, lammumaa fi amanteetiin utuu addaan hin qoodamin, wal-fuudhanii mirga bultii ijaarachuu ni qabaatu; yeroo wal-fuudhanis ta'ee yeroo wal-hiikanittis mirga qixxee ni qabaatu.</para>
         </listitem>
         <listitem>
            <para>Fudhaaf heerumni fedha namoota wal-fuudhan irratti kan hundeeffamu ta'a.</para>
         </listitem>
         <listitem>
            <para>Maatiin tokko qaama hawaasummaa ishee xinnoo waan ta'eef, eegumsi hundi hawaasichaa fi mootummaa irraa kennamuu fi qaba.</para>
         </listitem>
      </orderedlist>
   </article>
   <article number="17">
      <title>Qabxii 17</title>
      <orderedlist>
         <listitem>
            <para>Namni kamiyyuu qofaattis ta'e namoota biraa wajjin ta'uudhaan mirga qabeenya horachuu ni qaba.</para>
         </listitem>
         <listitem>
            <para>Namni kamiyyuu seera malee qabeenya isaa dhabuu hin qabu.</para>
         </listitem>
      </orderedlist>
   </article>
   <article number="18">
      <title>Qabxii 18</title>
      <para>Namni kamiyyuu bilisummaa yaaduu, samuu fi amantii ni qaba. Mirgi kun, namni kamiyyuu, amantii yookaan amantee filate qabachuu yookiin fudhachuu, amantii fi amantee isaa qofaa isaatti yookiin namoota biraa wajjin ifatti yookiin dhunfaatti waaqefachuu, hordofuu, hojii irra olchuu, barsiisuu yookiin ibsuu of keessaa qaba.</para>
   </article>
   <article number="19">
      <title>Qabxii 19</title>
      <para>Namni kamiyyuu ilaalcha isatti fakkaate qabachuu, yaada isaas ibsuuf mirga qaba. Mirgi kun, dhiibbaa tokko malee yaada isaa ibsuu, odeeffannoo fi yaada kamiyyuu walitti qabuu fi karaa meeshaa tamsaasaa daangaan utuu itti hin godhamin dabarsuu of keessaa qaba.</para>
   </article>
   <article number="20">
      <title>Qabxii 20</title>
      <orderedlist>
         <listitem>
            <para>Namni kamiyyuu mirga nagayaan wal-ga'uu fi nagayaan hiriira ba'u ni qaba.</para>
         </listitem>
         <listitem>
            <para>Namni kamiyyuu miseensa walda tokkoo ta'uuf hin dirqisiifamu.</para>
         </listitem>
      </orderedlist>
   </article>
   <article number="21">
      <title>Qabxii 21</title>
      <orderedlist>
         <listitem>
            <para>Namni kamiyyuu, kallattiidhaanis ta'ee karaa bakka-buutota isaa, hojii mootummaa biyya isaa keessatti qooda fudhachuu ni danda'a.</para>
         </listitem>
         <listitem>
            <para>Namni kamiyyuu tajaajilaa uummataa argachuuf mirga ni qaba.</para>
         </listitem>
         <listitem>
            <para>Fedhi uummataa bu'uura aangoo mootummaati. Fedhi kunis yeroo filannootti ibsama. Filannoon kunis kan namni marti wal-qixummaadhaan qooda keessatti fudhatu yoo ta'u, sirni sagalee ofii ittiin kennanis dhoksaadhaan ni ta'a.</para>
         </listitem>
      </orderedlist>
   </article>
   <article number="22">
      <title>Qabxii 22</title>
      <para>Namni kamiyyuu, akka miseensa hawaasichaatti, wabii hawaasaa argachuuf mirga ni qaba. Karaa carraaqa biyyaa fi waliigaltee addunyaas, akkasumas akka qabeenyaa fi caasaa biyya isaattis, ulfinaa fi guddina mataa isaaf waan barbaachisaa ta'an mirgoota dinagdee, hawaasummaa fi aadaa ni qaba.</para>
   </article>
   <article number="23">
      <title>Qabxii 23</title>
      <orderedlist>
         <listitem>
            <para>Namni kamiyyuu mirga hojjechuu, hojji filachuu, hojjii keessatti haala mijuu argachuu fi hojii dhabuu irraa egamuu ni qaba.</para>
         </listitem>
         <listitem>
            <para>Namni kamiyyuu, utuu addaan hin qoodamin, hojii wal-fakkaatuuf mindaa qixxee argachuuf mirga ni qaba.</para>
         </listitem>
         <listitem>
            <para>Namni kamiyyuu gatii hojii isaatiif mindaa isaa fi maatii isaa ga'u argachuu qaba. Kunis kan ulfina namummaa isaaf ga'u ta'e, yoo barbaachises, eegumsa hawaasaa kan biraas argachuu ni danda'a.</para>
         </listitem>
         <listitem>
            <para>Namni kamiyyuu dhaabbatoota hojjetootaa uummatee keessatti qooda fudhachuudhaan mirgoota isaa eegsifachuu ni danda'a.</para>
         </listitem>
      </orderedlist>
   </article>
   <article number="24">
      <title>Qabxii 24</title>
      <para>Namni kamiyyuu boqonnaa fi bashannana argachuuf, yeroo muramaa hojjechuuf, akkasumas mindaa isaa argachaa boqochuuf mirga ni gaba.</para>
   </article>
   <article number="25">
      <title>Qabxii 25</title>
      <orderedlist>
         <listitem>
            <para>Namni kamiyyuu, innis maatiin isaas, fayyaa guutuu argatanii sadarkaa jireenya gaarii akka jiraatanitti, waan nyaata, uffataa, mana, eegumsa fayyaa fi tajaajila hawaasummaa hunda argatanii akka jiraatanitti, akkasumas hojii dhabuu, kunuunsa hawaasummaa dhabuu, dhukuba, kophummaa, dullumaa fi rakkoo jireenyaa adda addaa irraa egamuuf mirga qaba.</para>
         </listitem>
         <listitem>
            <para>Haadholii fi daa'iman gargaarsaa fi eegumsa qofaa argachuuf mirga ni qabu; daa'imman hundi, manattis ta'e bakkeedhaa yoo dhalatan, eegumsa hawaasummaa qixxeetti argachuuf mirga ni qabu.</para>
         </listitem>
      </orderedlist>
   </article>
   <article number="26">
      <title>Qabxii 26</title>
      <orderedlist>
         <listitem>
            <para>Namni kamiyyuu mirga barumsa argachuu ni qaba. Barumsi, yoo xinnaate sadarkaa tokkoffaa fi lammataatti, tola ni kennama. Barumsi sadarkaa tokkoffaa dirqii dha. Barumsi tekinikii fii ogummaa kan biraa sadarkaa lammaftaatti kan kenamu yoo ta'u, kunis kan kennamu akka dandeettii abbaatti ta'a.</para>
         </listitem>
         <listitem>
            <para>Barumsi kennamu kan namummaa namaa guddisuu fi kan eegumsa mirgootaa fi bilisummaa ilmoo namaa jabeessu ta'uu qaba. Kana malees, uummattoota addunya gidduutti waliigaltee fi michummaa kan jabbeessu, sanyii fi amantii adda-addaa gidduuti waliigaltee kan uumu, akkasumas hojiiwwan Dhaabbata Waldaa Mootummootaa fi nageenya uummataa kan jabeessu ta'uu qaba.</para>
         </listitem>
         <listitem>
            <para>Warri ijoollee, akaakuu barumsaa kan fedhan ijoollee isaaniitiif filachuuf mirga ni qabu.</para>
         </listitem>
      </orderedlist>
   </article>
   <article number="27">
      <title>Qabxii 27</title>
      <orderedlist>
         <listitem>
            <para>Namni kamiyyuu jireenya aadaa biyyaa keessatti dhorkaa malee qooda fudhachuu ni danda'a; faayidaa aartii fi saayinsii irraas bashannana yookiin gammachuu argachuu ni qaba.</para>
         </listitem>
         <listitem>
            <para>Namni kamiyyuu waan ogummaa saayinsii, aartii fi barreessuu ofii isaaf hojjeterraa bu'aan argamu hundi akka eegamuuf mirga ni qaba.</para>
         </listitem>
      </orderedlist>
   </article>
   <article number="28">
      <title>Qabxii 28</title>
      <para>Namni kamiyyuu mirgootii fi bilisummaan labsii kana keessatti tarreeffaman marti, akka hojiitti hiikamaniif sirna hawaasaa fi addunyaa irraa waan barbaadamu hunda ni argata.</para>
   </article>
   <article number="29">
      <title>Qabxii 29</title>
      <orderedlist>
         <listitem>
            <para>Namni kamiyyuu hawaasa namummaan isaa keessatti eegamee gabbatu keessatti itti gaafatamummaas ni qaba.</para>
         </listitem>
         <listitem>
            <para>Namni kamiyyuu, mirgootaa fi bilisummaa isaa yeroo hojiitti hiikutti, mirgootii fi bilisummaan isaa kan daangeffamuu danda'u seeraan ta'ee, kunis immoo mirgootaa fi bu'aa namoota biraa kan eegsisu, yookiin immoo bu'aa fi negeenya uummataa kan eegsisu yeroo ta'uu dha.</para>
         </listitem>
         <listitem>
            <para>Mirgootii fi bilisummaan kun hojii irra kan oolan kaayyoo fi hafuura Dhaabbata Waldaa Mootummoota kan hin faallessine ta'anii you argaman qofa.</para>
         </listitem>
      </orderedlist>
   </article>
   <article number="30">
      <title>Qabxii 30</title>
      <para>Wanti labsii kana keessatti ibsame hundi, mirgootaa fi bilisummaa ibsaman cabsuuf yaadamee, yookiin gocha tokko raawwachuuf jedhamee, akka waan mootummaa tokko, yookin dhaabbata tokko yookiin nama tokko ilaalu jedhamee lakka'aamu hin qabu.</para>
   </article>
</udhr>