<?xml version="1.0" encoding="UTF-8"?>

<!--© The Office of the High Commisioner for Human Rights-->

<udhr lang="bos" language="Bosnian (Cyrillic)" xmlns="http://www.unhchr.ch/udhr">
   <title>ОПШТА ДЕКЛАРАЦИЈА О ПРАВИМА ЧОВЈЕКА</title>
   <note>
      <para>УСВОЈЕНА У ГЕНЕРАЛНОЈ СКУПШТИНИ УЈЕДИЊЕНИХ НАЦИЈА 10. ДЕЦЕМБРА 1948.</para>
   </note>
   <preamble>
      <title>УВОД</title>
      <para>БУДУЂИ да су признавање урођеног достојанства и једнаких и неотуђивих права свих чланова људске обитељи темељ слободе, правде и мира у свијету,</para>
      <para>БУДУЂИ да су непоштивање и презирање права човјека имали за посљедицу акте, који су грубо вријеђали савјест човјечанства, и будуђи да је стварање свијета у којем ђе људска биђа уживати слободу говора и вјеровања и слободу од страха и несташице било проглашено као највиша тежња обичних људи,</para>
      <para>БУДУЂИ да је битно да права човјека буду заштиђена владавином права, да човјек не буде приморан да као посљедњем средству прибјегне побуни против тираније и угњетавања,</para>
      <para>БУДУЂИ да је битно да се унапређује развој пријатељских односа између народа,</para>
      <para>БУДУЂИ да су народи Уједињених нација поново потврдили у Повељи своју вјеру у основна права човјека, у достојанство и вриједност човјекове особе и у равноправност мушкараца и жена и пошто су одлучили да унапређују друштвени напредак и бољи животни стандард у широј слободи,</para>
      <para>БУДУЂИ да су се Државе Чланице обавезале да, у сурадњи с Уједињеним нацијама, постигну унапређење општег поштивања човјекових права и основних слобода и њихово одржавање,</para>
      <para>БУДУЂИ да је заједничко разумијевање тих права и слобода од највеђе важности за пуно остварење те обавезе,</para>
      <para>ГЕНЕРАЛНА СКУПШТИНА ПРОГЛАШАВА</para>
      <para>ОВУ ОПШТУ ДЕКЛАРАЦИЈУ О ПРАВИМА ЧОВЈЕКА као заједничко мјерило постизања за све народе и све државе ради тога да би сваки орган друштва, имајуђи Декларацију стално на уму, тежили да учењем и одгојем допринесу поштивању ових права и слобода и да би прогресивним националним и међународним мјерама осигурали њихово опше и дјелотворно признавање и одржавање, како међу народима самих Држава Чланица, тако и међу народима оних подручја која су под њиховом ингеренцијом.</para>
   </preamble>
   <article number="1">
      <title>Члан 1.</title>
      <para>Сва људска биђа рађају се слободна и једнака у достојанству и правима. Она су обдарена разумом и свијешђу и треба да једно према другоме поступају у духу братства.</para>
   </article>
   <article number="2">
      <title>Члан 2.</title>
      <para>Свакоме су доступна сва права и слободе наведене у овој Декларацији без разлике било које врсте, као што су раса, боја, спол, језик, вјера, политичко или друго мишљење, народоносно или друштвено поријекло, имовина, рођење или други правни положај.</para>
      <para>Надаље, не смије се чинити било каква разлика на основу политичког, правног или међународног положаја земље или подручја којима нека особа припада, било да је ово подручје независно, под старатељством, несамоуправно, или да се налази ма под којим другим ограничењима суверености.</para>
   </article>
   <article number="3">
      <title>Члан 3.</title>
      <para>Свако има право на живот, слободу и особну сигурност.</para>
   </article>
   <article number="4">
      <title>Члан 4.</title>
      <para>Нико не смије бити држан у ропству или ропском односу; ропство и трговина робљем забрањује се у свим њиховим облицима.</para>
   </article>
   <article number="5">
      <title>Члан 5.</title>
      <para>Нико не смије бити подвргнут мучењу или окрутном, нечовјечном или понижавајуђем поступку или кажњавању.</para>
   </article>
   <article number="6">
      <title>Члан 6.</title>
      <para>Свако има право да се свагдје пред законом признаје као особа.</para>
   </article>
   <article number="7">
      <title>Члан 7.</title>
      <para>Сви су пред законом једнаки и имају право, без икакве дискриминације, на једнаку заштиту закона. Сви имају право на једнаку заштиту против било какве дискриминације којом се крши ова Декларација и против сваког подстицања на такву дискриминацију.</para>
   </article>
   <article number="8">
      <title>Члан 8.</title>
      <para>Свако има право на дјелотворна правна средства путем надлежних националних судова због дјела којима се крше основна права која су му додијељена у Уставу или закону.</para>
   </article>
   <article number="9">
      <title>Члан 9.</title>
      <para>Нико не смије бити подвргнут самовољном хапшењу, затвору или изгону.</para>
   </article>
   <article number="10">
      <title>Члан 10.</title>
      <para>Свако има право да га у пуној једнакости поштено и јавно саслуша независан и непристран суд ради утврђивања његових права и обавеза и било какве кривичне оптужбе против њега.</para>
   </article>
   <article number="11">
      <title>Члан 11.</title>
      <orderedlist>
         <listitem>
            <para>Свако ко је оптужен за кривично дјело има право да се сматра невиним док се на темељу закона кривња не докаже на јавном претресу на којем је имао сва јамства потребна за своју одбрану.</para>
         </listitem>
         <listitem>
            <para>Нико се не смије сматрати кривим за кривично дјело на темељу било каквог чина или пропуста који нису представљали кривично дјело у смислу националног или међународног права у вријеме када су они били почињени. Исто тако не смије се изрицати тежа казна од оне која се могла примјенити када је кривично дјело почињено.</para>
         </listitem>
      </orderedlist>
   </article>
   <article number="12">
      <title>Члан 12.</title>
      <para>Нико на смије бити извргнут самовољном мијешању у његов приватни зивот, обитељ, дом или преписку, нити нападајима на његову част и углед. Свако има право на заштиту закона против оваквом мијешању или нападу.</para>
   </article>
   <article number="13">
      <title>Члан 13.</title>
      <orderedlist>
         <listitem>
            <para>Свако има право на слободу кретања и становања унутар границе сваке државе.</para>
         </listitem>
         <listitem>
            <para>Свако има право да напусти било коју земљу, укључујуђи своју властиту и да се врати у своју земљу.</para>
         </listitem>
      </orderedlist>
   </article>
   <article number="14">
      <title>Члан 14.</title>
      <orderedlist>
         <listitem>
            <para>Свако има право да тражи и ужива у другим земљама уточиште пред прогонима.</para>
         </listitem>
         <listitem>
            <para>На то се правно не може позивати у случају прогона који су заиста изазвани неполитичким злочинима или дјелима противним циљевима и начелима Уједињених нација.</para>
         </listitem>
      </orderedlist>
   </article>
   <article number="15">
      <title>Члан 15.</title>
      <orderedlist>
         <listitem>
            <para>Свако има право на држављанство.</para>
         </listitem>
         <listitem>
            <para>Нико не смије самовољно бити лишен својег држављанства нити му се смије одређи право да промијени своје држављанство.</para>
         </listitem>
      </orderedlist>
   </article>
   <article number="16">
      <title>Члан 16.</title>
      <orderedlist>
         <listitem>
            <para>Пунољетни мушкарци и жене без икаквих ограничења у погледу расе, држављанства или вјере, имају право да склопе брак и да оснују обитељ. Они су равноправни приликом склапања брака, за вријеме његова трајања и приликом његова развода.</para>
         </listitem>
         <listitem>
            <para>Брак се склапа само уз слободан и потпун пристанак оних који намјеравају ступити у брак.</para>
         </listitem>
         <listitem>
            <para>Обитељ је природна и основна друштвена јединица и има право на заштиту друштва и државе.</para>
         </listitem>
      </orderedlist>
   </article>
   <article number="17">
      <title>Члан 17.</title>
      <orderedlist>
         <listitem>
            <para>Свако има право да сам посједује имовину, а исто тако да је посједује у заједници с другима.</para>
         </listitem>
         <listitem>
            <para>Нико не смије самовољно бити лишен своје имовине.</para>
         </listitem>
      </orderedlist>
   </article>
   <article number="18">
      <title>Члан 18.</title>
      <para>Свако има право на слободу мисли, савјести и вјере; то право укључује слободу промијенити своју вјеру или вјеровање и слободу да се, било појединачно или у заједници с другима, јавно или приватно, испољава вјера или вјеровање учењем, вршењем, обредима и одржавањем.</para>
   </article>
   <article number="19">
      <title>Члан 19.</title>
      <para>Свако има право на слободу мишљења и изражавања; ово право укључује слободу мишљења без туђег мишљења а исто тако и тражење, примање и саопчавање обавјештења и идеја било којим средствима и без обзира на границе.</para>
   </article>
   <article number="20">
      <title>Члан 20.</title>
      <orderedlist>
         <listitem>
            <para>Свако има право на слободу мирног окупљања и удруживања.</para>
         </listitem>
         <listitem>
            <para>Нико не може бити приморан да припада неком удружењу.</para>
         </listitem>
      </orderedlist>
   </article>
   <article number="21">
      <title>Члан 21.</title>
      <orderedlist>
         <listitem>
            <para>Свако има право да судјелује у управи своје земље, непосредно или преко слободно изабраних представника.</para>
         </listitem>
         <listitem>
            <para>Свако има право на једнак приступ јавним службама у својој земљи.</para>
         </listitem>
         <listitem>
            <para>Воља народа треба да буде основа владине власти; та воља треба да се изражава у повременим и истинским изборима, који треба да се проводе општим и једнаким правом гласа, тајним гласањем или одговарајучим поступцима слободног гласања.</para>
         </listitem>
      </orderedlist>
   </article>
   <article number="22">
      <title>Члан 22.</title>
      <para>Свако, као Члан друства, има право на социјално осигурање и право да остварује економска, социјална и културна права неопходна за своје достојанство и за развој своје личности путем државне помођи и међународне сурадње а у складу с организацијом и средствима сваке државе.</para>
   </article>
   <article number="23">
      <title>Члан 23.</title>
      <orderedlist>
         <listitem>
            <para>Свако има право на рад, на слободан избор запослења, на правичне и повољне увјете рада и на заштиту од незапослености.</para>
         </listitem>
         <listitem>
            <para>Свако, без разлике, има право на једнаку плачу за једнаки рад.</para>
         </listitem>
         <listitem>
            <para>Свако ко ради има право на правичну и повољну наплату која њему и његовој обитељи осигурава човјека достојни опстанак и која се, по потреби, допуњује другим средствима социјалне заштите.</para>
         </listitem>
         <listitem>
            <para>Свако има право да ради заштите својих интереса образује синдикате и да ступа у њих.</para>
         </listitem>
      </orderedlist>
   </article>
   <article number="24">
      <title>Члан 24.</title>
      <para>Свако има право на одмор и доколицу укључујуђи разумно ограничење радних сати и периодичне плађене празнике.</para>
   </article>
   <article number="25">
      <title>Члан 25.</title>
      <orderedlist>
         <listitem>
            <para>Свако има право на животни стандард који одговара здрављу и добробити њега самога и његове обитељи, укључујуђи храну, одјеђу, стан и лијечничку његу и потребне социјалне услуге, као и право на осигурање за случај незапослености, болести, неспособности, удовишта, старости или другог помањкања средстава за живот у приликама које су изван његове мођи.</para>
         </listitem>
         <listitem>
            <para>Мајка и дијете имају право на нарочиту бригу и помођ. Сва дјеца, било рођена у браку или изван њега, треба да уживају исту социјалну заштиту.</para>
         </listitem>
      </orderedlist>
   </article>
   <article number="26">
      <title>Члан 26.</title>
      <orderedlist>
         <listitem>
            <para>Свако има право на образовање. Образовање треба да буде бесплатно, бар у основним и нижим ступњевима. Основно образовање треба да буде обавезно. Техничко и стручно образовање треба да буде опђенито приступачно, а и више образовање треба такође да буде свима приступачно на темељу способности.</para>
         </listitem>
         <listitem>
            <para>Образовање треба да буде усмјерено на пуни развитак људске личности и на учвршђавање поштивања човјекових права и основних слобода. Оно треба да унапређује разумијевање, сношљивост и пријатељство међу свим народима, расним и вјерским скупинама, и треба да унапређује дјелатност Уједињених нација на одржавању мира.</para>
         </listitem>
         <listitem>
            <para>Родитељи имају првенствено право да бирају всту образовања за своју дјецу.</para>
         </listitem>
      </orderedlist>
   </article>
   <article number="27">
      <title>Члан 27.</title>
      <orderedlist>
         <listitem>
            <para>Свако има право да слободно судјелује у културном животу заједнице, да ужива у умјетности и да учествује у знанственом напретку и у његовим користима.</para>
         </listitem>
         <listitem>
            <para>Свако има право на заштиту моралних и материјалних интереса који проистичу ма од којег знанственог, књижевног или умјетничког производа којему је аутор.</para>
         </listitem>
      </orderedlist>
   </article>
   <article number="28">
      <title>Члан 28.</title>
      <para>Свако има право на друштвени и међународни поредак у којем права и слободе изложене у овој Декларацији могу бити потпуно остварене.</para>
   </article>
   <article number="29">
      <title>Члан 29.</title>
      <orderedlist>
         <listitem>
            <para>Свако има обавезе према заједници из које је једино могуђе слободно и пуно развијање његове личности.</para>
         </listitem>
         <listitem>
            <para>У вршењу својих права и слобода сватко треба да буде подвргнут само оним ограничењима која су одређена законом искључиво у циљу осигурања дужног признања и поштивања права и слобода других и у циљу задовољења правичних захтјева морала, јавног поретка и опчег благостања у демократском друштву.</para>
         </listitem>
         <listitem>
            <para>Та права и слободе ни у којем случају не могу се примјењивати противно циљевима и начелима Уједињених нација.</para>
         </listitem>
      </orderedlist>
   </article>
   <article number="30">
      <title>Члан 30.</title>
      <para>Ништа се у овој Декларацији не може тумачити као право ма које државе, скупине или особе да судјелује у било којој дјелатности или да врши било какву дјелатност усмјерену на уништавање било којих овдје изложених права и слобода.</para>
   </article>
</udhr>
