<?xml version="1.0" encoding="UTF-8"?>

<!--© The Office of the High Commisioner for Human Rights-->

<udhr lang="agr" language="Aguaruna" xmlns="http://www.unhchr.ch/udhr">
   <note>
      <para>Ashi aents yakat muun aidaunmaya ijunjamunum, tsawan 10 de diciembre 1948 tin etsejau ainawai, juju ashi aents aidaunum uminkatin ati tusa. Nunu tsawantai jintiajajui chichaman dutika ashi nugkanum iwainaju ainawai, aents nii anentaibau, nii wakejamu yupichu dutikashmin chichajamunum ayamkagtaun. Tuja tiaju ainawai: Juju chicham pegkeg jintiagmawa juka juwig nagkankashti, ashi nugkanum dapampaejati, yakat muun aidaunum, yakat piipich aidaunmashkam, papi aujtainmash ashi tutinjati tiajui. Tuja papinum agajag sujuktinme tiajui ashi aents aidau aujus dekatnume tusa. Makichkish ugkamuk atsuti tiajui.</para>
   </note>
   <title/>
   <preamble>
      <title>NAGKABAU</title>
      <para>Juu ainawai ima dekas jikattsa chichamjukmauk: Agkan pujut, tikichish waitkascham pujut, agkan takaku tikichish atankishmin pujut; agkan uyumakas pujusa takat, tikichi jinti niimjutsuk. Yaunchkek aents ashi nugkanum juna dekawag shiig ayamjumak pujus takajakchajui. Juna shiig dekainachu tuke ukmauwa nunin asamtai. Ashi aents anentaimainak, aentsuk tuke waitkatais aawa anentaimaidau. Nuninak makimakichik aents ditak chichamjumka ayamjumamainnak dekainachu.</para>
      <para>Tuja juju aents chichamjumka, ayamjumka pujumainnak ‐ dekashbaun nagkamak jikiaju ainawai. Aents aidau aentschau utugmaina anmamut kuashat pegkegchaunum katsekeamun, anentaimaunash yupichu chichakchamin awajuinamun wain wajainak iwainakajui. Dutikamun aents aidau wainak kuashat puyatjus wakejukajui. Nuniak ashi nugka muunta jui aents batsamas ishamkagtutsuk, waitkas, puyattsuk dita dekaskeapi tusa anentaimsa Apajuikesh, tikich wájikesh anentaimtamunash shiig aneasag dakunkut dutikatnume tia;\ui. Aents ayamjumka, chichamjumka pujamuk dekas tikichish yapagtuashmin nii wajuk makichik aents anentaimuak dutiksag chichamjumak pujustin ati tiajui. Aents dakitauk waitkasa takamtiktaig, apu waitkagkagtinu inakeg, chichame antugchataig, aents wagagsa najaki chichagtaig achagti tiajui. Nuniak nunashkam tiajui: Tikich nugkanmayajaish ishamnaitsuk, shiig anendaisag atueyin agtinme tiajui (Tusa juna agajaju ainawai):</para>
      <para>Yakat muun aidaunmaya ijunjamunum, papinum agajag emetjau ainawai, aents anenjas dutikmain aidaun, aentsti imanjish aentsmasa diitan, tikich aidaujaish betek atan, nuwashkam aishmagshakam; tuja juju chicham aidau dekaskeapi tabau emtiktanash.</para>
      <para>Nuigtushkan yakat muun aidaunmayajai ijunja, tikich nugkanmayajai yainit nagkamna jushakam aikasaik emetja emtikami, aents agkan pujus anenjas chichamain aina aujai tiajui.</para>
      <para>Nunashkam tiajui: Juju takat sumamsag jushaka¡n puyatjusa shiig uminkati, agkan chichat, agkan pujut, ashi aentstinum ajutkagtau asamtai tiajui.</para>
      <para>AENTS UNTSUJI IJUNJAMUNUM</para>
      <para>etsejamu</para>
      <para>Juju aents yupichu anenjas dutikmain aidau etsegna duka ashí yakat muun aidaunmayash pee kakanmain ainawai, makichik anentaimtak ati tusag, dutikaku ashi aents aidaunum, ijuntuja takatai aidaunmashkam; dutikaku emtikami anenjas chichamain, agakan tikich waitkascham pujut aina juju; tuja aikasag ashi nugkanmaya aidaush dekaskeapi titinme, yakat imaan aidaunmayampap takasajuita tusag, nunu nugkanum pachinak batsatainaushkam.</para>
   </preamble>
   <article number="1">
      <title>Artículo 1.</title>
      <para>Ashi aents aidauk agkan akinui, betek eme anentsa aentsmasa diyam atanmash, tuja aents anentaibau, aents dutikatasa wakej amu yupichu dutimainnum, tuja ni wakejamun takakush tikish bakushminnum, nuniak tikish aidaujaish shiig yatsuta anmamut ati tusa.</para>
   </article>
   <article number="2">
      <title>Artículo 2.</title>
      <para>Ashi aentsun ajawai nii anentaibau yupichu dutikmain, tuja agkan tikich waitkascham pujamushkam etsejamui, ima aents pujunukechu, aishmagnukechu, tikich chichaman chichaku, tikich apajuin etsagkin, niish anentaimkau, tikich nugkanmaya, ujunauch, wiyakush, yaja akidau akushkam, ashi betek agkan ainawai.</para>
      <para>Nuigtushkan makíchik aentskesh nagkaegam achatnai agkan pujutnumak apu aidau dakitamu aigkish. Tuja aents nugka akanjamunum pujaush, ashí betek apu pujamunum pujuidau agkan chichamainji, takamainji, dutikmainjish ajuina nunisag aagtinai. Nugka akankamumun pujawai tusa anenjas chichakchamin, anenjas takaschamin, anenjas puj uschamin anentaimtam amaitsui; tikich nugkanmaya apu chichamen pujuidaushkam antsag ashi betek aidau asamtai.</para>
   </article>
   <article number="3">
      <title>Artículo 3.</title>
      <para>Ashi aents aidauk wainka wakegaku ayamkenchau maa ajapeamak achatnai. Ashi aentsnak ajawai puyatjumkas pujut, tikich waitkascham shiig agkan pujuta nunu.</para>
   </article>
   <article number="4">
      <title>Artículo 4.</title>
      <para>Makichik aentskesh inak ema apusa waitkamak amaitsui. Aents wainka inaku waitkastin timauk atsawai ajumaish tuke dutikashtin timau asamtai.</para>
   </article>
   <article number="5">
      <title>Artículo 5.</title>
      <para>Aentschau utugmaina anmamut achika apusa wainka suimak suwaku waitkamak achatnai aentsuk.</para>
   </article>
   <article number="6">
      <title>Artículo 6.</title>
      <para>Ashi aents aidauk ashí nugkanum agkan pujumainai ni wakejamunum nuniak ashi aents aidau chicham umiktin aina juna betek umimainai, umitsuk inaimaitsui tikich nugkanum pujajai tusa.</para>
   </article>
   <article number="7">
      <title>Artículo 7.</title>
      <para>Chicham aents aidau umiktin agaja iwainagbauwa nunu ayamkagtamunmag betek ainaji, nuniau asamtai aents aidau imamchauch anentaimtusa diyam amaitsui, chicham umiktin agagbau ashi aentstin ayamkagtau asamtai.</para>
   </article>
   <article number="8">
      <title>Artículo 8.</title>
      <para>Apu aidau nuni takantsati iina nugken tusa jintiagbau, nuniashkush chicham ashí aents aidau umikti tusa iwainagbau aig, nuna betek umitsuk waitkam, apu aidau emtin ajankas etsegtumamainuk agkan ajutjamji.</para>
   </article>
   <article number="9">
      <title>Artículo 9.</title>
      <para>Makichik aentskesh tutit chichamji atsujaig wainka achika egkea waitkamak achatnai, dutikashkuish nii pujamujinia jiki ajapeam achatnai.</para>
   </article>
   <article number="10">
      <title>Artículo 10.</title>
      <para>Ashi aentsnak agkan ajawai tikich aidaush chicham antujam atanum, apu chichama dakuen, chichama epegkin aidau ijunjamunmash, aents chichamuk puyattsa antujam amainai. Apu aidau aents katseknak nii bakumamainj i ajaig patayi asamtai ayamjuktatus pegkegnum inagnamaitsui, nuniashkush nii tuke aneas kajejak wainak dekaskechu aig baku inaimaitsui. Dekas yaita ayamjam amainush, tuja yaíta bakumamainush nuna shiíg dekamanínai.</para>
   </article>
   <article number="11">
      <title>Artículo 11.</title>
      <orderedlist>
         <listitem>
            <para>Ashi aents aidau tutit chichamji ajamu, chicham shiig ejetuskek wainka suimak suwakuik waitkamaitsui, waitkatsuk apusa dekagmainai. Tuja apu chichaman ínagdau aidau aents wajuk ayamjumkaya uwemainaita nuna takakush chicham umiktin agagbauwa nuna aintus dekagmainai, aents bakumamainji atsugbaush shiig ayamjumamain asamtai.</para>
         </listitem>
         <listitem>
            <para>Makichik aentskesh chícham iina nugkeniatik umiktin, nuníashkush tikich nugkanmaya chicham umiktin aidaun betek umikchamtai suimak sunasti tusa chicham najatmaitsui yama nuniamu wainmawaik tichau ayatku, tsawan nagkaemakiu aig imapamak.</para>
         </listitem>
      </orderedlist>
   </article>
   <article number="12">
      <title>Artículo 12.</title>
      <para>Makichkish aentsuk nii pujutaijin tikich pachintua nii dakitamun atsam takamainaitme, pujakmesh ajam pujumainaitme tusa yapagtuatasa waitkam amaitsui, dutikashkush jeenkesh, patayi pujamunakesh, tikichi jeenkesh jeteka, aentsun ajantus diitsuk wainak waftkamaitsui. Ashí aentsnak ajawai aents wainka waitkamaitsuí tusa agagbauwa awi ayamjumka pujamu. Aentsuk wainka jetetaik pujumaitsui, wainka jetejatmainai tabau atsau asamtai.</para>
   </article>
   <article number="13">
      <title>Articulo 13.</title>
      <orderedlist>
         <listitem>
            <para>Ashi aentstik agkan ajankas wekaemainaitji jinia apu nugka chichamjukbaunmag, tuja ji pujustinchakam ji nugka wakesa egaka jujui pujustajai tusa pujumainal.</para>
         </listitem>
         <listitem>
            <para>Ashi aentsnak agkan ajawai tikich nugkanum weamush, tuja ditanmau nugkanmakesh, nunika tikich nugkanum weuti ataktu wakitki iina nugken tamushkam.</para>
         </listitem>
      </orderedlist>
   </article>
   <article number="14">
      <title>Artículo 14.</title>
      <orderedlist>
         <listitem>
            <para>Ashi aents aidau, waitkastasa egamu akush, uyumakas agkan egamainai nii uwemainun, tuja nunu uwemtainum wayag shiig waitkascham pujumainai jiintsuk; junak tikich nugkanmakesh yupichu dutikmainai.</para>
         </listitem>
         <listitem>
            <para>Tuja juju nuniamuk tikich nugkanmaya aidau dakjtmajnkesh katsekmakchau asa, tutjt chichamjish imán ajashbauti nunimainai. Kuashat pegkegchau takatsuk nunimaítsui. Nuna imanun takasunak makichkish dutikag uumaitsui.</para>
         </listitem>
      </orderedlist>
   </article>
   <article number="15">
      <title>Artículo 15.</title>
      <orderedlist>
         <listitem>
            <para>Ashi aents aidauk nii nugkenia papinak takaku amainai, jimaja papigtin amaitsui.</para>
         </listitem>
         <listitem>
            <para>Makichik aentskesh, tikich aentsun papijum yapajiata jujuiya papi takamainaitme tusa dakitaunakek yapagmitkamaitsui. Nutikashkush makichik aents nii nugkenian papín idaiyak jujuiya papin jukin juiya aents atajai tutaish atsa tusag utugmaitsui nii wakegaunakek.</para>
         </listitem>
      </orderedlist>
   </article>
   <article number="16">
      <title>Artículo 16.</title>
      <orderedlist>
         <listitem>
            <para>Aishmag, nuwashkam tsakaja uminkag utujimtsuk agkan nuwenmainai, nunimaitsui nuwenmaitsui tusaish tumaitsui tikich nugkanmayajai nuwenatag takuish, nuniashkush nii tikich Apajuin etsagkin akush, mai wakejuniakug agkan nuwenmain ainawai, nunik mai shiig anendaiyas pujumainai. Tikich nugkanmayaj aish wagkag nuwenati, tikich aentsjaish wagkag nuwenati tusag utugmaitsui wakejuninaunakek. Tuja dita mai ínainaisatag tutaishkam aikasag dutikmain ainawai.</para>
         </listitem>
         <listitem>
            <para>Ashí aents nuwenkug ditak mai wakejunis chichasag nuwenmainai, wakejuniachunak waitkas nuwemain ainatsui.</para>
         </listitem>
         <listitem>
            <para>Aents nii nuwejai, uchijijaí batsatbauk dakittsa diyamak achatnai ajumaish, dita aidau kawetan, yakat muun ematan ikawean asamtai, ashi aents nui batsatkau aidaush kuitamainai, ayamjumainai dita atsumamunum, aikasag nugka apujishkam yupichu ayamjumainai, yaitnashkam yaimainai.</para>
         </listitem>
      </orderedlist>
   </article>
   <article number="17">
      <title>Artículo 17.</title>
      <orderedlist>
         <listitem>
            <para>Ashi aents aidauk agkan yupichu ditash takatjigtin, ditash wajigtin amain ainawaí. Tuja ashi aents ijuntuja takatainmash niishkam yupichu pachinak takamainai.</para>
         </listitem>
         <listitem>
            <para>Makichkish tikich aents wajijinatatus takamunmag pachintuk juka ajamek takamaitsume tusag akasmatmaitsui. Aents niish takauk wainka takatji akasmatmaitsui.</para>
         </listitem>
      </orderedlist>
   </article>
   <article number="18">
      <title>Artículo 18.</title>
      <para>Ashi aentstin ajutkagtawai agkan jintiaja anentaimtanum, Apajui umigtanmash, tikich Apajuima pujamu yapajintanmash, aikasag ajutkagtawai ii dekaskeapi tamau etsegtanmash, tikich ujatnumash, aents tuwakbaunum etsegtash, nuniashkush dita ijunja chichataij in etsegtanmash, jintitnumash, apajui etsagtanmashkam.</para>
   </article>
   <article number="19">
      <title>Artículo 19.</title>
      <para>Ashi aents aidau nii anentaibaun chichaktag takush anenjas chichamainai, tuja nii anentaibau chichamunmash wainka waitkam amaitusi nunu nii chichamu dekajua ashi dapamtugtasa nunuig inagnatsuk.</para>
   </article>
   <article number="20">
      <title>Artículo 20.</title>
      <orderedlist>
         <listitem>
            <para>Ashi aents aidau agkan shííg aneas, tikich aents aidaujai íjunjatag takush ijunmainai, tikichjai atukatag takush anenjas atuemainai, tujash wainak tutit chichaman aeptsuk.</para>
         </listitem>
         <listitem>
            <para>Makichkish tikich aents ijunjag takainamunum pachia awayatasa waitkam amaitsui.</para>
         </listitem>
      </orderedlist>
   </article>
   <article number="21">
      <title>Artículo 21.</title>
      <orderedlist>
         <listitem>
            <para>Ashi aents niina nugkenia apu takatjín tutupnik pachinak takastag takush anenjas dutikmainai, nuniashkush apujai takau aidau etejamkesh waya takamainai.</para>
         </listitem>
         <listitem>
            <para>Ashi aents aidau apu namkatag takush anenjas tikich aents apu namaina nunisag naamaínai niína nugken.</para>
         </listitem>
         <listitem>
            <para>Ashi aents aidau wakejusam apu naamak taka nunu ima pegkejai, nunu aents wakejamuk apu adaimunum aents aidau papinum agajag ajapjamunum nii ima kuashat wagakiu anaimawa nuwai. Nunu papi agaja apu adaikatasa ajapeamuk ashí aents muun, nuwa muun papigtin aidau dutikmainai, ukagkesh, paan iwainakagkesh, tujash anenjas agkan dutikmain asamtai.</para>
         </listitem>
      </orderedlist>
   </article>
   <article number="22">
      <title>Artículo 22.</title>
      <para>Ashi aents aidau, aents kawem batsatbaunum pachinak pujakush agkan kajitmamas shig aneas pujus umigmamainai atsumamujin, unuimatjinash, tikich aidau atsumkas, waitkas pujamujai betek pujutan, apu nii pujakbaunmaya, tikich nugkanmaya apujaigkesh kakas pujut pegkeg jukimunum pujakush.</para>
   </article>
   <article number="23">
      <title>Artículo 23.</title>
      <orderedlist>
         <listitem>
            <para>Ashi aentsun ajawai takat anenjas pujusa takatnum, nuniak nii wakegamun egaka takamainai, tuja nunu takatnumak tikich aidaujau betek takak, tikich aidau kuichik juwamujai niishkam betek jumainai. Aikasag aents takak pujaush wainka jiiki ajapeam amaitsui.</para>
         </listitem>
         <listitem>
            <para>Ashi aents aidau agkan shiig aneas nii takamunum tikich aidaujai betek kuichkin jumainai, wainak juka ujumchik akinkati tama amaitsui nunu takatnak takaigkik tikichin ima ewaegak akiayaitak.</para>
         </listitem>
         <listitem>
            <para>Ashi aents aidau dita takamunum kuichik juwamu eketmaunmash, tikich aidaujai betek eketam amainai, ekek juwak ememen niina patayinash yaimain asamtai, tuja aents takau waittaish aikasag kuitamain ainawai pachitsuk inaitsuk.</para>
         </listitem>
         <listitem>
            <para>Ashi aents aidaun ajawai takat takamunum shiig akijuinashkui chichamjumkatasa ijuntai najanbaunum.</para>
         </listitem>
      </orderedlist>
   </article>
   <article number="24">
      <title>Artículo 24.</title>
      <para>Ashi aentsun ajawai takat takaku pujamu inagnaka ujumak tsawantai ayamain. Nunu nii ayamku tsawan megkaemunmash kuichkinak megkaetsuk takaku juwamujai betek jumainai.</para>
   </article>
   <article number="25">
      <title>Artículo 25.</title>
      <orderedlist>
         <listitem>
            <para>Ashi aents aidau dita wakegamu umigmamka emetnaja pujumainuk agkan ajawai; aikasag niina patayinashkam. Tuja jata uwemtuja pujutnumash, yuta yuwa pujutnumash, waitkas pujutnumash, jaanch nugkutnumash, jeena pujutnumash, jaaku ampimatnumash ashi aents aidaujau yainitnumash, nii takatji emetja takatnumash, jaaku aents takau aidau ampimatain ampimamush takaschamin wajasa ajin yayam atanmash, wajemeamtai yayam atanmash, muunpaki kakaja takaschamin wajasa ajin yayam atanmash ashi ajutjamji yupichu anenjas yayam atanum.</para>
         </listitem>
         <listitem>
            <para>Nuwa uchuchin jujeakui, uchuch akinushkam mai puyatjusa kuitaman amainai. Uchí iina nuwen akinu, nuniashkush iina tsanijinkish akinamtaish shiig puyatjusa kuitamam atinai. Uchi akinamtai wainka kuitamtsuk, pachitsuk inaimak amaitsui.</para>
         </listitem>
      </orderedlist>
   </article>
   <article number="26">
      <title>Artículo 26.</title>
      <orderedlist>
         <listitem>
            <para>Ashi aents aidau agkan anenjas pujus unuimamainai. Unuimagtasa augbauk akikchauwai tiki anenjauchi. Yama nagkamsa dekatkau unuimata au dekatasa augbaunmag makichik aentskesh ausashtajai tusag dakitmaitsui, dakitakush augmainai aents aujtsuk pujumainai timau atsau asamtai. Tuja nuni ewaesa takat yupichu jukimig tusa aujtainmash ashi aents yupichu augmain aínawai. Tuja nuní nagkaemas emtuk ausatag takush nii papi aujtainum megkaetsuk shiig weakug tikich eemtuk aujuinamujai betek augmainai. Shiig unuimag weaunak amek aujmaitsume tusag inaimitkamaitsui.</para>
         </listitem>
         <listitem>
            <para>Unuimatak pegk¿jai jina aentsti imanjiya nunu nuni nagkaemasa pantu iwaintumkatasa, nuniaku ashi aents aidaujaish aentsmatnaisa niniamu amain asamtai. Tuja ashí aents agkan pujamushkam shiig dekagnaimainaitji, tikíchish ajantusa antugmainaitji tikich aents weantu aidaujaish, tikich Apajuin etsagkin aidaujaish, Nuniaku emtikmainai tikich nugkanmayajai atueja shiig agkan manit atsamunum ajutnaita nunu.</para>
         </listitem>
         <listitem>
            <para>Ashi muun uchigtin aidauk anenjas etegmainai nii uchiji wajukunma aujus unuimamainaita nuna.</para>
         </listitem>
      </orderedlist>
   </article>
   <article number="27">
      <title>Artículo 27.</title>
      <orderedlist>
         <listitem>
            <para>Ashi aents aidau anenjas pachinak takamainai unuimatai aidau takamunum nina yaktajin yaigtatus, nuniak eemtikmainai unuimagtasa dekatai aidaun, tuja nunu emtikamunmayan niishkam pegkejan jumain asá.</para>
         </listitem>
         <listitem>
            <para>Ashi aentsun ajawai nii takatji nigki iwainamainji, unuimagtasa dekatai aidau agagbaunakesh tikich atagki iwainamaitsui, tikich takat aidaushkam aikasaik dutikmaitsui, aents imanchau anentam aig tusa.</para>
         </listitem>
      </orderedlist>
   </article>
   <article number="28">
      <title>Artículo 28.</title>
      <para>Ashi aents aidau anenjas iwainamainai chicham aentsti tikich nugkanmaya aidaujai, iinia nugkanmaya aidautish umiktin ashi nugkanum agaja iwainagbauwa au shiig uminkati tusa chichamjamun.</para>
   </article>
   <article number="29">
      <title>Artículo 29.</title>
      <orderedlist>
         <listitem>
            <para>Ashi aentsun nii yakat pujamunum umimain ajawai, nunu dutika umiamunum niishkam agkan anentaimtajin emtikmain asa. Ashi aents nii yaktajin takainamun yaimak anenjas pujumainai.</para>
         </listitem>
         <listitem>
            <para>Chicham umiktin agagbau juu aidau umimainai tawa dutiksag ashi aents nii wakegamun takakush takamainai, agkan pujamujishkam nunisag, nuniak dekas chicham umiktin aidaun, agkan pujutan ashi ajantusa diyamun iwainamainai tikich aents aidau emtinish, ditashkam antsag batsamsatnume dita wakejamun takainakush tusa.</para>
         </listitem>
         <listitem>
            <para>Juju agkan dutíkmain, agkan pujuta dushakam, makichkikesh ashi aents tikich nugkanmaya aidaujai dita wakesa atus uminkatin atí tusa nagkamamu aigkik yaja yapajia takamain ainatsui.</para>
         </listitem>
      </orderedlist>
   </article>
   <article number="30">
      <title>Artículo 30.</title>
      <para>Yamai juju chicham umiktin aidau iwainagbauwa juna nii yaja antuk yapajia takak aents agkan pujus anenjas takamainai tamau aina juna emegkaumaitsui yapaj itnakesh yapaj imaitsui chichaman.</para>
   </article>
</udhr>