<?xml version="1.0" encoding="UTF-8"?>

<!--© The Office of the High Commisioner for Human Rights-->

<udhr lang="ayr" language="Aymara, Central" xmlns="http://www.unhchr.ch/udhr">
   <title>AKAPACH JAQE WALINKAÑAPATAKI INOQAT ARU</title>
   <preamble>
      <title>Qalltañataki</title>
      <para>UNANCHASA, aka pachana jaqejh munañanïsina, cheqpacha amuyasisa, cheqa thakir sarjhatasa, jilan sullkanjama arnaqasa, jan nuwasisa utjañaru wayt'asiñ yati;</para>
      <para>UNANCHASA, jaqen walinkañapataki wakisir arunaka armasna, yaqhep jaqejh masinakaparu khuyañ autuyi, mututanakasti, uñatatasisa, wajcha kankañapa atipasna, jan khitirus ajhsarasa, cheq-cheqa qhana arumpi arustatasjhapjhe;</para>
      <para>UNANCHASA, jaqen walinkañapataki inoqat arujha arjhatatäñapaw jan jaqe ñanqhachirinakaru ch'ajhwa qalítasna waninchapjhañapataki;</para>
      <para>UNANCHASA, taqpacha markanakajh kunti munapjhe ukanaka jikjhatañatakiejh jupanakpacha sumäñat arusthapisipjhañapaw;</para>
      <para>UNANCHASA, Mathapit Mayachat Markanakan Arupa taqjhatasna akham markanakajh amuyasi: Taqe mayniwa, chachas warmis, jaqe kankañanísinjha, ch 'amachasisna má ch 'ulla chachjama jaqen walinkañapa jíkjhatañaru wayt'asipjhe;</para>
      <para>UNANCHASA, taqe mrakanakajh Matahapit Markanakamp chika akham amtapjhe: sapaqat markanjha aniw jaqejh inaki arknaqatäkaspati; jakañapans yänakapans arjhatatäñapaw;</para>
      <para>UNANCHASA, Mathapit Markanakan amuyasitanakapa yatisina khuskat taqpachanipaw wayt'asipjhañapa phoqasiñapataki.</para>
      <para>MAYACHAT MARKANAKAJH JACH'A MATHAPIWINAKAPAN JAQEN WALINKAÑAPATAKI INOQAT ARU YATIYI</para>
      <para>Taqpacha jaqenaka, ayllunaka, markanaka, aka arunakaru iyau sasna ch'amachasipjhañapaw, isk'alalanakas, wayna tawaqonakas, chuymani jaqenakas, markapan qorpap manqhana yatichatäpjhañapaw. Ukhamarus qorpamarkanakampi jaya markanakampi arusthapisisa taqpacha markanakajh khuskat ch'amachasipjhatapampi alajh toqeru wayt asitapjaniw.</para>
   </preamble>
   <article number="1">
      <title>1. T'aqa</title>
      <para>Taqpach jaqejh khuskat uñjatatäpjhewa munañapansa, lurañapansa, amuyasiñapansa, ukatwa jilani sullkanípjhaspas ukham uñjasipjhañapawa.</para>
   </article>
   <article number="2">
      <title>2. T'aqa</title>
      <para>Taqpacha jaqenakajh chikasitapjhew; inajaqes, mistis, janq'os, ch'iyaras, chachas, warmis, amiris, wajchas taqe mayniw khuskat uñjatapjhe.</para>
      <para>Ukhamaraki, janiw juk'ampíkaspas ukhama uñjasispati jach'a markanakaru isk'a markanakat sipanjha; taqpacha markanakajh tinkusitäpjhew, jaqenakapasti chikasitapjharakiw.</para>
   </article>
   <article number="3">
      <title>3. T'aqa</title>
      <para>Sapaqat jaqejh jan khitirus ajhsarasa jakañapa, munañapa, amuyasiñapa, jaqe kankañapa taqjhatasiñapaw.</para>
   </article>
   <article number="4">
      <title>4. T'aqa</title>
      <para>Janiw j aqenakat maynikisa uywarj ama aljhatäkaspati, ukhamarus jan jupa munasin janiw kuna urañarus, irnaqañarus wayt'asitäspati.</para>
   </article>
   <article number="5">
      <title>5. T'aqa</title>
      <para>Janirakiw taqe jaqenakat maynikis khuyaña mutuñanakampi chhojrinchatäñapati.</para>
   </article>
   <article number="6">
      <title>6. T'aqa</title>
      <para>Jaqejh, jaqëtapat layku, kauki markankipansa jaqe kankañapajh wali chaninchatëñapaw.</para>
   </article>
   <article number="7">
      <title>7. T'aqa</title>
      <para>Jiliri p'eqeñanakajh taqe mayniru khuskat uñjapjhañapaw. Taqe mayniw arjhatatäñapa; kunapachati markanakan hualinkañapataki inoqat arunaka khitis t'unjaña munaspa ukajha, qhananchatäñapaw.</para>
   </article>
   <article number="8">
      <title>8. T'aqa</title>
      <para>Khititejh ñanqhachat uñjasisp ukajha, jach'a j ilirinakaruwa yatiyasiñapa arjhatatäñapataki.</para>
   </article>
   <article number="9">
      <title>9. T'aqa</title>
      <para>Janiw khitis markapana mutuyatäniti, janirakiw khitis markapata alismukutäniti.</para>
   </article>
   <article number="10">
      <title>10. T'aqa</title>
      <para>Taqe mayniw juchanchata uñjasisa mä cheqa arun jilirimpi ist'ayasiñap wakisi qhananchayasiñataki, uka qepatsti cheq cheqaru t 'aqayasiñataki.</para>
   </article>
   <article number="11">
      <title>11. T'aqa</title>
      <orderedlist>
         <listitem>
            <para>Janiw khitirus jucharu jalantatjama uñjañäkiti, khititejh lutintata uñjasispajha, ch'ajwa t 'aqeri j ilirin nayraqatapan mä arjhatasirimpi taqjhatat qhananchayasiñapaw, ukchañkamasti jan juchanjama uñjatäñapaw.</para>
         </listitem>
         <listitem>
            <para>Markasana yaqha markanakansa wakisiri inoqat arunak phoqasawa jucharu jalantirinakarojh uñjaña, mutuñanakasti juchanakampitj amaw wakisitäñapa.</para>
         </listitem>
      </orderedlist>
   </article>
   <article number="12">
      <title>12. T'aqa</title>
      <para>Janiw k'umiñas, ñanqachañas, ch 'inanchañas utjkaspati jaqen kankañapjhata, utapjhata, qellqasitapjhata. Taqe maynir arjhatañatakiw kamachit jach'a arunakas qellqanakas utji.</para>
   </article>
   <article number="13">
      <title>13. T'aqa</title>
      <orderedlist>
         <listitem>
            <para>Markapanjh taqe mayniw kawkiruti sarañ muni ukarojh saraskakispaw; kauki ujarus utjnoqasiñ munipaniha utjnoqasiskakispaw, janiw khitis kuns sañapäkiti.</para>
         </listitem>
         <listitem>
            <para>Markapatsa yaqha markatsa taqe mayniw mistuñ munipanjha mistukispaw, pachparu kutt ' aña munipans kutt'askakispaw.</para>
         </listitem>
      </orderedlist>
   </article>
   <article number="14">
      <title>14. T'aqa</title>
      <orderedlist>
         <listitem>
            <para>Khitiruti ñanqhachañataki arknaqasipkasp ukajha, kaukir markampis arjhatayasiskakispaw.</para>
         </listitem>
         <listitem>
            <para>Uka arjhatañasti janiw ina juchanakamp juchanchasir jaqetakfkiti, ukhamarus haniw Mayachat Markanakan inoqat aruparu jan phoqeri jaqetakïkiti.</para>
         </listitem>
      </orderedlist>
   </article>
   <article number="15">
      <title>15. T'aqa</title>
      <orderedlist>
         <listitem>
            <para>Janiw mä ch 'ulla jaqes jan markanejh utjkiti.</para>
         </listitem>
         <listitem>
            <para>Janirakiw jaqerojh markapjama uñtasitapjha apaqañjamäkiti, ukhamarus khitis markap lanti yaqha markampi trukasikispaw, munaña patjamaw.</para>
         </listitem>
      </orderedlist>
   </article>
   <article number="16">
      <title>16. T'aqa</title>
      <orderedlist>
         <listitem>
            <para>Yoqallanakas imillanakas chuymaniptjhasin paninchasipjhakispaw munasinjha, janiw khitis jark 'askaspati; chachas warmis purapatha uñjasipjhañapaw paninchasiwinsa jaljtasiwinsa.</para>
         </listitem>
         <listitem>
            <para>Chachamp warmimpi panipa arusthapisisakiw paninchasiñapatak wakisi.</para>
         </listitem>
         <listitem>
            <para>Auki, tayka, wawanakapas ayllu taypin saphipjama inoqataw, ukatwa ayllumasinakapat jach'a jilirinakapats arjhatat uñja sipjhañapaw.</para>
         </listitem>
      </orderedlist>
   </article>
   <article number="17">
      <title>17. T'aqa</title>
      <orderedlist>
         <listitem>
            <para>Taqe jaqetakiw wakisi utanïña, oraqenïña, jupa sapas ayllumasinakapampi chikas.</para>
         </listitem>
         <listitem>
            <para>Janiw khitisa utaps oraqeps inaki aparkaspati.</para>
         </listitem>
      </orderedlist>
   </article>
   <article number="18">
      <title>18. T'aqa</title>
      <para>Akhama inoqat arú utji: Taqe maynin munañapatjamaw yupaychañapas amuyasiñapas. Kuna munañanakaps, amtañanakaps, amuyasitanakaps trukaña munasina trukakispaw; ukanaksti taqe jaqen nayraqatapata arsuña, mayninakar yatichañsa, kauki toqeru ch 'eqeyañsa.</para>
   </article>
   <article number="19">
      <title>19. T'aqa</title>
      <para>Taqe maynejh kuna amuyasitanakapsa arsukispaw, ukhamarak yaqha jaqenakan amuyasitanakap qatoqasina ch'eqtatayakispaw markapans yaqha markanakansa, janiw khitis jark'askaspati.</para>
   </article>
   <article number="20">
      <title>20. T'aqa</title>
      <orderedlist>
         <listitem>
            <para>Taqe mayniw munañapata yaqha jaqenakampi arusthapisisa mathapisiskakispaw jan ch'ajhwa apanaqasna.</para>
         </listitem>
         <listitem>
            <para>Janiw khitirus ch'amakamajh kuna amtawiñarus mantayksnati.</para>
         </listitem>
      </orderedlist>
   </article>
   <article number="21">
      <title>21. T'aqa</title>
      <orderedlist>
         <listitem>
            <para>Taqe markanakanjh jach'a jilirinakapajh jaqen munañapata uskutäpjhañapaw. Taqe jaqesti jaqe masipan munañapata jilirjama ajllitakispaw.</para>
         </listitem>
         <listitem>
            <para>Jaqenakajh khuskata, taqe maynin taypita, jilirjama markapa aski apnaqañatakiejh khitirus aj llisipkakispaw.</para>
         </listitem>
         <listitem>
            <para>Ayllunakan, markanakan munañapaw mä qhauqha marat mara jilirinakaparu cheqa ajlliñajh. Uka amtatanakapasti janiw khitis q'eutaykaspati.</para>
         </listitem>
      </orderedlist>
   </article>
   <article number="22">
      <title>22. T'aqa</title>
      <para>Jaqejh mä markan utjasina masinakapamp chika, walinkañapana, k'umara utj añapana, yatiñapana, yänak jikjhatasitapana, arjhatatäñapaw. Uka ch'amapampi lurañanakansti jilirinakajh yaqha jilirinakamp arusthapisisa mayni markanakampi yanapt'ayasispaw.</para>
   </article>
   <article number="23">
      <title>23. T'aqa</title>
      <orderedlist>
         <listitem>
            <para>Taqe mayniw kun luraña munipansa Iurakispaw; yaqha jaqetaki Iuratanakapasti chaninchatäñapaw; inakt'awinsti jan luraña utjatap layku, yanapatäñapaw.</para>
         </listitem>
         <listitem>
            <para>Khuska jaqetaki kipka lurañanakanjh kipkarakiw chaninchañ wakisi.</para>
         </listitem>
         <listitem>
            <para>Taqe ch'amachasiri jaqejha Iuratapat chanip qatoqasiñapaw, ukampisti warmipa wawanakapamp chika jaqjama utjañapataki, jani ukhamäsp ukasti yanapatäñapaw.</para>
         </listitem>
         <listitem>
            <para>Taqe mayniw jupjama ch'amachasir jaqenakamp mathapisiñ munasinjh mathapisiskakispaw wakisitanakap arjhatasiñataki.</para>
         </listitem>
      </orderedlist>
   </article>
   <article number="24">
      <title>24. T'aqa</title>
      <para>Ch'amjasiri jaqejh sapa mara phoqasina samarañapaw wakisita, ukhamaraki jan lurawi urunakanjh. Uka samarawinakapansti ch'amjasiskaspas ukhama chanichatäñapaw.</para>
   </article>
   <article number="25">
      <title>25. T'aqa</title>
      <orderedlist>
         <listitem>
            <para>Khitis inakt'aspa usuntasna, ijmaptasna, usurmuktasna, achachiptasna, janiraki qolqenïspa isi, manq'a, qollanaka alañataki, marka jach'a jilirejh wajcha jaqerjama uñjasna yanapañapaw, ukatakisti kunaymana yanapanakaw utji.</para>
         </listitem>
         <listitem>
            <para>Wawachiri warminakajh, asunakajh taqe isk'a wawanakapas khuskata arjhatatäñapaw.</para>
         </listitem>
      </orderedlist>
   </article>
   <article number="26">
      <title>26. T'aqa</title>
      <orderedlist>
         <listitem>
            <para>Taqe mayniw yatichatäñapa. Uka yatichawejh janiw qelqaña mayatakïkaspati, taqe kuna yateqañatakïñapaw, chanin 'uka yateqawimpejh wayt 'asiñataki.</para>
         </listitem>
         <listitem>
            <para>Yateqawejh inakïñapaw, ukhamat wayna tawaqonakas juk'ampi yatiñanakaru arkañ munasinjha arkasipkakispaw, ukatakisti jach'a jilirejh taqe maynitaki yanapanak uchañapaw.</para>
         </listitem>
         <listitem>
            <para>Sapa maynin jaqe kankañapa wayt'asiñapataki, inoqat aru taqjhatañataki, markasana maya markanakampinsa jaqe masisaru yäqañataki, jaqen amuytasitanakap jan jark'atäñapaki, ukatakiw taqe mayniru churatäñapa. Auki taykakiw munañanejh ajliiñataki kuna yatiñanaks wakisispa wawanakapataki.</para>
         </listitem>
      </orderedlist>
   </article>
   <article number="27">
      <title>27. T'aqa</title>
      <orderedlist>
         <listitem>
            <para>Taqe jaqen munañapankiw masinakapampi chika ch'amasisa aski yatiñanak jikjhatañataki ayllupatakis markapatakis, ukhamarak uka yatiwinakampejh juk'amp wayt'asita utjañatakispaw.</para>
         </listitem>
         <listitem>
            <para>Sapa mayninkakiw amuytasitanakapas, luratanakapas, qellpatakapas; janiw khitis jupankaspas ukhama ukanakjh uñstaykaspati. Maynin inoqatapa lunthatirejh cheqanchatäñapaw.</para>
         </listitem>
      </orderedlist>
   </article>
   <article number="28">
      <title>28. T'aqa</title>
      <para>Khitis wayt 'askakispaw taqe jaqenakan walinkañapataki, aka inoqat aru phoqasiñapataki; ul:hamatjamaw markasans mayni markanakans cheqa thakiru sarj hatañasataki.</para>
   </article>
   <article number="29">
      <title>29. T'aqa</title>
      <orderedlist>
         <listitem>
            <para>Sapa mayniw aylluparu yächañapa kunat-ti ayllup manqhanakwa kankañapjha jikjhatani.</para>
         </listitem>
         <listitem>
            <para>Janiw khitis munañap-pin lurkaspati kunat-ti ayllu masipaw ñanqhachata uñjasispa, ukhamarus taqe mayniw sayt'apjhaspa ñanqhachataru arjhatañataki. Uka lantinjha taqpachani kamachit arunaka phoqasna, suma jakañ thaki patjharu sarjhatasna, jan pitu uñstayasna mä ch'ulla chachjama nukt'añasaw taqe maynin walinkañapa.</para>
         </listitem>
         <listitem>
            <para>Aka Mathapita Markanakan Arupajh janipiniw khitis maykiptkaspati munañapa lurañataki. Wakisiw inoqata arupa arjhataña.</para>
         </listitem>
      </orderedlist>
   </article>
   <article number="30">
      <title>30. T'aqa</title>
      <para>Janiw kaukir markasa, khiti jaqesa sapapakis masinakapampis arusthapisinsa, j aqen walinkañapatak inoqat arunaka q'eujtayasna kuna lurañanakamp, amtañanakamp tumpampi, jaqeru arknaqasina, munañanakapa, yatinoqtatapa, irnaqasiñanakapa, amuyasiñanakapa apaqapkaspati.</para>
   </article>
</udhr>