<?xml version="1.0" encoding="UTF-8"?>

<!-- © The Office of the High Commissioner for Human Rights -->

<udhr lang="kir" language="Kirghiz" xmlns="http://www.unhchr.ch/udhr">

  <title>Адам Укуктарынын Жалпы Декларациясы</title>

  <note>
    <para>Бириккен Улуттар Уюмунун Башкы Ассамблеясында 1948‐жылдын 10‐декабрында кабыл алынган.</para>
  </note>

  <preamble>
    <title>ПРЕАМБУЛА</title>
    <para>Адамзат үй‐бүлөсүнүн бардык мүчөлөрүнөтаандык болгон жогорку беделди жана алардын бирдей жана ажырагыс укуктарын таануу эркиндиктин, адилеттү үлүктүн жана жалпы тынчтыктын негизи болуп санала тургандыгын эске алуу менен; жана</para>
    <para>адам укуктарын этибарга албоо жана жеккөрүү адамзатынын абийирин козгогон жырткычтык актыларга алып келгендигин жана адамдар сөз эркиндиги менен ынанымга ээ болгон, эчнерседен коркпогон жана эч нерсеге муктаж болбогон дүйнөнүтүзүү адамдардын эң жогорку умтулуусу катарыжарыялангандыгын эске алуу менен; жана</para>
    <para>адам акыркы арга катары зомбулукка жана эзүүгү каршы күтүрүлүүгө аргасыз блбошун камсыз кылуу максатында адам укуктары мыйзамдын күчү менен корголууга тийиш экендигин эске алуу менен; жана</para>
    <para>элдердин ортосундагы достук мамилелерди өнүктүрүүгө көмөктөшүү зарыл экендигин эске алуу менен; жана</para>
    <para>Бириккен Улуттардын элдери Уставда адамдардын негизги укуктарына, адам инсанынын беделине жана баркына, эркектер менен аялдардын тең укуктуулугуна ишенгендиктерин ырасташкандыктарын жана толук эркиндикке чыгуу менен катар социалдыкпрогресске жана турмуш шартты жакшыртууга көмөктө шүүнү чечишкендигин эске алуу менен; жана</para>
    <para>Бириккен Улуттар Уюму менен кызматташууда мүчө‐мамлекеттер адам укуктары менен негизги эркиндиктерди жалпы урматтоого жана салым кошууга милдеттенгендигин эске алуу менен; жана</para>
    <para>ушул укуктардын жана эркиндиктердин мүнөзүн жалпы түшүнүү ушул милдеттенмелерди толук аткаруу үчүн зор мааниге ээ экендигин эске алуу менен,</para>
    <para>Генералдык Ассамблея</para>
    <para>адам укуктарынын ушул Жалпы Декларациясын ар бир адам жана коомдун ар бир органы ушул Декларацияны дайыма эске алып, агартуу жана билим берүү жолу менен ушул укуктарды жана эркиндиктерди урматтоого жана улуттук жана эларалык прогрессивдүү иш‐чаралар аркылуу Уюмга мүчө болгон мамлекеттердин элдеринин арасында, ошондой эле алардын юрисдикциясында турган аймактын элдеринин арасында алардын жалпы жана толук таанылышын жана ишке ашырылышын камсыз кылууга көмөктөшүү алуутулуу үчүн бардык элдер менен мамлекеттер аткарууга далалаттанууга тийиш болгон милдеткатары жарыялайт.</para>
  </preamble>

  <article number="1">
    <title>1‐статья</title>
    <para>Бардык адамдар өз беделинде жана укуктарында эркин жана тең укуктуу болуп жаралат. Алардын аң‐сезими менен абийири бар жана бири‐бирине бир туугандык мамилекылууга тийиш.</para>
  </article>

  <article number="2">
    <title>2‐статья</title>
    <para>Ар бир адам расасына, терисинин түсүнө , жынысына, тилине, динине, саясий же башка ынанымдарына, улуттук же социалдык негизине, мүлкүнө, тек‐жайынаже башка абалынын айырмачылыктарына карабастан, ушул Декларация аркылуу жарыяланган бардык укуктар менен эркиндиктерге ээ болууга тийиш.</para>
    <para>Андан тышкары, адам жашаган аймактын көз каранды эместигине, көзөмөлгө алынгандыгына, өзүн‐өзү башкарбагандыгына же эгемендигиндеги кандайдыр‐бир чектөө лө ргө карабастан алөлкөнүнже аймактын саясий, укуктукже эларалык статусунун негизинде эчкандай айырмачылыктар болууга тийиш эмес.</para>
  </article>

  <article number="3">
    <title>3‐статья</title>
    <para>Ар бир адам жашоого, эркиндикке жана жеке кол тийбестикке укуктуу.</para>
  </article>

  <article number="4">
    <title>4‐статья</title>
    <para>Эч ким кулчулукта же эрксиз абалда болууга тийиш эмес; кулчулук менен кул сатуучулуктун бардык түрлөрүнө тыюу салынат.</para>
  </article>

  <article number="5">
    <title>5‐статья</title>
    <para>Эч ким кыйноолорго же ырайымсыз, адамкерчиликсиз же анын беделин түшүрүүчү мамилеге жана жазалоого дуушар болбоого тийиш.</para>
  </article>

  <article number="6">
    <title>6‐статья</title>
    <para>Кайсы гана жерде болбосун ар бир адам өзүнүн укукка ээ субъект экендигинин таанылышына укуктуу.</para>
  </article>

  <article number="7">
    <title>7‐статья</title>
    <para>Бардык адамдар мыйзам алдында тең жана эч кандай айырмалоосуз мыйзам тарабынан бирдей корголууга укуктуу. Бардык адамдар ушул Декларацияны бузган дискриминациялоонун бардык түрлөрүнөн жана мындай дискриминациялоого чакырган бардык тукуруулардан бирдей корголууга укуктуу.</para>
  </article>

  <article number="8">
    <title>8‐статья</title>
    <para>Ар бир адам, ага конституция жана мыйзам тарабынан берилген негизги укуктары бузулган учурларда компетентүү улуттук соттор тарабынан укуктарын толук калыбына келтирүү укугуна ээ.</para>
  </article>

  <article number="9">
    <title>9‐статья</title>
    <para>Эч ким ээнбаштык менен камакка алынууга, кармалууга же куугунтукталууга тийиш эмес.</para>
  </article>

  <article number="10">
    <title>10‐статья</title>
    <para>Ар бир адам өз укуктары менен милдеттенмелерин аныктоо үчүн жана ага коюлган кылмыш жоопкерчилигинин негиздү үлүгүн аныктоо үчүн толук тең диктин негизинде анын иши маалымдуу түрдө жана көз каранды эмес жана калыс сот тарабынан жана адилеттү үлүктүн бардык талаптарын сактоо менен каралышына жетишү үгөукуктуу.</para>
  </article>

  <article number="11">
    <title>11‐статья</title>
    <orderedlist>
      <listitem>
        <para>Кылмыш жасады деп күнөөлөнгөн ар бир адам анын күнөөсү мыйзамдуу тартипте соттук маалымдуу териштирүү жолу менен белгиленмейинче күнөөсүз деп эсептелү үгө укуктуу, муну менен бирге ага коргонуу үчүн бардык мүмкүнчүлүктөр камсыз кылынат.</para>
      </listitem>
      <listitem>
        <para>Кандайдыр‐бир кылмыш жасалган учурда ал улуттук мыйзамдар же эларалык укукбоюнча кылмыш иши болуп саналбаган бардык кылмыштык аракеттерди жасагандыгы же аракетсиздиги үчүнэч ким жазаланууга тийиш эмес. Кылмыш жасалган кезде колдонулушу мүмкүн болгондон дагы оор жаза колдонулушу мүмкүн эмес.</para>
      </listitem>
    </orderedlist>
  </article>

  <article number="12">
    <title>12‐статья</title>
      <para>Эч ким анын жеке жана үй‐бүлөлүк турмушуна ээнбаштык менен кийлигишү үгө, анын турак жайынын кол тийбестигине, анын кат‐кабарларынын жашыруундугуна жеанын намысына жана кадыр‐баркына ээнбаштык менен кол салууга дуушар болушу мү мкү н эмес. Ар бир адам мындай кийлигишүү дөн же ушундай кол салуудан мыйзам тарабынан корголууга укуктуу.</para>
  </article>

  <article number="13">
    <title>13‐статья</title>
    <orderedlist>
      <listitem>
        <para>Ар бир адам ар бир мамлекеттин чегинде ээн‐эркин жүрүүгө жана өзүнө жашай турган жер тандап алууга укуктуу.</para>
      </listitem>
      <listitem>
        <para>Ар бир адам өз өлкөсүн кошуп алганда, бардык өлкөдөн чыгып кетүүгө, жана өз өлкөсүнө кайтып келүүгө укуктуу.</para>
      </listitem>
    </orderedlist>
  </article>

  <article number="14">
    <title>14‐статья</title>
    <orderedlist>
      <listitem>
        <para>Ар бир адам куугунтукка алынганда башка өлкөлөрдөн баш калкалоо издө ө гө жана аны пайдаланууга укуктуу.</para>
      </listitem>
      <listitem>
        <para>Бул укук чындыгында саясий эмес кылмыш же Бириккен Улуттар Уюмунун максаттары менен принциптерине карама‐каршы келген иш кылгандыгы үчүн куугунтукталган учурда пайдаланылышы мүмкүн эмес.</para>
      </listitem>
    </orderedlist>
  </article>

  <article number="15">
    <title>15‐статья</title>
    <orderedlist>
      <listitem>
        <para>Ар бир адам граждандык алууга укуктуу.</para>
      </listitem>
      <listitem>
        <para>Эч ким өз граждандыгынан же өз граждандыгын өзгөртүү укугунан ээнбаштык менен ажыратылбайт.</para>
      </listitem>
    </orderedlist>
  </article>

  <article number="16">
    <title>16‐статья</title>
    <orderedlist>
      <listitem>
        <para>Бойго жеткен эркектер жана аялдар расалык, улуттук же диндик белгилери боюнча эч кандай чектөөлөрсүз никеге туруп жана үй‐бүлөкүтүүгө укуктуу. Алар никеге турганда, никеде болгон учурда жана аны бузуу учурунда бирдей укуктарга ээ.</para>
      </listitem>
      <listitem>
        <para>Никеге туруп жаткан эки тараптын тең эркин жана толук макулдугу менен гана нике түзүлүшү мүмкүн.</para>
      </listitem>
      <listitem>
        <para>үй‐бү лө коомдун табигый жана негизги уюткусу болуп саналат жана коом менен мамлекет тарабынан корголууга укуктуу.</para>
      </listitem>
    </orderedlist>
  </article>

  <article number="17">
    <title>17‐статья</title>
    <orderedlist>
      <listitem>
        <para>Ар бир адам жеке өзү, ошондой эле башка бирө өлөр менен бирге мүлккө ээ болууга укуктуу.</para>
      </listitem>
      <listitem>
        <para>Эч ким өз мүлкүнөн ээнбаштык менен ажыратылууга тийиш эмес.</para>
      </listitem>
      <listitem>
        <para>Ата‐энелер өздөрүнүн жаш балдарына билим берүү жолун таң дап алууда негизги укукка ээ.</para>
      </listitem>
    </orderedlist>
  </article>

  <article number="18">
    <title>18‐статья</title>
    <para>Ар бир адам ой, ыйман, дин эркиндиктерине укуктуу; бул укук өз динин же ынанымын эркинче өзгөртүүнү жана жеке өзү, ошондой эле башкалар менен бирге каалаган динин тутуу же ынануу эркиндигин эл менен бирге же жеке өзүнчө динди үйрөнүүнү, кудайга сыйынууну жана диндик жөрөлгөлүү ырасымдарды аткарууну камтыйт.</para>
  </article>

  <article number="19">
    <title>19‐статья</title>
    <para>Ар бир адам ынанымда болуу эркиндигине жана аны эркин билдирүү укугуна ээ; бул укук өз ынанымында тоскоолсуз бекем турууну жана мамлекеттик чек араларга карабастан маалыматты жана идеяларды кандай гана болбосун каражаттар менен издөө, кабыл алуу жана таратуу эркиндигин камтыйт.</para>
  </article>

  <article number="20">
    <title>20‐статья</title>
    <orderedlist>
      <listitem>
        <para>Ар бир адам тынч чогулуштар менен ассоциациялар эркиндигине укуктуу.</para>
      </listitem>
      <listitem>
        <para>Эч ким мажбурлоо менен кандайдыр‐бир асссоциацияга кирүүгө тийиш эмес.</para>
      </listitem>
    </orderedlist>
  </article>

  <article number="21">
    <title>21‐статья</title>
    <orderedlist>
      <listitem>
        <para>Ар бир адам өз өлкөсүн түздөн‐түз же эркин түрдө шайланган өкүлдө р аркылуу башкарууга катышууга укуктуу.</para>
      </listitem>
      <listitem>
        <para>Ар бир адам өз өлкө сүндө мамлекеттик кызматка бирдей жетишүү укугуна ээ.</para>
      </listitem>
      <listitem>
        <para>Элдин эрки өкмөттүк бийликтин негизи болууга тийиш; бул эрк мезгил‐мезгили менен өткөрүлүп турган жана жасалмаланбаган шайлоолордон билинү үгө тийиш, ал шайлоолор жалпы жана бирдей шайлоо укуктары болгондо, жашыруун добуш берүү жолу менен же добуш берүүнүн эркиндигин камсыз кылган башка ар кандай формалары аркылуу жүргүзүлүүгө тийиш.</para>
      </listitem>
    </orderedlist>
  </article>

  <article number="22">
    <title>22‐статья</title>
    <para>Коомдун мүчөсү катары ар бир адам социалдык жактан камсыз болууга жана өзүнүн кадыр‐баркын сактоо жана инсандыгынын эркин өнүгүшүүчүн зарыл болгон экономикалык, социалдык жана маданий тармактардагы укуктарга улуттук күч‐аракеттер менен эларалык кызматташтыктар аркылуу жана ар бир мамлекеттин структурасы менен ресурстарына ылайык ээ болууга укуктуу.</para>
  </article>

  <article number="23">
    <title>23‐статья</title>
    <orderedlist>
      <listitem>
        <para>Ар бир адам эмгектенү үгө, ишти эркин таң дап алууга, эмгектин адилеттүү жана ылайыктуу шарттарына ээ болууга жана жумушсуздуктан корголууга укуктуу.</para>
      </listitem>
      <listitem>
        <para>Ар бир адам кандайдыр‐бир кемсинтү үлөрсүз бирдей эмгекүчүн бирдей акы алууга укуктуу.</para>
      </listitem>
      <listitem>
        <para>Ар бир иштеген адам анын өзү жана үй‐бүлөсүүчүн адамдын татыктуу жашоосун камсыз кыла турган адилеттүү жана канааттандыраарлык, ошондой эле зарыл болгондо, социалдык камсыз кылуунун башка каражаттары менен толуктала турган акы алууга укуктуу.</para>
      </listitem>
      <listitem>
        <para>Ар бир адам кесипчилик союздарды түзүүгө жана өз таламдарын коргоо үчүн кесипчилик союздарга кирүүгө укуктуу.</para>
      </listitem>
    </orderedlist>
  </article>

  <article number="24">
    <title>24‐статья</title>
    <para>Ар бир адам эс алууга жана бош убакытка ээ болууга укуктуу, анын ичине жумуш күнүн акылга сыярлык чектөө жана акы төлөнүүчү мезгил‐мезгили менен отпуск алуу укугу кирет.</para>
  </article>

  <article number="25">
    <title>25‐статья</title>
    <orderedlist>
      <listitem>
        <para>Ар бир адам тамак‐ашты, кийим‐кечени, турак жайды, медициналык тейлөөнү жана зарыл социалдык жактан тейлөөнү кошуп алганда өзүнүн жана үй‐бүлөсүнүн ден соолугу менен жыргалчылыгын камсыз кылуу үчүн зарыл болгон турмуштук деңгээлге укуктуу жана жумушсуз болуп калганда, ооруп, майып болуп, жесир калганда, карыганда же өзүнө байланыштуу болбогон себептер менен жан сактоо каражаттарынан айрылганда камсыз болууга укуктуу.</para>
      </listitem>
      <listitem>
        <para>Энелик жана балалык өзгөчө камкордук көрүүгө жана жардам алууга укук бере. Никеден же никесиз төрөлгөн бардык балдар бирдей социалдык коргоодон пайдаланууга тийиш.</para>
      </listitem>
    </orderedlist>
  </article>

  <article number="26">
    <title>26‐статья</title>
    <orderedlist>
      <listitem>
        <para>Ар бир адам билим алууга укуктуу. Билим берүү, жок дегенде башталгыч жана жалпы билим алуу акысыз болууга тийиш. Башталгыч билим берүү милдеттүү болууга тийиш. Техникалык жана кесиптик билим жалпыга жеткиликтү ү болууга тийиш жана жогорку билим да ар бир адамдын жөндөмдүү лүктөрүнүн негизинде бардык үчүн бирдей жеткиликтүү болууга тийиш.</para>
      </listitem>
      <listitem>
        <para>Билим алуу адам инсанын толук өнүктүрүүгө жана адам укуктары менен негизги эркиндиктерин урматтоону арттырууга багытталууга тийиш. Билим алуу бардык элдердин, расалык жана диндик топтордун ортосунда өз аратүшүнү шүүгө, сабырдуулукка жана достукка көмөктөшүүгө жана тынчтыкты сактап туруу боюнча Бириккен Улуттар Уюмунун ишмердигине көмөктөшүүгө тийиш.</para>
      </listitem>
    </orderedlist>
  </article>

  <article number="27">
    <title>27‐статья</title>
    <orderedlist>
      <listitem>
        <para>Ар бир адам коомдун маданий турмушуна эркин катышууга, көркөм өнөрдөн ыракат алууга, илимий прогресске катышууга жана анын жыргалчылыктарынан пайдаланууга укуктуу.</para>
      </listitem>
      <listitem>
        <para> Ар бир адам автору болуп эсептелген илимий, адабий же көркөм эмгектердин натыйжалары болуп саналган анын моралдык жана материалдык таламдарынын корголушуна укуктуу.</para>
      </listitem>
    </orderedlist>
  </article>

  <article number="28">
    <title>28‐статья</title>
    <para>Ар бир адам ушул Декларацияда айтылган укуктар менен эркиндиктер толук ишке ашышы мүмкүн болгон социалдык жана эларалык тартипке укуктуу.</para>
  </article>

  <article number="29">
    <title>29‐статья</title>
    <orderedlist>
      <listitem>
        <para>Ар бир адам өзүнүн инсанынын эркин жана толук өнүгүшү мүмкүн болгон коомдун алдында милдеттүү.</para>
      </listitem>
      <listitem>
        <para>Өз укуктары менен эркиндиктерин иш жүзүнө ашырууда ар бир адам башкалардын укуктары менен эркиндиктерин тийиштүү түрдө таанууну жана урматтоону камсыз кылуу жана демократиялык коомдо моралдын, коомдук тартиптин жана жалпы жыргалчылыктын адилеттүү талаптарын канааттандыруу максатында гана мыйзам тарабынан белгиленген чектө өлөргө гана дуушар болушу мүмкүн.</para>
      </listitem>
      <listitem>
        <para>Бул укуктар менен эркиндиктерди иш жүзүнө ашыруу Бириккен Улуттар Уюмунун максаттарына жана принциптерине эч кандай карама‐каршы келүү гөтийиш эмес.</para>
      </listitem>
    </orderedlist>
  </article>

  <article number="30">
    <title>30‐статья</title>
    <para>Ушул Декларациядагы эч бир нерсе кайсы‐бир мамлекетке, адамдардын тобуна же айрым адамдарга ушул Декларацияда баяндалган укуктарды жана эркиндиктерди жок кылууга багытталган кандайдыр‐бир иштерди жүргүзүүгө же аракеттерди жасоого укук берүү катары түшүндүрүлбөшү керек.</para>
  </article>

</udhr>
