<?xml version="1.0" encoding="UTF-8"?>

<!--© The Office of the High Commisioner for Human Rights-->

<udhr lang="nob" language="Norwegian, Bokmaal" xmlns="http://www.unhchr.ch/udhr">
   <note>
      <para>Den 10. desember 1948 vedtok og kunngjorde De Forente Nasjoners tredje Generalforsamling Verdenserklæringen om Menneskerettighetene. Erklæringen ble vedtatt med 48 lands ja-stemmer. Ingen land stemte mot. 8 land avsto.</para>
      <para>Umiddelbart etter denne historiske begivenhet henstilte Generalforsamlingen til alle medlemsstater å bekjentgjøre Erklæringens tekst og "sørge for at den blir distribuert, framvist, lest og forklart spesielt i skoler og andre læreinstitusjoner, uten hensyn til de forskjellige lands eller områders politiske status".</para>
      <para>Erklæringens offisielle tekst foreligger på FNs seks arbeidsspråk: arabisk, engelsk, fransk, kinesisk, russisk og spansk. En lang rekke av FNs medlemsstater har fulgt Generalforsamlingens oppfordring og oversatt Erklæringen til de nasjonale språk.</para>
      <para>Denne oversettelsen til norsk er utarbeidet i Utenriksdepartementet.</para>
      <para>På henvendelse til FNs nordiske informasjonskontor i København kan en få gratis eksemplarer av Erklæringen på FNs offisielle språk, de øvrige nordiske språk og et begrenset antall andre språk.</para>
   </note>
   <title>VERDENSERKLÆRINGEN OM MENNESKERETTIGHETENE</title>
   <preamble>
      <title>INNLEDNING</title>
      <para>Da anerkjennelsen av menneskeverd og like og umistelige rettigheter for alle medlemmer av menneskeslekten er grunnlaget for frihet, rettferdighet og fred i verden,</para>
      <para>da tilsidesettelse av og forakt for menneskerettighetene har ført til barbariske handlinger som har rystet menneskehetens samvittighet, og da framveksten av en verden hvor menneskene har tale- og trosfrihet og frihet fra frykt og nød, er blitt kunngjort som folkenes høyeste mål,</para>
      <para>da det er nødvendig at menneskerettighetene blir beskyttet av loven for at menneskene ikke skal tvinges til som siste utvei å gjøre opprør mot tyranni og undertrykkelse,</para>
      <para>da det er viktig å fremme utviklingen av vennskapelige forhold mellom nasjonene,</para>
      <para>da De Forente Nasjoners folk i Pakten på ny har bekreftet sin tro på grunnleggende menneskerettigheter, på menneskeverd og på like rett for menn og kvinner og har besluttet å arbeide for sosialt framskritt og bedre levevilkår under større Frihet,</para>
      <para>da medlemsstatene har forpliktet seg til i samarbeid med De Forente Nasjoner å sikre at menneskerettighetene og de grunnleggende friheter blir alminnelig respektert og overholdt,</para>
      <para>da en allmenn forståelse av disse rettigheter og friheter er av den største betydning for å virkeliggjøre denne forpliktelse,</para>
      <para>kunngjør</para>
      <para>GENERALFORSAMLINGEN</para>
      <para>nå denne VERDENSERKLÆRING OM MENNESKERETTIGHETENE som et felles mål for alle folk og alle nasjoner, for at hvert individ og hver samfunnsmyndighet, med denne erklæring stadig i tankene, skal søke gjennom undervisning og oppdragelse å fremme respekt for disse rettigheter og friheter, og ved nasjonale og internasjonale tiltak å sikre at de blir allment og effektivt anerkjent og overholdt både blant folkene i medlemsstatene selv og blant folkene i de områder som står under deres overhøyhet.</para>
   </preamble>
   <article number="1">
      <title>Artikkel 1.</title>
      <para>Alle mennesker er født frie og med samme menneskeverd og menneskerettigheter. De er utstyrt med fornuft og samvittighet og bør handle mot hverandre i brorskapets ånd.</para>
   </article>
   <article number="2">
      <title>Artikkel 2.</title>
      <para>Enhver har krav på alle de rettigheter og friheter som er nevnt i denne erklæring, uten forskjell av noen art, f. eks. på grunn av rase, farge, kjønn, språk, religion, politisk eller annen oppfatning, nasjonal eller sosial opprinnelse eiendom, fødsel eller annet forhold.</para>
      <para>Det skal heller ikke gjøres noen forskjell på grunn av den politiske, rettslige eller internasjonale stilling som innehas av det land eller det område en person hører til, enten landet er uavhengig, står under tilsyn, er ikke-selvstyrende, eller på annen måte har begrenset suverenitet.</para>
   </article>
   <article number="3">
      <title>Artikkel 3.</title>
      <para>Enhver har rett til liv, frihet og personlig sikkerhet.</para>
   </article>
   <article number="4">
      <title>Artikkel 4.</title>
      <para>Ingen må holdes i slaveri eller trelldom. Slaveri og slavehandel i alle former er forbudt.</para>
   </article>
   <article number="5">
      <title>Artikkel 5.</title>
      <para>Ingen må utsettes for tortur eller grusom, umenneskelig eller nedverdigende behandling eller straff.</para>
   </article>
   <article number="6">
      <title>Artikkel 6.</title>
      <para>Ethvert menneske har krav på overalt å bli anerkjent som rettssubjekt.</para>
   </article>
   <article number="7">
      <title>Artikkel 7.</title>
      <para>Alle er like for loven og har uten diskriminering rett til samme beskyttelse av loven. Alle har krav på samme beskyttelse mot diskriminering i strid med denne erklæring og mot enhver oppfordring til slik diskriminering.</para>
   </article>
   <article number="8">
      <title>Artikkel 8.</title>
      <para>Enhver har rett til effektiv hjelp av de kompetente nasjonale domstoler mot handlinger som krenker de grunnleggende rettigheter han er gitt i forfatning eller lov.</para>
   </article>
   <article number="9">
      <title>Artikkel 9.</title>
      <para>Ingen må utsettes for vilkårlig arrest, fengsling eller landsforvisning.</para>
   </article>
   <article number="10">
      <title>Artikkel 10.</title>
      <para>Enhver har krav på under full likestilling å få sin sak rettferdig og offentlig behandlet av en uavhengig og upartisk domstol når hans rettigheter og plikter skal fastsettes,og når en straffeanklage mot ham skal avgjøres.</para>
   </article>
   <article number="11">
      <title>Artikkel 11.</title>
      <orderedlist>
         <listitem>
            <para>Enhver som er anklaget for en straffbar handling har rett til å bli ansett som uskyldig til det er bevist ved offentlig domstolsbehandling, hvor han har hatt alle de garantier som er nødvendig for hans forsvar, at han er skyldig etter loven.</para>
         </listitem>
         <listitem>
            <para>Ingen må dømmes for en handling eller unnlatelse som i henhold til nasjonal lov eller folkeretten ikke var straffbar på den tid da den ble begått. Heller ikke skal det kunne idømmes strengere straff enn den som det var hjemmel for på den tid da den straffbare handling ble begått.</para>
         </listitem>
      </orderedlist>
   </article>
   <article number="12">
      <title>Artikkel 12.</title>
      <para>Ingen må utsettes for vilkårlig innblanding i privatliv, familie, hjem og korrespondanse, eller for angrep på ære og anseelse. Enhver har rett til lovens beskyttelse mot slik innblanding eller slike angrep.</para>
   </article>
   <article number="13">
      <title>Artikkel 13.</title>
      <orderedlist>
         <listitem>
            <para>Enhver har rett til å bevege seg fritt og til fritt å velge oppholdssted innenfor en stats grenser.</para>
         </listitem>
         <listitem>
            <para>Enhver har rett til å forlate et hvilket som helst land innbefattet sitt eget og til å vende tilbake til sitt land.</para>
         </listitem>
      </orderedlist>
   </article>
   <article number="14">
      <title>Artikkel 14.</title>
      <orderedlist>
         <listitem>
            <para>Enhver har rett til i andre land å søke og ta imot asyl mot forfølgelse.</para>
         </listitem>
         <listitem>
            <para>Denne rett kan ikke påberopes ved rettsforfølgelse som har reelt grunnlag i upolitiske forbrytelser eller handlinger som strider mot De Forente Nasjoners formål og prinsipper.</para>
         </listitem>
      </orderedlist>
   </article>
   <article number="15">
      <title>Artikkel 15.</title>
      <orderedlist>
         <listitem>
            <para>Enhver har rett til et statsborgerskap.</para>
         </listitem>
         <listitem>
            <para>Ingen skal vilkårlig berøves sitt statsborgerskap eller nektes retten til å forandre det.</para>
         </listitem>
      </orderedlist>
   </article>
   <article number="16">
      <title>Artikkel 16.</title>
      <orderedlist>
         <listitem>
            <para>Voksne menn og kvinner har rett til å gifte seg og stifte familie uten noen begrensning som skyldes rase, nasjonalitet eller religion. De har krav på like rettigheter ved inngåelse av ekteskapet, under ekteskapet og ved dets oppløsning.</para>
         </listitem>
         <listitem>
            <para>Ekteskap må bare inngås etter fritt og fullt samtykke av de vordende ektefeller.</para>
         </listitem>
         <listitem>
            <para>Familien er den naturlige og grunnleggende enhet i samfunnet og har krav på samfunnets og statens beskyttelse.</para>
         </listitem>
      </orderedlist>
   </article>
   <article number="17">
      <title>Artikkel 17.</title>
      <orderedlist>
         <listitem>
            <para>Enhver har rett til å eie eiendom alene eller sammen med andre.</para>
         </listitem>
         <listitem>
            <para>Ingen må vilkårlig fratas sin eiendom.</para>
         </listitem>
      </orderedlist>
   </article>
   <article number="18">
      <title>Artikkel 18.</title>
      <para>Enhver har rett til tanke-, samvittighets- og religionsfrihet. Denne rett omfatter frihet til å skifte religion eller tro, og frihet til enten alene eller sammen med andre, og offentlig eller privat, å gi uttrykk for sin religion eller tro gjennom undervisning, utøvelse, tilbedelse og ritualer.</para>
   </article>
   <article number="19">
      <title>Artikkel 19.</title>
      <para>Enhver har rett til menings- og ytringsfrihet. Denne rett omfatter frihet til å hevde meninger uten innblanding og til å søke, motta og meddele opplysninger og ideer gjennom ethvert meddelelsesmiddel og uten hensyn til landegrenser.</para>
   </article>
   <article number="20">
      <title>Artikkel 20.</title>
      <orderedlist>
         <listitem>
            <para>Enhver har rett til fritt å delta i fredelige møter og organisasjoner.</para>
         </listitem>
         <listitem>
            <para>Ingen må tvinges til å tilhøre en organisasjon.</para>
         </listitem>
      </orderedlist>
   </article>
   <article number="21">
      <title>Artikkel 21.</title>
      <orderedlist>
         <listitem>
            <para>Enhver har rett til å ta del i sitt lands styre, direkte eller gjennom fritt valgte representanter.</para>
         </listitem>
         <listitem>
            <para>Enhver har rett til lik adgang til offentlig tjeneste i sitt land.</para>
         </listitem>
         <listitem>
            <para>Folkets vilje skal være grunnlaget for offentlig myndighet. Denne vilje skal komme til uttrykk gjennom periodiske og reelle valg med allmenn og lik stemmerett og med hemmelig avstemning eller likeverdig fri stemmemåte.</para>
         </listitem>
      </orderedlist>
   </article>
   <article number="22">
      <title>Artikkel 22.</title>
      <para>Enhver har som medlem av samfunnet rett til sosial trygghet og har krav på at de økonomiske, sosiale og kulturelle goder som er uunnværlige for hans verdighet og den frie utvikling av hans personlighet, blir skaffet til veie gjennom nasjonale tiltak og internasjonalt samarbeid i samsvar med hver enkelt stats organisasjon og ressurser.</para>
   </article>
   <article number="23">
      <title>Artikkel 23.</title>
      <orderedlist>
         <listitem>
            <para>Enhver har rett til arbeid, til fritt valg av yrke, til rettferdige og gode arbeidsforhold og til beskyttelse mot arbeidsløshet.</para>
         </listitem>
         <listitem>
            <para>Enhver har uten diskriminering rett til lik betaling for likt arbeid.</para>
         </listitem>
         <listitem>
            <para>Enhver som arbeider har rett til en rettferdig og god betaling som sikrer hans familie og ham selv en menneskeverdig tilværelse, og som om nødvendig blir utfylt ved annen sosial beskyttelse.</para>
         </listitem>
         <listitem>
            <para>Enhver har rett til å danne og gå inn i fagforeninger for å beskytte sine interesser.</para>
         </listitem>
      </orderedlist>
   </article>
   <article number="24">
      <title>Artikkel 24.</title>
      <para>Enhver har rett til hvile og fritid, herunder rimelig begrensning av arbeidstiden og regelmessige ferier med lønn.</para>
   </article>
   <article number="25">
      <title>Artikkel 25.</title>
      <orderedlist>
         <listitem>
            <para>Enhver har rett til en levestandard som er tilstrekkelig for hans og hans families helse og velvære, og som omfatter mat, klær, bolig og helseomsorg og nødvendige sosiale ytelser, og rett til trygghet i tilfelle av arbeidsløshet, sykdom, arbeidsuførhet, enkestand, alderdom eller annen mangel på eksistensmuligheter som skyldes forhold han ikke er herre over.</para>
         </listitem>
         <listitem>
            <para>Mødre og barn har rett til spesiell omsorg og hjelp. Alle barn skal ha samme sosiale beskyttelse enten de er født i eller utenfor ekteskap.</para>
         </listitem>
      </orderedlist>
   </article>
   <article number="26">
      <title>Artikkel 26.</title>
      <orderedlist>
         <listitem>
            <para>Enhver har rett til undervisning. Undervisningen skal være gratis, i det minste på de elementære og grunnleggende trinn. Elementærundervisning skal være obligatorisk. Alle skal ha adgang til yrkesopplæring, og det skal være lik adgang for alle til høyere undervisning på grunnlag av kvalifikasjoner.</para>
         </listitem>
         <listitem>
            <para>Undervisningen skal ta sikte på å utvikle den menneskelige personlighet og styrke respekten for menneskerettighetene og de grunnleggende friheter. Den skal fremme forståelse, toleranse og vennskap mellom alle nasjoner og rasegrupper eller religiøse grupper og skal støtte De Forente Nasjoners arbeid for å opprettholde fred.</para>
         </listitem>
         <listitem>
            <para>Foreldre har fortrinnsrett til å bestemme hva slags undervisning deres barn skal få.</para>
         </listitem>
      </orderedlist>
   </article>
   <article number="27">
      <title>Artikkel 27.</title>
      <orderedlist>
         <listitem>
            <para>Enhver har rett til fritt å delta i samfunnets kulturelle liv, til å nyte kunst og til å få del i den vitenskapelige framgang og dens goder.</para>
         </listitem>
         <listitem>
            <para>Enhver har rett til beskyttelse av de åndelige og materielle interesser som er et resultat av ethvert vitenskapelig, litterært eller kunstnerisk verk som han har skapt.</para>
         </listitem>
      </orderedlist>
   </article>
   <article number="28">
      <title>Artikkel 28.</title>
      <para>Enhver har krav på en sosial og internasjonal orden som fullt ut kan virkeliggjøre de rettigheter og friheter som er nevnt i denne erklæring.</para>
   </article>
   <article number="29">
      <title>Artikkel 29.</title>
      <orderedlist>
         <listitem>
            <para>Enhver har plikter overfor samfunnet som alene gjør den frie og fulle utvikling av hans personlighet mulig.</para>
         </listitem>
         <listitem>
            <para>Under utøvelsen av sine rettigheter og friheter skal enhver bare være undergitt slike begrensninger som er fastsatt i lov utelukkende med det formål å sikre den nødvendige anerkjennelse av og respekt for andres rettigheter og friheter, og de krav som moralen, den offentlige orden og den alminnelige velferd i et demokratisk samfunn med rette stiller.</para>
         </listitem>
         <listitem>
            <para>Disse rettigheter og friheter må ikke i noe tilfelle utøves i strid med De Forente Nasjoners formål og prinsipper.</para>
         </listitem>
      </orderedlist>
   </article>
   <article number="30">
      <title>Artikkel 30.</title>
      <para>Intet i denne erklæring skal tolkes slik at det gir noen stat, gruppe eller person rett til å ta del i noen virksomhet eller foreta noen handling som tar sikte på å ødelegge noen av de rettigheter og friheter som er nevnt i Erklæringen.</para>
   </article>
</udhr>