<?xml version="1.0" encoding="UTF-8"?>

<!--© The Office of the High Commisioner for Human Rights-->

<udhr lang="cbr" language="Cashibo-Cacataibo" xmlns="http://www.unhchr.ch/udhr">
   <title>A ÑUCAMA SINANXUN CA AXA ANU TIMËCË UNICAMAN ËSAQUIN CAXA:</title>
   <preamble>
      <title>A PAIN SINANCË BANA</title>
      <para>CAMAXUNBI CA 'UNANIA: Camabi uni ca bëtsibë sënën 'icë quixun camaxunbi 'unancë 'aish ca camabi uni, uni itsin racueocema 'janan cëmei ami mananquin 'atimocëna 'aish chúamarua bucuti 'icën.</para>
      <para>CAMAXUNBI CA 'UNANIA: Camabi uni ca bëtsibë sënën 'icë quixun sinanti 'ainbi ca an usaquin sinancëma unicaman an sinancëx a meu 'icë uni 'aisamaira tëmëramianan paë tanmiquin 'atimoia, uni raíri usoquin uni 'ati ca 'aisama 'icë quicëbëtanbi. Usaquin bëtsi uní 'ati cuëënima ca camabi uni ësai iti 'icën: añu ñu ñui cara banaia a cupí ubíocëma ití, 'ianan añu ñu cara sinania a cupí ubíocëma 'iti, 'ianan añu cara pisa tania pianan ain cuëëncë ñu bianan uinu cara 'isa tania anu 'iabi ca bëtsi uní unin racuëotima icën.</para>
      <para>CAMAXUNBI CA 'UNANIA: Gobiernocaman uni upitax bucunun quixun bana mëniocëma 'ain tëmëraquin ca unicaman masá nuituquin ain 'apumibí nishi 'acananti sinanti 'icën.</para>
      <para>CAMAXUNBI CA 'UNANIA: Camabi netenu 'icë unicama ubíocëma 'aish chúamarua 'inun ca camabi nëtënu 'icë gobiernobë ain unicamaribi bëtsi gobierno 'imainun ain unicamabë nishananima upí iti 'icën.</para>
      <para>CAMAXUNBI CA 'UNANIA: Gobiernocaman xucëx timëcë unicaman ca upíma ñu 'acëma 'aish ca camabi uni bëtsibë sënën 'aish ubionancëma upiti ití icë quixun sinanquin camabi uni usai 'inun 'aquinú camaxbi 'iásamaira oi upiti bucunun.</para>
      <para>CAMAXUNBI CA 'UNANIA: Gobiernocamanribi ca caxa, camabi 'apun anëcë unicaman sinancësaribi oquin cananuna nunribi sinanin. Usaxun cananuna atubëtan atún sinancësabi oi nun nëtënu 'icë unicama 'atima ñu 'acëma 'aish upiti bucunun 'aquinti 'ain.</para>
      <para>CAMAXUNBI CA 'UNANIA: Camabi unicama ubíocëma upiti bucunun ca camaxunbi pain ënë banacama unanquin sinanti 'icën.</para>
      <para>Gobiernocaman xucëx timëcë unicaman ca ësaquin caxa:</para>
      <para>A ÑUCAMA SINANXUN CA AXA ANU TIMËCË UNICAMAN ËSAQUIN CAXA:</para>
      <para>Camabi nëtënu 'icë unicaman: ësai 'iti 'aish ca camabi uni upiti bucutí ice quixun sinanquin ca ënë quiricanua ñuicë banacama manutimoquin sinánan an ënë bana 'unancëma unicamanribi upí oquin 'unánun 'unanmití 'icën. Camabi gobiernonën ca ain nëtënu icë unicaman ënë banacama upí oquin 'unánun 'aquinti 'icën. Camabi nëtënu 'icë unicaman ënë banacama upí oquin 'unánun ca gobiernocama bëtsi gobiernobë 'aquiananti 'icën.</para>
   </preamble>
   <article number="1">
      <title>1.</title>
      <para>Ui uni cara 'iti icë axbi ca bëtsi unibë gobiernonën iscëx sënën ití icën. Ui cara ain tita ain papa 'iaxa quixun sinanquinma ca gobiernonën sinancëx ax bëtsibë sënën 'icën. Camaxunbi ca sinanti 'unanin. Camaxunbi ca añu ñu ati cara asábi 'icën, añu ñu 'ati cara 'aisama 'icë quixun 'unanti 'icën. Usa 'ain ca camaxbi ain xucënbë 'icësaribiti nuiananti 'icën.</para>
   </article>
   <article number="2">
      <title>2.</title>
      <para>Uinu 'icë ëmanu 'icë uni cara ax 'icë, ui unin aintsi cara ax 'icë, ax cara xanu 'icë, ax cara nucë bënë 'icë, uisa banan cara banaia. Nucën Papa Diosmi cara sinania, ami sinanima añu ñubi rabi cara sinania, ui unicamax cara 'apu 'iti ice quixun sinania, añu ñu cara sinania, uisai cara ain papa ain tita 'ia, ñuñu cara ax 'icë, ñuñuma cara, usa ñucama sinanquinma ca gobiernonën camabi uni ñu 'atima 'acëma 'aish ca bëtsi unibë sënën icë quixun sinanti 'icën.</para>
      <para>Uisa cara ain nete icë, a nëtë cupí ca uni 'atimocë 'itima 'icën.</para>
   </article>
   <article number="3">
      <title>3.</title>
      <para>Ui unibi ca bëtsi unin bamamiti sinantima 'icën. Ca chiquítimoi sipuacë 'itima 'icën. Ca 'atimocë 'itima 'icën.</para>
   </article>
   <article number="4">
      <title>4.</title>
      <para>Uinu 'icë unixbi ca chiquitimoquin marucë 'itima 'icën. Uni chiquitimoquin maruxun 'ibuati 'aíma ití 'icën.</para>
   </article>
   <article number="5">
      <title>5.</title>
      <para>Uinu ice unibi ca 'aisamaira oquin uni itsin paë tanmitima 'icën. Bëtsi uni ami nishquin paë tanmiquin 'atimocë a ca 'itima 'icën. Ñuina 'acësa oquin 'atimocë ca uni 'itima 'icën.</para>
   </article>
   <article number="6">
      <title>6.</title>
      <para>Uinu 'icë uníxa uinu cara 'ia a ca anu 'icë gobiernonën uni itsi 'acësaribi oquin sinanti 'icën, ax bëtsi unisaribi 'icë cupí.</para>
   </article>
   <article number="7">
      <title>7.</title>
      <para>Uinu ice unibi, ami uni itsin upima sinanquin paránan 'atimonunma ca gobiernonën 'aquintí 'icën. Enë banacama sinanquinma ain cuëëncës a oquin unin uní itsi atimoi ami 'ësënanunma ca gobiernonën bërúati 'icën.</para>
   </article>
   <article number="8">
      <title>8.</title>
      <para>Uni ñu 'atima 'acëma 'icëbi uni itsin 'atimocë 'ixun ca a unin an uni bana mënioxuncë 'apu cati 'icën. Cacëxun ca mëniotí 'icën, gobiernonën cacësabi oquin.</para>
   </article>
   <article number="9">
      <title>9.</title>
      <para>Uinu 'icë unixbi ca añubi 'uchacëma 'icëbi bëtsi uni ain cuëëncësa oquin sipuacë 'itima 'icën. Sipunu 'icë ca anubi 'inun ëntima 'icën. Ain menua ca bëtsi menu cuantanun xutima 'icën.</para>
   </article>
   <article number="10">
      <title>10.</title>
      <para>Unin uisa ñu 'acë 'icëa bëtsi uni a 'aisamonun quixun ami mananquin cacëxun ca an bana mëniocë 'apun bëtsi uni manancë a unin banaribi asërabí cara usa 'icë quixun 'unantí 'icën, uni raírinënribi ismainun. Upí oquin istancëxuinshi ca cati 'icën, uisa cara a uní otí ice quixun, gobiernonën ain quiricanu mëníosabi oquin.</para>
   </article>
   <article number="11">
      <title>11.</title>
      <orderedlist>
         <listitem>
            <para>Uinu 'icë uni cara uni itsin ami manania, a ca an bana mëniocë 'apun pain upí oquin sinantí 'icën, sapi ca ñu 'atima 'acëma 'icë quixun. Gobiernonën cacësabi oquin pain ca isti 'icën uisa ñucama cara 'axa quixun. Uni rairinën ismainun ca axa ami manancë unicaman bana cuanan amia manancancë a unin banaribi cuanan an a uni unancë unin banaribi cuatí 'icën. Cuaxuinshi ca asérabi uisa cara a uni 'iaxa quixun upí oquin 'unantí 'icën.</para>
         </listitem>
         <listitem>
            <para>Uisai cara gobiernonën bana quia usoquinshi ca an bana menioce 'apun a 'uchacë uni asérabi ain ñu 'atima 'acë istancëxun uisa cara otí ice usoquin 'atí 'icën. Anun a ñu 'aisama 'acë nëtë ain fecha isquin ca an bana mëniocë 'apun a fecha gobierno quicë bana bëtisoima a bana quicësabi oquinshi axa 'uchacë uní atí icën.</para>
         </listitem>
      </orderedlist>
   </article>
   <article number="12">
      <title>12.</title>
      <para>Uinu 'icë uninbi ca ain cuëëncësa oquinshi bëtsi uni 'imainun ain xanu 'imainun ain bëchicë ubiotima 'icën, ain xubunu ca atsintima 'icën, ain quirica bëtsi unin bëmicë 'imainun quirica an buanmicë ca rairinën bitima 'icën. Usa 'ain ca uinu ice unixbi, a unix ca 'aisama icë quixun uni rairi sinanmi 'atimati banatima 'icën. Usai banacëbëtanbi an bana menioce apun gobiernonën cacësabi oquin meniotí 'icën.</para>
   </article>
   <article number="13">
      <title>13.</title>
      <orderedlist>
         <listitem>
            <para>Uinu cara uni cuainsa tania, anu ca cuanti 'icën; ain nëtënu 'aisch uinu cara tsotisa tania ca uni anu tsoti 'icën.</para>
         </listitem>
         <listitem>
            <para>Ui unix cara ain nëtënuax nëtë itsinu cuainsa tania ax ca cuanti 'icën. Amanu 'itancëx ain nëtënu utëcëinsa tani ca uti 'icën.</para>
         </listitem>
      </orderedlist>
   </article>
   <article number="14">
      <title>14.</title>
      <orderedlist>
         <listitem>
            <para>Uix cara ain nëtënuxun bëtsi bëtsi ocë 'ia ax ca tëmëranuxma bëtsi nëtënu cuainsa tani cuanti 'icën.</para>
         </listitem>
         <listitem>
            <para>Ain ñu 'atima 'acë cupí gobiernonën mënioquin 'atimocë usa uni ca ain nëtënuax tëmërati rabanan bëtsi nëtënu cuantima 'icën.</para>
         </listitem>
      </orderedlist>
   </article>
   <article number="15">
      <title>15.</title>
      <orderedlist>
         <listitem>
            <para>Camabi uni ca ain netenu ití icën.</para>
         </listitem>
         <listitem>
            <para>Enë nëtë minan 'aishbi ca minanma 'iti 'icë quixun ca unin bëtsi uni catima 'icën. Bëtsi nëtënu 'isa tanquin ca unin usai 'inuxun gobiernobëtan mëniotí 'icën.</para>
         </listitem>
      </orderedlist>
   </article>
   <article number="16">
      <title>16.</title>
      <orderedlist>
         <listitem>
            <para>Bëtsi bëtsi unix ca quia: Uni canice ixunbi ca bëtsi netenu icë xanu bitima 'icën, ca bëtsi banan banacë xanu bitima 'icën, ca an rabicë dios rabicëma xanu bitima 'icën. Usa unix quicësai ca 'itima 'icën. Unin usa xanu canicë 'icë bisa tanquin ca bití 'icën, a xanu cuëëncëbëtan. Atux 'isa tani ca bëchicëñu 'ití 'icën. Gobiernonën iscëx ca a uni ain xanubë sënën 'icën, xënibua 'ainbi.</para>
         </listitem>
         <listitem>
            <para>Nucë bënë cuëënquinshi ca xanu biti 'icën, a anúribi cuëënia ca bití 'icën.</para>
         </listitem>
         <listitem>
            <para>Tuácama ain tita ain papabë 'aquiananti ca asábi 'icën. Usai upiti bucunun ca camabi unin sinantí 'icën. 'Apunribi ca usai 'inun sinanxunquin 'aquintí 'icën.</para>
         </listitem>
      </orderedlist>
   </article>
   <article number="17">
      <title>17.</title>
      <orderedlist>
         <listitem>
            <para>Uni meñu 'isa tania ca uni itsin meñu 'inun ënti 'icën. Xuburibi 'imainun añu ñuñu cara uni 'isa tania ca uni itsin a ñuñu 'inun ënti 'icën. 'Aisa tanquin uni rairibëtan mëníotancex ca a ñu ainainshima, rairinanribi 'iti 'icën.</para>
         </listitem>
         <listitem>
            <para>Unin ca ain cuëëncësa oquinshi bëtsi unin ñu bitima 'icën.</para>
         </listitem>
      </orderedlist>
   </article>
   <article number="18">
      <title>18.</title>
      <para>Camabi unin ca ain cuëëncësa oquin sinanti 'icën; uni rairinën ubiócëma ca 'ití 'icën. Uisoquin cara ain dios rabitisa tania usoquin ca 'ati 'icën. Usaquin sinanxunbi ca amiribishi 'aisa tanquin sinantécentí 'icën; uni rairinén ubíocéma ca 'ití 'icën. En rabicë diosan iscëx ca bëtsi bëtsi ñu 'ati 'aisama 'icë quixun sinancë uni ca bëtsi unin a ain cuëëncësabi oquin 'anun ënti 'icën. Usa ain ca ain diosmi catamëisa tania bëtsi unin a 'axunma 'anun catima 'icën. An rabicë dios ca anbi rabití 'icën. 'Aisa tani ca uni rairibë timëquin abëtan rabiti 'icën. Rabiquin ca 'aisa tanquin rairi uniribi ain dios ñuiquin 'unanmití 'icën.</para>
   </article>
   <article number="19">
      <title>19.</title>
      <para>Camabi unin ca ain cuëëncësa oquin sinanti 'icën. Ca ubíocëma 'iti icën. Ca bëtsi unin cacë bana 'aisa tanquin sinanti 'icën. Bëtsi nëtënu 'icë unibëribi ca 'unanmiananti 'icën. Usai 'i ca ubíocëma iti 'icën. Usaribi oi ca ain sinancë ñu ñui banatisa tani banati 'icën; ca ubíocëma 'iti 'icën.</para>
   </article>
   <article number="20">
      <title>20.</title>
      <orderedlist>
         <listitem>
            <para>Uni rairibë tim¿tisa tani ca uni upí oquiinschi sinanx timetí 'icën.</para>
         </listitem>
         <listitem>
            <para>Uinu 'icë uninbi ca bëtsi unin abëtan ñu 'aisama tania ubioxun ñu 'amitima 'icën.</para>
         </listitem>
      </orderedlist>
   </article>
   <article number="21">
      <title>21.</title>
      <orderedlist>
         <listitem>
            <para>Camabi unin ca libreta electoralñu 'ixun ain cuëëncësa oquin 'apu caisquin votación 'atí 'icën.</para>
         </listitem>
         <listitem>
            <para>Gobiernonën ain nëtënu 'icë unicama 'aquinun mëniocë ñucama ca camabi uninan 'icën. Ca esa 'icën: Bai cha anun ca carrocama 'imainun unicama cuainsa tani cuanti 'icën. Anun quirica buanmiti correo anun ca unin 'aisa tanquin ain quirica buanmiti 'icën. Usai ca 'iti 'icën.</para>
         </listitem>
         <listitem>
            <para>Uisa gobierno cara a nëtënu 'icë unicama cuëënia, usa ca ain gobierno 'iti 'icën. Uisa gobierno cara a unicama cuëënia 'unánun ca libreta electoralñu 'icë unicaman quiricanu cuënëoquin uicama cara ain 'apu 'iti cuëënia quixun 'unánun 'ati 'icën. Camabi uni ain sinancësabi oquin ca uix 'apu 'iti cara cuëënia, ain anë quiricanu cueneotí icën. Cuënëocë ca uni itsin 'unantima 'icën, anbi cuënëocë ca ití 'icën. Camabi uni ca bëtsibë sënën 'icën. Usa 'aish ca camabi uni gobierno quicësabi ol libreta electoralñu 'iti 'icën.</para>
         </listitem>
      </orderedlist>
   </article>
   <article number="22">
      <title>22.</title>
      <para>An ñu 'atima 'acëma 'aish ca uinu 'icë unixbi rabinima bëtsi uni 'icësai ñu meetinu ianan uni rairibë nuianancë 'ianan ain rairinën ñu 'acë 'icësaribi oi 'isa tani iti 'icën. Uní usai 'icëma 'aish tëmërala ca uni itsin 'aquinti 'icën, ain 'apunribi mëniocësabi oi ca 'aquince ití icën. Uni ain nëtënuax cara uisa ñu cara 'icëbë tënmëria ca bëtsi nëtënu 'icë gobiernonënribi 'aquinsa tanquin 'aquinti 'icën.</para>
   </article>
   <article number="23">
      <title>23.</title>
      <orderedlist>
         <listitem>
            <para>Camabi unin ñu mëëtisa tanquin ca ñu meetí 'icën. Añu ñu mëëti cara 'aisa tania a ñu mëëti mëraquin ca 'ati 'icën. An ñu mëëmicë unin ca ain uni 'atimotima 'icën. Ñu mëeti 'alma 'ain ca 'apun ñu mëëti mëranun 'aquintí 'icën.</para>
         </listitem>
         <listitem>
            <para>Ui uni cara, uisa cara ain bana 'icë, camabi uni ca sënen 'icën. Usa 'ixun ca upí oquin ñu meece 'ixun bëtsi unin 'acësaribi oquin ain cupí biti 'icën.</para>
         </listitem>
         <listitem>
            <para>Ui unin bëtsi uni ñu mëëxuncë 'ixun ca ain cupí biti 'icën, a 'imainun ain xanu 'imainun ain bëcicëcama upiti bucunun. Ain cupí 'itsamashi bicë 'aish 'aquinsa 'icë ca apun anun a 'aquinti mëníoti 'icën.</para>
         </listitem>
         <listitem>
            <para>An ñu mëëcë uni raíri unibë timëquin bëtsibë bëtsibë aquiananisa tanquin, ulsoquin cara ain ñu mëëti 'ati 'icë quixun sinánan uisa cara ain ñu meetí icë quixun acama sinánux timëtia ca uni itsin usaquin anun enti icën.</para>
         </listitem>
      </orderedlist>
   </article>
   <article number="24">
      <title>24.</title>
      <para>Camaxbi ñu mëëtancëx tantiti ca asábi 'icën. 'Uráinra tantiquinma ñu mëëtancëx ca tantití 'icën. Anun tantiti nëtë gobiernonën mënlocësabi oquin ca unin ñu mëëquinmabi ain cupí biti 'icën.</para>
   </article>
   <article number="25">
      <title>25.</title>
      <orderedlist>
         <listitem>
            <para>Camabi uni 'imainun ain xanu 'imainun ain bëchicëcama ësai 'iti ca asábi ''icën: 'insincëma chuámarua, pitiñu, chupañu, anu itinu, insincë 'aish roñu 'iti. Uni ain ñu meetí 'alma, uni insince, uni bëtsicë, xanu casunamëcë, uni xëni acama anun upiti 'iti 'alma 'ain, ain aintsin 'aquiniama ca a 'aquinti 'apun mëniotí 'icën.</para>
         </listitem>
         <listitem>
            <para>Tuáñu xanucama 'imainun tuácamaribí upití inun ca 'aquincë ití icën. Bëtsi tuácama 'icësaribitia 'inun ca unin xanumi sëcë' ocë tuácama bërúance ití icën.</para>
         </listitem>
      </orderedlist>
   </article>
   <article number="26">
      <title>26.</title>
      <orderedlist>
         <listitem>
            <para>Camabi tuá ca escuelanu atsintisa tani atsinti 'icën. Cuploquinma ca primaria 'ati pain atsinti 'icën. Camabi tuáratsu ca escuelanu cuanti 'icën. Ui unicama cara escuela tëcnica anu atsintisa tania ca anu cuanti 'icën, apun mëníosabi oi. Secundaria cëñutancëxun bëtsi ñuribi unantisa tani ca bëtsi escuelanuribi atsinti 'icën, ain nota asábi ain.</para>
         </listitem>
         <listitem>
            <para>Escuelanuxun ca quiricanu cuënëocë ñuishi 'unanmicëma 'iti 'icën. Anuxun ca alumnocama bëtsi ñu 'atiribi 'unanmicë ití 'icën, 'imainun ca upí oquian alumnonën sinanti aribi 'unanmicë 'iti 'icën. Bëtsi menu 'icë unicama 'imainun bëtsi banan banacë unicama 'imainun Nucën Papa Diosmi sinancë unicama 'imainun ami sinancëma unicama, camabi nusaribi uni 'aish unibë nuibananti ca 'unanmicë 'iti 'icën. Usaquin sinanmicëx ca gobiernocaman xucë unicama timëxun cuëëncësabi oi unicama bëtsibë nishanani 'acananti 'aima ití icën.</para>
         </listitem>
         <listitem>
            <para>Bëtsi unin cacësamaira oquin ca ain titabëtan ain papan cati 'icën, uisa escuelanuxuinra cara ain bëchicënën ñu 'unanti ice quixun.</para>
         </listitem>
      </orderedlist>
   </article>
   <article number="27">
      <title>27.</title>
      <orderedlist>
         <listitem>
            <para>A ëmanu 'icë unicaman 'acësa oquin ca anu 'icë uni rairinën 'aisa tanquin usaribi oquin 'ati 'icën. A ëmanu 'icë unicaman sinancësa oquin ca anu 'icë uni rairinën 'aisa tanquin usaribi oquin sinanti 'icën, camaxunbi ñu 'ati upí oquin 'unánan upiti bucunun.</para>
         </listitem>
         <listitem>
            <para>An ñu 'acë uní 'imainun an ñu cuënëocë uni anpan 'acë 'ain ca bëtsi unix, en 'acë ca quiax quitima 'icën. Usai bëtsi unix quiti rabanan ca an ñu 'acë unin 'aisa tanquin an 'acë ñu a 'apu 'unanmiti 'icën.</para>
         </listitem>
      </orderedlist>
   </article>
   <article number="28">
      <title>28.</title>
      <para>Enë quiricacama quicësabi oi camabi uni uni itsin ublocëma upiti bucuti 'inun ca camabi nëtënu icë unin ain aintsi 'aquinti 'icën.</para>
   </article>
   <article number="29">
      <title>29.</title>
      <orderedlist>
         <listitem>
            <para>Camabi únin ca ain ëmanu 'icë unicama 'imainun a 'urama 'icë ain caibucama 'aquianan atubëtan ain ëma 'imainun mecama upí imití icën. Usaquin 'ai cuni ca unix masá sinancëma 'aish upiti 'ití 'icën.</para>
         </listitem>
         <listitem>
            <para>Unix ublocë 'aish upiti bucucëma 'imainun unin ñu 'atima 'aquin uni itsiribi ñu 'atima 'amiti 'imainun bëtsi bëtsi ñu sinanquin uni raíri tsuáquirumiti usai 'iti rabanan ca gobiernonën ain unicaman cuati bana mëníoia. Usa oquin mënlocë banacama ca ain unicaman cuati 'icën.</para>
         </listitem>
         <listitem>
            <para>Gobiernocaman xucëx tim¿cë unicaman upí oquin sinanquin ca ënë banacama cuënëoxa. Usaribi oquin ca camabi unin ënë bana isquin, usaquin sinanquin 'acë ca enex ice quixun upí oquin sinanti 'icën. An 'acë unicaman sinancë bana ca bëtsiotima 'icën.</para>
         </listitem>
      </orderedlist>
   </article>
   <article number="30">
      <title>30.</title>
      <para>Enë banacama bëtsioquin ca uinu 'icë uninbi uni raíricama upiti bucunun quixun sinanquinma, 'ëx cuëëncësa oquin 'anun ca a bana quia quixun sinantima 'icën. Uni raíri bëtsi unibë timëcëcama 'imainun gobiernonu ice apucamanribi ca usa oquin sinantima icën.</para>
   </article>
</udhr>