﻿<?xml version="1.0" encoding="UTF-8"?>

<!--© The Office of the High Commisioner for Human Rights-->

<udhr lang="cha" language="Chamorro" xmlns="http://www.unhchr.ch/udhr">
   <title>UNIVERSAL NA DECLARASION I DERECHO SIHA PARA I TAOTAO</title>
   <preamble>
      <title>Preambulo</title>
      <para>Asi como i recognision pot i inherente (natural)na dignidad yan pot i pareho yan inahenable (tisina maamot) na derechon todo i membron i humano na familia guiya i fundacion i liberta, justicia yan pas gi todo i tano.</para>
      <para>Asi como i dinisatende yan i denisprecia i derecho siha para i taotao manhuyon ti civilisao na finatinas siha ni esta hasen insulta i consencian i taotao yan i finato gi tano anai taotao siha umagosa i libertad kumentos, yan hinenge yan libertad gine minanao yan minalago esta maproclama como i mas takilo na aspirasion (tinanga) i comodo (regular) na taotao siha.</para>
      <para>Asi como necesario, yangin i taotao ti para uenebliga na uespiha recurso (hinagon), como i utimo na fandiskansayan gi rebulasion contra i crueldad yan bahacion enao na i derecho siha para i taotao umaprotehe nui arreglon i lai.</para>
      <para>Asi como necesario na umaadelanta i kinalanten i amestao (inamigo) na relasion siha entalo nasion siha. Asi como i taotao i Unidos Nasion siha guaha gi halom i Charter masasegura i hinegen niha gi fundamental na derecho siha para i taotao, gi dignidad yan chatbale ya i humano (taotao) na persona yan i pareho na derecho i lahe yan i palauan yan esta madetermina na umaadelanta progresson social yan mas prisocio na standard siha pot linala gi mas dankulo na libertad.</para>
      <para>Asi como un comodo na kininprende pot este nana umaobtene, gi i cooperasion yan i Unidas Nasion siha, i maadelantan i universal na respecto para yan i maguadian i derechon taotao yan fundamental na libertad siha.</para>
      <para>Asi como un comodo na kininprende pot este na derecho yan libertad siha i mas importante para i kabales na marealizasion este na linala.</para>
      <para>Pago, Pot eso,</para>
      <para>i Heneralna Assemblia</para>
      <para>aproklama</para>
      <para>este i Universal na Declarasion i Derecho siha para i Taotao, como un comodo na standard i obtenamenten para todo i taotao siha yan todo nasion siha, esta i utimo na kada individual yan kada organon i sociedad, ugagaige ha este na Declarasion todo i tiempo gi hinason niha, ya umafatinas mano i sina gi finanague yan educasion para uma adelanta i respeto para este na derecho yan libertad siha yan gi manera ni progresibo, nasional yan inter-nasional, para umaasegura i universal na maguadian niha, tanto i mangaige na taotao siha gi territorio ni gaige gi papa jurisdicksion niha.</para>
   </preamble>
   <article number="1">
      <title>Articulo 1.</title>
      <para>Todo taotao siha man mafanago libertao yan pareho gi dignidad yan derecho siha, man manae siha hinaso yan consiencia yan debe de ufatinas contra uno yan otro gi un espiritun chumelo.</para>
   </article>
   <article number="2">
      <title>Articulo 2.</title>
      <para>Todo man qualificao nu todo i derecho yan libertad siha ni manmalatnos gi halom este na Declarasion, sin nihafa na distingasiongi maseha hafa na klase, asi como rasa, kulor, sexso, linguahe, relihon, political pat otro opinion, nasional, pat original social, properdad, parto, pat otro statulo (estao).</para>
      <para>Ademas, taya distinguasion sina umafatinas ni maapela gi i fundamenton political, i jurisdicksional pat i internasional na estao i tano pat i teritorio ni gaige un persona, maseha gui independensia, encargo, ti agobierbena gui pat papa maseha hafa otro na restriksion i minagas gobiernamentonna.</para>
   </article>
   <article number="3">
      <title>Articulo 3.</title>
      <para>Todo mangai derecho pot linala, libertad yan seguridad i persona.</para>
   </article>
   <article number="4">
      <title>Articulo 4.</title>
      <para>Taya sina mamantene como esclabo pat servidumbre; esclavitudu yan i commercion esclavo umapribe gi todo i klasen niha siha.</para>
   </article>
   <article number="5">
      <title>Articulo 5.</title>
      <para>Taya sina masometido (manamerese) nui agoniado (na chatflik) na kastigo pat nui cruel, ti para taotao pat deshonrao na tratamento pat kastigo.</para>
   </article>
   <article number="6">
      <title>Articulo 6.</title>
      <para>Todo man gai derecho na ufan marecognisa maseha mano como persona gi menan i lai.</para>
   </article>
   <article number="7">
      <title>Articulo 7.</title>
      <para>Todo man pareho gi menan i lai yan man gai derecho sin nihafa na descriminasion nui pareho na proteksion i lai. Todo man gai derecho nui pareho na proteksion kontra kuatkuet discriminasion gi kinentran este na Declarasion yan kontra kuatkuet estimular nui eso na discriminasion.</para>
   </article>
   <article number="8">
      <title>Articulo 8.</title>
      <para>Todo mangai derecho nui un effectibo na remedio ginen i man kaps na nasional na tribunal siha para finatinas siha ni acocontra i fundamental na derecho siha manae gui ginen i constitucion pot i lai.</para>
   </article>
   <article number="9">
      <title>Articulo 9.</title>
      <para>Taya sina na sometido nu i arbitrario na inaresta, detension pat destierro.</para>
   </article>
   <article number="10">
      <title>Articulo 10.</title>
      <para>Todo man gai derecho gi kabales na ekualidad nui un faborable yan mababa’para i publico nui un independente yan tai fabor na tribunal gi i madeterminasion i derechona yan obligasionna siha yan maseha hafa na acusasion ni criminal kontro guiya.</para>
   </article>
   <article number="11">
      <title>Articulo 11.</title>
      <orderedlist>
         <listitem>
            <para>Hayi ma akusa gi penan chatmanhu'la mangai derecho para u fanma po'lo como inosenti asta-ki guaha ebidensia na umisao sigun gi lai ya u ma garantia na u mana guaha nisisariu na dinifendi.</para>
         </listitem>
         <listitem>
            <para>Taya sina ma akusa na umisao gi kuatkuet pena pat finatinas yan sinangan como ti guiya umisague' gi papa nasional na lai, gi tiempo anai makumiti i isao. Desde sed ti debi di u mas makat i pena kontra uno ni mas aplikable gi tiempo anai gumuaha pena.</para>
         </listitem>
      </orderedlist>
   </article>
   <article number="12">
      <title>Articulo 12.</title>
      <para>Taya sina masumetido nu i arbitrarion na inentalo gi i secretuna, familiana, gumana pat corespondenciana, oset para uataka i honrana yan reputasiona. Todo mangai derecho nui proteksion i lai kontra eso na inentalo pat inataka siha.</para>
   </article>
   <article number="13">
      <title>Articulo 13.</title>
      <orderedlist>
         <listitem>
            <para>Todo man gai derecho nui libertad na movimiento yan residencia gi halom i rendelon kada stado.</para>
         </listitem>
         <listitem>
            <para>Todo man gai derecho na udingo katkuet tano, incluso i tanona, yan para ubuetta gui guato ti tanona.</para>
         </listitem>
      </orderedlist>
   </article>
   <article number="14">
      <title>Articulo 14.</title>
      <orderedlist>
         <listitem>
            <para>Todo man gai derecho na ualigao yan para ugosa gi otro tano siha asilo (linihen) gine kastigo.</para>
         </listitem>
         <listitem>
            <para>Este na derecho ti debe umainvoka gi kaso pot persucusion (kastigo) siha naturalmente dumoko ginen ti political na isao siha pat ginen finatinas siha ni acocontra i intension yan principal siha i Unidos Nasion siha.</para>
         </listitem>
      </orderedlist>
   </article>
   <article number="15">
      <title>Articulo l5.</title>
      <orderedlist>
         <listitem>
            <para>Todo man gai derecho nu un nasionalidad.</para>
         </listitem>
         <listitem>
            <para>Taya ni uno sina maarbitariomente maamot nu i nasionalidadna oset marenuncia ni derecho para utulaika i nasionalidadna.</para>
         </listitem>
      </orderedlist>
   </article>
   <article number="16">
      <title>Articulo l6.</title>
      <orderedlist>
         <listitem>
            <para>Lalahe yan famalauan ni kabales idad niha, sin nihafa na restriksion kauso pot rasa, nationalidad pat relihion, man gai derecho na ufan asagua yan para ufan gai familia. Mangai derecho siha pot kasamento, duranten umasaguan niha, yan inadespatan i kasamento.</para>
         </listitem>
         <listitem>
            <para>Kasamento debe de umahatme solo que gi libertao yan kabales na consentimenton i para ufan asagua na persona siha.</para>
         </listitem>
         <listitem>
            <para>I familia guiya i natural yan i fundamental na gurupon dinanna i sociedad yan gai derecho gui nui proteksion ginen i sociedad yan i stados (lugana).</para>
         </listitem>
      </orderedlist>
   </article>
   <article number="17">
      <title>Articulo 17.</title>
      <orderedlist>
         <listitem>
            <para>Todo persona man gai derecho para ugai properdad namaisa yan loque gi associasion yan otro siha.</para>
         </listitem>
         <listitem>
            <para>Taya ni uno sina arbitariomente ma amot nui properdadna.</para>
         </listitem>
      </orderedlist>
   </article>
   <article number="18">
      <title>Articulo 18.</title>
      <para>Todo man gai derecho para ufan man haso gi libertad, consciencia yan relihion; este na derecho ha inklulusa libertad para utulaika i relihionna pat hinengenna, yan libertad maseha guiya namaisa pat gi dinanna yan otro siha gi publico pat privado, para umanifesta i relihionna pat hinengenna gi finanague, mapractica, inadora yan guinadda.</para>
   </article>
   <article number="19">
      <title>Articulo 19.</title>
      <para>Todo man gai derecho para libertad na opinion yan expresasion; este na derecho ha inklulusa i libertad para usustiene opinion sin nihafa na inentalo yan para uespia, uresibe yan ulaknos informasion yan idea siha gi maseha hafa na media yan sin considerasion pot nuebon niha siha.</para>
   </article>
   <article number="20">
      <title>Articulo 20.</title>
      <orderedlist>
         <listitem>
            <para>Todo man gai derecho para libertad na assemblia yan asociasion ni pacifico.</para>
         </listitem>
         <listitem>
            <para>Taya sina maobliga para uhalong gi un asociasion.</para>
         </listitem>
      </orderedlist>
   </article>
   <article number="21">
      <title>Articulo 21.</title>
      <orderedlist>
         <listitem>
            <para>Todo man gai derecho para ufan naonao gi i gobiernamenton i tanona, derektamente pat ginen i libertad ni maayek na representante.</para>
         </listitem>
         <listitem>
            <para>Todo man gai derecho nui pareho na accesso (entrada) para i servicion publico i tanona.</para>
         </listitem>
         <listitem>
            <para>I minalago i taotao debe de i fundamental i autoridad i gobiernamento; este na minalago debe de umanaanok gi tempo-pot-tempo yan magahet na election siha ni debe ginen i universal yan pareho na boto yan debe de umaconsige gi secreto na botasion pat gi ekuivalenten libertao na manera siha para man bota.</para>
         </listitem>
      </orderedlist>
   </article>
   <article number="22">
      <title>Articulo 22.</title>
      <para>Todo, como membron i sociedad, man gai derecho para i social na seguridad yan gai derecho para managuahan i seguridad, ginen i nasional na prenekura yan internasional na co-operasion yan gi acondancia yan i organisasion yan guinahan i kada uno na stado, i economia, social yan cultural na derecho siha ni tisina machanda i dignidadna yan i libertao na inadelantan i personalidadna.</para>
   </article>
   <article number="23">
      <title>Articulo 23</title>
      <orderedlist>
         <listitem>
            <para>Todo man gai derecho para ufachocho, para libertao na enaye empleo, para virtuoso yan faborable na condision i checho yan para proteksion kontra ti empleado.</para>
         </listitem>
         <listitem>
            <para>Todo, sin nihafa na discriminasion, man gai derecho nui pareho na apas para i pareho na chocho.</para>
         </listitem>
         <listitem>
            <para>Todo man machochocho man gai derecho para virtuoso yan faborable na compensensia asiguridot para guiya mismo yan i familiana un linala bale yan humano (taotao) na dignidad, yan maumentaye (masaplemente) yangin necesario, nui otro medio siha na proteksion social.</para>
         </listitem>
         <listitem>
            <para>Todo man gai derecho para uforma yan usaonao gi inetnon comercio siha para i proteksion i interesna siha.</para>
         </listitem>
      </orderedlist>
   </article>
   <article number="24">
      <title>Articulo 24.</title>
      <para>Todo man gai derecho para udeskansa yan tai ocupasion, incluso mididao na oran choch siha, yan tempo-pot-tempo na haanen gupot ni maapase.</para>
   </article>
   <article number="25">
      <title>Articulo 25.</title>
      <orderedlist>
         <listitem>
            <para>Todo man gai derecho para un standar na linala ni nahong para i hinemlo yan felicidadna yan para i familiana, incluso nenkano, magago, guma yan estiman medico yan necesario na servicion social siha, yan i derecho para seguridad inkaso na tiempleao, minalango, ininutet, biudo pat biuda, inamko pat otro ni fatan i linala gi circumstancia ni tangue gi sisinana.</para>
         </listitem>
         <listitem>
            <para>Maternida (humana) yan infancia (neni) mangai derecho para special na inistema yan ayudo. Todo famaguon, maseha mafango gi estao kasamento pat ahe, debe de ugosa i pareho na proteksion social.</para>
         </listitem>
      </orderedlist>
   </article>
   <article number="26">
      <title>Articulo 26.</title>
      <orderedlist>
         <listitem>
            <para>Todo man gai derecho nui educasion. Educasion debe de sin apas, polomenos gi elmentario yan i fundamental na eskalera siha. Elementario na educasion debe de obligao. Teknical yan profesional na educasion debe umana guaha heneralmente yan i latakilo na educasion debe de kabales na hatmiyon para todo sigun i mireto.</para>
         </listitem>
         <listitem>
            <para>I educasion debe de umaderihe para i kabales yan i manametgot i respeto pot derechon humano siha yan fundamental na libertad siha. I educasion debe unadelanta inakumprende, siningon, yan inamigo entalo todo i tano siha, rasa pat gurupon relihion siha, yan debe uomenta i checho i Unidas Nasion siha para i masuseten i pas.</para>
         </listitem>
         <listitem>
            <para>I mManaina man gai primet derecho para uayek i klasen educasion ni para umanae i famaguon niha.</para>
         </listitem>
      </orderedlist>
   </article>
   <article number="27">
      <title>Articulo 27.</title>
      <orderedlist>
         <listitem>
            <para>Todo man gai derecho libertao para usaonao gi i cultural na linala i comunidad, para ugosa i arto siha para usaonao gi sientifico na adelantamente yan i beneficiona siha.</para>
         </listitem>
         <listitem>
            <para>Todo man gai derecho pot i proteksion i moral yan material na interes siha umuhuyon ginen todo sientifico, literario (tinige) pat producsion artistico ni eso guiya autor (fumatinas).</para>
         </listitem>
      </orderedlist>
   </article>
   <article number="28">
      <title>Articulo 28.</title>
      <para>Todo man gai derecho para un social yan internasional na arreglo anai i derecho yan i libertad siha ni man mapolo guine na Declarasion usina marealisa kabales.</para>
   </article>
   <article number="29">
      <title>Articulo 29.</title>
      <orderedlist>
         <listitem>
            <para>Todo man gai obligasion para i comunidad anai solamente i libertad yan kabales na adelanto i personalidadna sina makonsige.</para>
         </listitem>
         <listitem>
            <para>Gi i ninaseben i derechona yan libertadna siha, todo ufan sometado (tokante) nui restriksion siha ni man madetermina gi lai solamente pot i intensiom i ma aseguran i ginagagao na recognision yan respeto para i derecho yan libertad i pumalo siha yan i inafacha i virtuoso na ginagao moral, areglao na publico yan i heneral na prosperidad ni un democratico na sociedad.</para>
         </listitem>
         <listitem>
            <para>I derecho yan libertad siha tidebe umausa gi kautkuet manero ni contrario yan i intension yan i motibon i Unidas Nasion siha.</para>
         </listitem>
      </orderedlist>
   </article>
   <article number="30">
      <title>Articulo 30.</title>
      <para>Taya gi este na Declarasion usina mainterpete como haimplilika (hasasangan) para kuatkuet stado, gurupo pat persona kuatkuet derecho ni para usaonao gi kuatkuet actividad (chocho) pat para ufatinas kuatkuet acto madesigna para i destruksion i kuatkuet derecho yan libertad siha ni man mapolo guine na tinige.</para>
   </article>
</udhr>