<?xml version="1.0" encoding="UTF-8"?>

<!--© The Office of the High Commisioner for Human Rights-->

<udhr lang="cjs" language="Shor" xmlns="http://www.unhchr.ch/udhr">
   <title>Кижини тоолағанынаң ужун декларациязы</title>
   <note>
      <para>1948 чылда улуғ қырлаш айдынъ 10 кӱнӱнде Генеральный Ассамблей, 217 A(III) кижини тоолағанының ужун декларациязын ал-кел, резолюцияба аны угъустылар.</para>
    </note>
    <preamble>
  <title>ПРЕАМБУЛАЗЫ</title>
      <para>Парчын кижини тенъ тоолабазабыс, пош, шын, абыр чадыйыбыс пар полбас теп, кӧрӱп;</para>
      <para>Кижилерди қыстап-кел тоолабанчыабыста, улуғ  қан тӧгӱлӱп, кижи сағыжы қырыл турча теп, кӧрӱп;</para>
      <para>Наа чадыйыбыс, ол парчын кижи айдарын айдар, сананғанын ажар чадыйы, анаң аара кижи қоруқпан, керексинмен чӧрер чадыйы ползын теп, кӧрӱп;</para>
      <para>Кижилерди улуғ тоолап, ыларға чозақ полушсын теп,  қыстаған кижилер қыстапчыған кижилердең тоғра турбазыннар, ӧдӱрӱшпезиннер теп, кӧрӱп;</para>
      <para>Ақ чарықта чатчыған чон-қалықтар, ӧзере тартышпан, арғыштаныш полып, чатсыннар теп, кӧрӱп;</para>
      <para>Пириктеген қалықтары парчын кижиге улуғ тоолағанынға, парчын кижини ңчадыйының қыймадынға, эр кижибе тижи кижиниң тенъ полчығанынға пӱтчадып,   позуның Уставқа аны пастырып, кижи аразындағы чадыйы чақшаарақ пол-парзын теп, санағанмысқа кӧрӱп;</para>
      <para>Пириктеген  қалықтардың қааннары парчын кижиге улуғ тоолағанының  керегин, чадыйыбыс пош поларының керегин, қожа қатыш-келип иштерге сӧс пергенин кӧрӱп;</para>
      <para>Парчын кижиге улуғ тоолағаны, парчын кижиниң пош чатчығаны қайда да, кемге да тың керек, анаң аара пис по айтқан сӧстерибистең шыкпасқа тың керек полғанын кӧрӱп;</para>
      <para>Генеральный Ассамблей</para>
      <para>парчын кижиге улуғ тоолағанынаң, пош чадыйынаң ужун по Текши декларациязын уғуза чарлапча; парчын қаан, қалық, кижи по текши декларацияда пасқанын иштезиннер теп, қатқа ӱргенип, кижилер аразында чӧрӱп, парчын кижиге улуғ тооланғанының, пош чадыйыбыстың керегинге полушсыннар,  улуғ пайрамнарда, пашқа  қалықтарба, эзе, пириктеген қалықтарба ылардың туңма қалықтарба чыылыжып, парчын кижиге улуғ тоолағанын, парчын кижи пош чатқанын чағдаттырып, иштеттирип этча.</para>
   </preamble>
   <article number="1">
      <title>Статьязы 1</title>
      <para>Парчын кижи, по чарыққа туғчадып, тең, пош туғча. Кижилер сағыштығ, ақтығ туғчалар, кижилерге пашқа кижилербе арғыштаныштарға керек.</para>
   </article>
   <article number="2">
      <title>Статьязы 2</title>
      <para>Парчын кижи пашқа кижилербе, ылар қайдығ да чон-қалықтанъ шыққанынға, тижи ба, эр кижи ба полғанынға,  қайдығ да тилбе чооқташқанынға,  қайдығ да партиядаң шығара сананғанынға, пай ба, чоқ кижи ба полғанынға пирда кӧрбен,  тең улуғ тоолаған ползын, пашқа кижилербе тең пош чатсын.</para>
   </article>
   <article number="3">
      <title>Статьязы 3</title>
      <para>Парчын кижи  пош чатсын, аны кем да тегбезин.</para>
   </article>
   <article number="4">
      <title>Статьязы 4</title>
      <para>Пирда кижи қул полбазын, қайдығ да кижини қул эдерге, қул эдип садырға чарабас.</para>
   </article>
   <article number="5">
      <title>Статьязы 5</title>
      <para>Пирда кижи пашқа кижиге шаптырбазын, қыстаттырбазын, моғаттырбазын, қайде да чабал эттирбезин.</para>
   </article>
   <article number="6">
      <title>Статьязы 6</title>
      <para>Парчын кижи, ол қайда да чадып, пашқа кижилерге улуғ тоолаттырзын.</para>
   </article>
   <article number="7">
      <title>Статьязы 7</title>
      <para>Парчын кижи, ол қайдығ да чозақтығ, тиллиғ полза, по декларацияға кӧре, чозақ аны пашқа кижилербе тең кӧр-турзын.</para>
   </article>
   <article number="8">
      <title>Статьязы 8</title>
      <para>Парчын кижи, аны улуғ тоолабанчығаннарында, чарғыға кирзин, ааң керегин чарғычы маттап кӧрӱп, оң этсин.</para>
   </article>
   <article number="9">
      <title>Статьязы 9</title>
      <para>Пирда кижи ээде ле туттырған полбазын, ноо-ноо чердең шығара сӱрӱлбезин.</para>
   </article>
   <article number="10">
      <title>Статьязы 10</title>
      <para>Парчын кижи, аны чарғыға тӱжӱргеннеринде, ажылдыра, шын чарғы чарғылазын.</para>
   </article>
   <article number="11">
      <title>Статьязы 11</title>
      <orderedlist>
         <listitem>
            <para>Парчын кижи, ол қыйал эткен теп найнағаннарында, ааң қыйалы эткенин оң чарғычы қат шығарбанче, ол қыйалы чоқ кижи теп адалзын.</para>
         </listitem>
         <listitem>
            <para>Ноо да кижи, тем-тем алында қыйал эдип, наа ла шыққан чозаққа кӧре, чарғыға тӱжӱрбезин. Тӱрбеде одурып, шығып, ам, наа ла шыққан чозаққа кре, полғанынаң қадығаарақ этпезиннер.</para>
         </listitem>
      </orderedlist>
   </article>
   <article number="12">
      <title>Статьязы 12</title>
      <para>Ноо да кижиниң сағыжын сананғанынға, семьязы чатчаң эминге, ааң пасқан қатқа, ааң тӧлдиң ағынға кем да кирбезин, арлашпазын.</para>
   </article>
   <article number="13">
      <title>Статьязы 13</title>
      <orderedlist>
         <listitem>
            <para>Парчын кижи қайаға чӧрерге саназа, анда чӧрзин, қайда чадарға саназа, анда чатсын, қайдығ да қаан черинде.</para>
         </listitem>
         <listitem>
            <para>Парчын кижи позуның черинең қайаға саназа, аға парзын, айланар полза, позуның черинге айланзын.</para>
         </listitem>
      </orderedlist>
   </article>
   <article number="14">
      <title>Статьязы 14</title>
      <orderedlist>
         <listitem>
            <para>Парчын кижи, аны черинең шығара  сӱргеннеринде, қайаға да тезерге саназа, тессин.</para>
         </listitem>
         <listitem>
            <para>Кижи тезе ӧдӱрзе-оорлаза, пириктеген қалық организацияның чозақтарынға кӧре, аға полужарға чарабас.</para>
         </listitem>
      </orderedlist>
   </article>
   <article number="15">
      <title>Статьязы 15</title>
      <orderedlist>
         <listitem>
            <para>Парчын кижи гражданстволығ ползын.</para>
         </listitem>
         <listitem>
            <para>Кемге да ааң гражданствозын ээде ле алыб-аларға чарабас.</para>
         </listitem>
      </orderedlist>
   </article>
   <article number="16">
      <title>Статьязы 16</title>
      <orderedlist>
         <listitem>
            <para>Эр кижи тижи кижибе, эр шенинге четкеннеринде, ноо да небеге, шырайынға, қудайға пӱткенинге, чон-қалығынға кӧрбен, алышсыннар.</para>
         </listitem>
         <listitem>
            <para>Ӧзере ле сананыш-келип, алышсыннар.</para>
         </listitem>
         <listitem>
            <para>Семья, ол қалықтың пӧлӱгӱ. Анаң аара қалық аға полушсын.</para>
         </listitem>
      </orderedlist>
   </article>
   <article number="17">
      <title>Статьязы 17</title>
      <orderedlist>
         <listitem>
            <para>Парчын кижи чағысқа да, кемме да пирге да полза, эм-мал тутсын.</para>
         </listitem>
         <listitem>
            <para>Кемнең да тутқан эм-малы пашқа кижибе ээде ле алдырбазын.</para>
         </listitem>
      </orderedlist>
   </article>
   <article number="18">
      <title>Статьязы 18</title>
      <para>Парчын кижи ноода ужун саназа, анаң ужун саназын, қайдығ да қудайға  пӱдерге саназа, аға пӱтсин, чағысқа да, кемме пирге, қожа да, кижилердиң кӧзӱнче да, кижиге кӧрдӱрбен да позуның чозағын тутсын.</para>
   </article>
   <article number="25">
      <title>Статьязы 19</title>
      <para>Парчын кижи ноо ла санарға саназа, аны саназын, ноо ла айдарға саназа, аны айтсын, ноо ла тилерге, табарға саназа, аны тапсын, кем да аны қайдығ черде да тоқтатпазын.</para>
   </article>
   <article number="25">
      <title>Статьязы 20</title>
      <orderedlist>
         <listitem>
            <para>Парчын кижи абыр чыылыжарға саназа, абыр чыылышсын.</para>
         </listitem>
         <listitem>
            <para>Кемни да кӱшпе чыылышқа кииридерге чарабас.</para>
         </listitem>
      </orderedlist>
   </article>
   <article number="21">
      <title>Статьязы 21</title>
      <orderedlist>
         <listitem>
            <para>Парчын кижи қаан-тӧрези керегинге арлажарға саназа, позу да, позуның кижины ызып, арлашсын.</para>
         </listitem>
         <listitem>
            <para>Парчын кижи, позуның черинде қаан-тӧрези керегинге кирерге саназа, пашқа кижилербе тең кирзин.</para>
         </listitem>
         <listitem>
            <para>Каан-тӧрези қалықтың санағанын уқчалар, ол қалығы қаан-тӧрезинге тутча, қалыктың санағаны пош уғулзын.</para>
         </listitem>
      </orderedlist>
   </article>
   <article number="22">
      <title>Статьязы 22</title>
      <para>Парчын кижи, қалық аразында чӧрӱуп, чақшы чадарға, қатчы поларға, пай поларға керек небелерин алзын.</para>
   </article>
   <article number="25">
      <title>Статьязы 23</title>
      <orderedlist>
         <listitem>
            <para>Парчын кижи қайда иштерге саназа, анда иштезин, чақшы черде иштезин, иш чоқ қалбазын.</para>
         </listitem>
         <listitem>
            <para>Парчын кижи, пирда қыстатпан, иштеп тең ӱлӱш алзын.</para>
         </listitem>
         <listitem>
            <para>Парчын иштепчыған кижи, позу, ааң семьязы чақшы пай чадарға, чедер ақча алзын.</para>
         </listitem>
         <listitem>
            <para>Парчын кижи позуның керегинең ужун профсоюз пӱдӱрзин, пашқа профсоюстарынға кирзин.</para>
         </listitem>
      </orderedlist>
   </article>
   <article number="24">
      <title>Статьязы 24</title>
      <para>Парчын кижи тынанарға керек полза, тынанзын, ойун ойнарға саназа, ойназын, ужы-пажы чоқ тем иштебезин, отпусктығ ползын.</para>
   </article>
   <article number="25">
      <title>Статьязы 25</title>
      <orderedlist>
         <listitem>
            <para>Парчын кижи аға керек чиижин чиизин, керек кебин кессин, керек эминде чатсын, қазықтығ поларға, пашқа да керек небени алзын, иш чоқ пол-парза, қаар-парза, палығлығ, ағрығ пол-парза, пашқа да шедиктерге кир-парза, чедер ақчалығ ползын,</para>
         </listitem>
         <listitem>
            <para>Корсақтығ эпчи, кичиғ пала матап полуштығ ползыннар. Сурас паллар аба-ичелиғ палларба тең ползыннар.</para>
         </listitem>
      </orderedlist>
   </article>
   <article number="26">
      <title>Статьязы 26</title>
      <orderedlist>
         <listitem>
            <para>Парчын кижи қатқа ӱргензин. Ақча тӧлебен қатқа школда ӱргензин. Тӧрт класқа тӧӧнче парчын пала  ӱргензин.  Техникалығ,  профессиялығ школларда  ӱргенерге саназалар, ӱргензиннер. Институтқа ӱргенерге саназалар, сағыш четсе, ӱргензиннер.</para>
         </listitem>
         <listitem>
            <para>Катқа  ӱргенип,  кижилер позуның қуттарын ажып кӧрзиннер,  пашқа кижилерди тоолазыннар,  религияларынға,  чон-қалықтарынға кӧрбен,  тоолазыннар,  пириктеген қалықтардың организациязының керегин эдип, абыр-қазық эдип чатсыннар.</para>
         </listitem>
         <listitem>
            <para>Аба-ичелери позуның кичиғ палларынға қатқа ӱргенер черин қайда саназалар, анда табалзыннар.</para>
         </listitem>
      </orderedlist>
   </article>
   <article number="27">
      <title>Статьязы 27</title>
      <orderedlist>
         <listitem>
            <para>Парчын кижи чӱлӱң керегинге кирерге саназа, кирзин, пилим керегинге кирерге саназа, кирзин, иштеген пайын алзын.</para>
         </listitem>
         <listitem>
            <para>Кем да, пилим небени, кер сӧс, чооғаш пас-салза, ааң иштегенин улуғ тоолазыннар, асқайлабазыннар.</para>
         </listitem>
      </orderedlist>
   </article>
   <article number="28">
      <title>Статьязы 28</title>
      <para>Парчын кижи қалықтар, кижилер араларында, по декларацияда пасқан небелерге кӧре, улуғ тоолаттырзын, асқайлатпазын.</para>
   </article>
   <article number="29">
      <title>Статьязы 29</title>
      <orderedlist>
         <listitem>
            <para>Парчын кижиниң ааң позуның чон-қалығынаң алында ӧдӱш пар; ол ӧдушти чонқалығынға тӧлеп, кижи позуның қудын ажылып, ырызын-ӱлӱжин алча.</para>
         </listitem>
         <listitem>
            <para>Парчын кижини, ол пош, тең полчығанда, аны чозақ ла тоқтатча; ол чозақ пашқа кижилердиң пожын, тең полчығанын тоолапчыған чозағы.</para>
         </listitem>
         <listitem>
            <para>Парчын кижиниң пожы, теңи пириктеген қалықтар организациязынынх керегинең тоғра полбазын.</para>
         </listitem>
      </orderedlist>
   </article>
   <article number="30">
      <title>Статьязы 30</title>
      <para>По декларацияда пасқан небелери пир ле қаан черин, пир чон-қалықтың керегин тутчаң небелери эбес; кемге да, по декларацияда пасқан небелерин чоқ эдерге чарабас; по декларацияда пасқан небелери,  кижилерге полуш-келип,  пистиң чақшы чадыйыбыс пӱдӱрзиннер.</para>
   </article>
  <note>
    <para>Авторы перевода</para>
    <para>Кандидат филологических наук, член Союза писателей России, с.н. сотрудник  Института филологии СО РАН Л.Н. Арбачакова,  Кандидат филологических наук, член Союза писателей России, доцент кафедры шорского языка и литературы Г.В. Косточаков.</para>
  </note>

</udhr>
