﻿<?xml version="1.0" encoding="UTF-8"?>

<!--© The Office of the High Commisioner for Human Rights-->

<udhr lang="azj" language="Azerbaijani, North (Latin)" xmlns="http://www.unhchr.ch/udhr">
  <title>İNSAN HÜQUQLARI HAQQINDA ÜMUMİ BƏYANNAMƏ</title>
  <preamble>
    <title>PREAMBULA</title>
    <para>Bəşər ailəsinin bütün üzvlərinə xas olan ləyaqət hissinin və onların bərabər və ayrılmaz hüquqlarının tanınmasının azadlıq, ədalət və ümumi sülhün əsası olduğunu nəzərə alaraq,</para>
    <para>insan hüquqlarına etinasızlıq və nifrətin bəşəriyyəti dəhşətə gətirən barbarizm hərəkətlərinə səbəb olduğunu və insanların söz və etiqad azadlığına malik, qorxu və ehtiyacdan azad olduqları dünyanın yaradılmasının bəşəriyyətin ən ali istəyi olduğunu nəzərə alaraq,</para>
    <para>insanın son vasitə kimi istibdad və zülmə qarşı qiyama qalxmağa məcbur olmamasını təmin etmək üçün insan hüquqlarının qanunun hakimiyyəti ilə müdafiə olunmasının zəruriliyini nəzərə alaraq,</para>
    <para>xalqlar arasında mehriban münasibətlərin inkişafını dəstəkləməyin vacibliyini nəzərə alaraq,</para>
    <para>Birləşmiş Millətlərin xalqlarının BMT Nizamnaməsində əsas insan hüquqlarına, insan şəxsiyyətinin ləyaqət və dəyərinə, kişi və qadınların hüquq bərabərliyinə inamlarını təsdiq etdiklərini və daha geniş azadlıq şəraitində sosial tərəqqi və həyat şəraitinin yaxşılaşdırılmasına yardım etməyi qət etdiklərini nəzərə alaraq,</para>
    <para>üzv dövlətlərin BMT ilə əməkdaşlıq şəraitində insan hüquqlarına və əsas azadlıqlara ümumi hörmət və onlara əməl olunmasına yardım etməyi öhdələrinə götürdüklərini nəzərə alaraq,</para>
    <para>bu hüquq və azadlıqların xarakterinin tam şəkildə dərk olunmasının həmin öhdəliyin hərtərəfli yerinə yetirilməsi üçün böyük əhəmiyyət kəsb etdiyini nəzərə alaraq,</para>
    <para>BMT Baş Assambleyası</para>
    <para>İnsan hüquqları Haqqında Ümumi Bəyannaməni, hər bir kəsin və cəmiyyətin hər bir orqanının bu Bəyannaməni rəhbər tutaraq maarifçilik və tədris yolu ilə həmin hüquq və azadlıqlara hörmət olunmasına yardım etməsi və milli və beynəlxalq səviyyədə tərəqqipərvər tədbirlər yolu ilə, həm təşkilatın üzvü olan xalqları, həm də onların yurisdiksiyası altında olan ərazilərin xalqları arasında ümumilikdə və effektiv tanınması və həyata keçirilməsinə səy göstərmələri məqsədilə bütün xalqlar və bütün dövlətlərin yerinə yetirməyə can atmalı olduqları vəzifə kimi bəyan edir.</para>
  </preamble>
  <article number="1">
    <title>Maddə 1</title>
    <para>Bütün insanlar ləyaqət və hüquqlarına görə azad və bərabər doğulurlar. Onların şüurları və vicdanları var və bir-birlərinə münasibətdə qardaşlıq ruhunda davranmalıdırlar.</para>
  </article>
  <article number="2">
    <title>Maddə 2</title>
    <para>Hər bir şəxs irqindən, dərisinin rəngindən, cinsindən, dilindən, dinindən, siyasi və digər əqidəsindən, milli və ya sosial mənşəyindən, əmlak, sosial mövqe və digər vəziyyətindən asılı olmayaraq bu Bəyannamədə elan olunmuş bütün hüquq və azadlıqlara malik olmalıdır.</para>
    <para>Bundan əlavə, həmin şəxsin mənsub olduğu ölkənin və ya ərazinin, həmin ərazinin müstəqil, qəyyumluq altında olan, özüidarəolunmayan və ya suverenliyi hər hansı şəkildə məhdudlaşmış olmasından asılı olmayaraq, siyası, hüquqi və beynəlxalq statusundan asılı olaraq heç bir ayrı-seçkilik qoyulmamalıdır.</para>
  </article>
  <article number="3">
    <title>Maddə 3</title>
    <para>Hər bir şəxsin yaşamaq, azadlıq və şəxsi toxunulmazlıq hüququ var.</para>
  </article>
  <article number="4">
    <title>Maddə 4</title>
    <para>Heç kim kölə və ya asılı vəziyyətdə saxlanıla bilməz; quldarlıq və qul ticarəti bütün formalarda qadağan edilir.</para>
  </article>
  <article number="5">
    <title>Maddə 5</title>
    <para>Heç kim işgəncəyə və ya qəddar, qeyri-insani və ya onun ləyaqətini alçaldan münasibətə və cəzaya məruz qalmamalıdır.</para>
  </article>
  <article number="6">
    <title>Maddə 6</title>
    <para>Hər bir şəxs harada olmasından asılı olmayaraq özünün hüquq subyektltiliyinin tanınması hüququna malikdir.</para>
  </article>
  <article number="7">
    <title>Maddə 7</title>
    <para>Bütün insanlar qanun qarşısında bərabərdirlər və qanun tərəfindən bərabər müdafiə hüququna malikdirlər. Bütün insanlar bu Bəyannaməni pozan hər hansı ayrı-seçkilikdən və belə ayrı-seçkiliyə hər hansı cəhddən bərabər müdafiə olunma hüququna malikdirlər.</para>
  </article>
  <article number="8">
    <title>Maddə 8</title>
    <para>Hər bir şəxs Konstitusiyanın və ya qanunun ona verdiyi hüquqların pozulması zamanı sələahiyyətli milli məhkəmələr tərəfindən hüquqlarının bərpa olunması hüququna malikdir.</para>
  </article>
  <article number="9">
    <title>Maddə 9</title>
    <para>Heç kim özbaşına həbsə, tutulmaya və ya sürgünə məruz qala bilməz.</para>
  </article>
  <article number="10">
    <title>Maddə 10</title>
    <para>Hər bir şəxs onun hüquq və vəzifələrinin təyini və ona qarşı irəli sürülmüş cinayət ittihamının əsaslılığının müəyyənləşdirilməsi üçün onun işinin müstəqil və bitərəf məhkəmədə, tam bərabərlik əsasında, aşkarlıq və ədalətin bütün tələblərinin gözlənilməsi şəraitində baxılması hüququna malikdir.</para>
  </article>
  <article number="11">
    <title>Maddə 11</title>
    <orderedlist>
      <listitem>
	<para>Cinayət törətməkdə ittiham olunan hər bir şəxs günahı ona müdafiə üçün bütün imkanların təmin olunduğu açıq məhkəmə istintaqında qanuni şəkildə sübut olunanadək günahsız hesab edilmək hüquna malikdir.</para>
      </listitem>
      <listitem>
	<para>Heç bir kəs milli qanunvericilik və ya beynəlxalq hüquqa əsasən törədildiyi zaman cinayət hesab edilməyən hərəkət və ya hərəkətsizlik üçün cinayətdə ittiham oluna bilməz. Eyni zamanda cinayətin törədildiyi zaman tətbiq oluna biləcək cəzadan daha ağırı tətbiq oluna bilməz.</para>
      </listitem>
    </orderedlist>
  </article>
  <article number="12">
    <title>Maddə 12</title>
    <para>Heç kim şəxsi və ailə həyatına müdaxiləyə, evinin toxunulmazlığına, məktublaşmasının gizliliyinə, şərəf və nüfuzuna özbaşına qəsdə məruz qala bilməz. Hər bir şəxsin belə müdaxilə və qəsdən qanun tərəfindən müdafiə olunmaq hüququ var.</para>
  </article>
  <article number="13">
    <title>Maddə 13</title>
    <orderedlist>
      <listitem>
	<para>Hər bir şəxs hər bir ölkə hüdudunda sərbəst hərəkət etmək və yaşayış yeri seçmək hüququna malikdir.</para>
      </listitem>
      <listitem>
	<para>Hər bir şəxs öz ölkəsi də daxil olmaqla istənilən ölkəni tərk etmək və öz ölkəsinə qayıtmaq hüququna malikdir.</para>
      </listitem>
    </orderedlist>
  </article>
  <article number="14">
    <title>Maddə 14</title>
    <orderedlist>
      <listitem>
	<para>Hər bir şəxs digər ölkələrdə təqibdən sığınacaq axtarmaq və bu sığınacaqdan istifadə etmək hüququna malikdir.</para>
      </listitem>
      <listitem>
	<para>Bu hüquq həqiqətən də qeyri-siyasi cinayət və ya Birləşmiş Millətlər Təşkilatının məqsəd və prinsiplərinə zidd hərəkət törədilməsinə əsaslanan təqiblər zamanı istifadə oluna bilməz.</para>
      </listitem>
    </orderedlist>
  </article>
  <article number="15">
    <title>Maddə 15</title>
    <orderedlist>
      <listitem>
	<para>Hər bir şəxs vətəndaşlıq hüququna malikdir.</para>
      </listitem>
      <listitem>
	<para>Heç kim özbaşına olaraq vətəndaşlıqdan və vətəndaşlığını dəyişmək hüququndan məhrum edilə bilməz.</para>
      </listitem>
    </orderedlist>
  </article>
  <article number="16">
    <title>Maddə 16</title>
    <orderedlist>
      <listitem>
	<para>Yetkinlik yaşına çatmış kişilər və qadınlar irqi, milli və dini əlamətlərinə görə heç bir məhdudiyyət qoyulmadan nikaha daxil olmaq və ailə qurmaq hüququna malikdirlər. Onlar nikaha daxil olarkən, nikah müddətində və onun pozulması zamanı eyni hüquqlardan istifadə edirlər.</para>
      </listitem>
      <listitem>
	<para>Nikah, nikaha daxil olan hər iki tərəfin azad və tam razılığı olarsa bağlana bilər.</para>
      </listitem>
      <listitem>
	<para>Ailə cəmiyyətin təbii və başlıca qrup vahididir və cəmiyyət və dövlət tərəfindən müdafiə olunma hüququna malikdir.</para>
      </listitem>
    </orderedlist>
  </article>
  <article number="17">
    <title>Maddə 17</title>
    <orderedlist>
      <listitem>
	<para>Hər bir şəxsin həm təkbaşına, həm də digərləri ilə birlikdə mülkiyyətə sahib olma hüququ var.</para>
      </listitem>
      <listitem>
	<para>Heç kim özbaşına olaraq mülkiyyətdən məhrum edilə bilməz.</para>
      </listitem>
    </orderedlist>
  </article>
  <article number="18">
    <title>Maddə 18</title>
    <para>Hər bir şəxs düşüncə, vicdan və din azadlığı hüququna malikdir; bu hüquqa öz dinini və etiqadını dəyişmək azadlığı və öz dininə və inanclarına təhsil, dua və dini və ritual ayinlər zamanı təklikdə və ya başqaları ilə birlikdə, aşkar və ya fərdi şəkildə etiqad etmək azadlığı daxildir.</para>
  </article>
  <article number="19">
    <title>Maddə 19</title>
    <para>Hər bir şəxs əqidə və onu sərbəst ifadə etmək azadlığı hüququna malikdir; bu hüquqa maneəsiz olaraq əqidəyə malik olmaq və informasiya və ideyaları dövlət sərhədlərindən asılı olmayaraq istənilən vasitələrlə axtarmaq, əldə etmək və yaymaq azadlığı daxildir.</para>
  </article>
  <article number="20">
    <title>Maddə 20</title>
    <orderedlist>
      <listitem>
	<para>Hər bir şəxs dinc yığıncaqlar və assosiasiyalar azadlığı hüququna malikdir.</para>
      </listitem>
      <listitem>
	<para>Heç bir şəxs hər hansı bir assosiasiyaya qoşulmağa məcbur edilə bilməz.</para>
      </listitem>
    </orderedlist>
  </article>
  <article number="21">
    <title>Maddə 21</title>
    <orderedlist>
      <listitem>
	<para>Hər bir şəxs dövlətin idarə olunmasında bilavasitə və ya azad şəkildə seçilmiş nümayəndələr vasitəsilə iştirak etmək hüququna malikdir.</para>
      </listitem>
      <listitem>
	<para>Hər bir şəxs öz ölkəsində dövlət xidmətində qulluq etmək üçün bərabər imkana malik olmaq hüququna malikdir.</para>
      </listitem>
      <listitem>
	<para>Xalqın iradəsi iqtidar hakimiyyətinin əsası olmalıdır; bu iradə öz ifadəsini gizli səsvermə yolu ilə, ümumi və bərabər seçki hüququ və ya səsvermənin azadlığını təmin edən digər eynimənalı formalar əsasında keçirilən mütamadi və saxtalaşdırılmamış seçkilərdə tapmalıdır.</para>
      </listitem>
    </orderedlist>
  </article>
  <article number="22">
    <title>Maddə 22</title>
    <para>Hər bir şəxs cəmiyyətin üzvü kimi sosial müdafiə hüququna və milli səylər və beynəlxalq əməkdaşlıq yolu ilə və hər bir dövlətin strukturu və resurslarına uyğun olaraq onun ləyaqətinin müdafiəsi və şəxsiyyətinin azad inkişafı üçün iqtisadi, sosial və mədəni sahələrdə hüquqlara malikdir.</para>
  </article>
  <article number="23">
    <title>Maddə 23</title>
    <orderedlist>
      <listitem>
	<para>Hər bir şəxsin əmək, sərbəst iş yeri seçmək, ədalətli və yaxşı iş şəraiti və işsizlikdən müdafiə hüququ var.</para>
      </listitem>
      <listitem>
	<para>Hər bir şəxs heç bir ayrı-seçkilik olmadan eyni iş üçün eyni əmək haqqı almaq hüququna malikdir.</para>
      </listitem>
      <listitem>
	<para>Hər bir işləyən şəxs, əməyinin lazım gələrsə digər sosial müdafiə vasitələrilə tamamlanan, onun özünün və ailəsinin layiqli dolanışığını təmin edə bilən ədalətli və qənaətbəxş ödənilməsi hüququna malikdir.</para>
      </listitem>
      <listitem>
	<para>Hər bir şəxsin həmkarlar ittifaqı yaratmaq və öz sosial maraqlarını müdafiə etmək üçün həmkarlar ittifaqlarına daxil olmaq hüququ var.</para>
      </listitem>
    </orderedlist>
  </article>
  <article number="24">
    <title>Maddə 24</title>
    <para>Hər bir şəxsin istirahət və asudə vaxt, o cümlədən iş gününün ağlabatan hüdudu və ödənilən mütamadi məzuniyyət hüququ var.</para>
  </article>
  <article number="25">
    <title>Maddə 25</title>
    <orderedlist>
      <listitem>
	<para>Hər bir şəxs onun özünün və ailəsinin səhhət və rifahını təmin etmək üçün lazım olan, qida, geyim, tibbi xidmət və lazımi sosial təminat da daxil olmaqla həyat səviyyəsi hüququna və işsizlik, xəstəlik, əlillik, dul qalma, qocalıq və ondan asılı olmayan səbəblər üzündən yaşayış vasitələrinin itirilməsi zamanı təminat hüququna malikdir.</para>
      </listitem>
      <listitem>
	<para>Analıq və uşaqlıq xüsusi qayğı və yardım almaq hüququna malikdirlər. Həm nikah nəticəsində həm də nikahdan kənar doğulmuş uşaqlar eyni sosial müdafiədən istifadə etməlidirlər.</para>
      </listitem>
    </orderedlist>
  </article>
  <article number="26">
    <title>Maddə 26</title>
    <orderedlist>
      <listitem>
	<para>Hər bir şəxsin təhsil hüququ var. Ən azı ibtidai və ümumi təhsil pulsuz olmalıdır. İbtidai təhsil icbari olmalıdır. Hər kəs texniki və peşə təhsili almaq imkanına malik olmalıdır, ali təhsil də hər kəsin qabiliyyəti əsasında hamıya eyni dərəcədə müyəssər olmalıdır.</para>
      </listitem>
      <listitem>
	<para>Təhsil insan şəxsiyyətinin tam inkişafına və insan hüquqları və əsas azadlıqlara hörmətin artırılmasına yönəldilməlidir. Təhsil xalqlar, irqi və dini qruplar arasında qarşılıqlı anlaşmanın, dözümlülüyün və dostluğun möhkəmləndirilməsinə və Birləşmiş Millətlərin sülhü qoruma sahəsində fəaliyyətinə yardım etməlidir.</para>
      </listitem>
      <listitem>
	<para>Valideynlər öz azyaşlı uşaqlarının təhsil növünü seçməkdə üstünlüyə malikdirlər.</para>
      </listitem>
    </orderedlist>
  </article>
  <article number="27">
    <title>Maddə 27</title>
    <orderedlist>
      <listitem>
	<para>Hər bir şəxs cəmiyyətin mədəni həyatında sərbəst iştirak etmək, incəsənətdən həzz almaq, elmi tərəqqidə iştirak etmək və onun faydasından istifadə etmək hüququna malikdir.</para>
      </listitem>
      <listitem>
	<para>Hər bir şəxs müəllifi olduğu elmi, ədəbi, və incəsənət əsərlərinin nəticəsində meydana çıxan maddi və mənəvi mənafelərinin qorunması hüququna malikdir.</para>
      </listitem>
    </orderedlist>
  </article>
  <article number="28">
    <title>Maddə 28</title>
    <para>Hər bir şəxsin bu Bəyannamədə əks olunmuş hüquq və azadlıqların tam təmin olunduğu sosial və beynəlxalq düzüm hüququ var.</para>
  </article>
  <article number="29">
    <title>Maddə 29</title>
    <orderedlist>
      <listitem>
	<para>Hər bir şəxs yalnız onun azad və tam inkişafı mümkün olduğu cəmiyyət qarşısında vəzifələr daşıyır.</para>
      </listitem>
      <listitem>
	<para>Öz hüquq və azadlıqlarını həyata keçirərkən hər bir şəxs yalnız elə məhdudiyyətlərə məruz qala bilər ki, onlar qanun tərəfindən digərlərinin hüquq və azadlıqlarının tanınması və hörmət olunmasının təmin edilməsi və demokratik cəmiyyətin əxlaqi, ictimai asayiş və ümumi rifah tələblərini ödəmək məqsədilə təyin edilmiş olsun.</para>
      </listitem>
      <listitem>
	<para>Bu hüquq və azadlıqların həyata keçirilməsi Birləşmiş Millətlər Təşkilatının məqsəd və prinsiplərinə zidd olmamalıdır.</para>
      </listitem>
    </orderedlist>
  </article>
  <article number="30">
    <title>Maddə 30</title>
    <para>Bu Bəyannamədə heç nə hər hansı dövlətə, şəxslər qrupuna və ayrı-ayrı şəxslərə Bəyannaməndə elan olunmuş hüquq və azadlıqların məhvinə yönəlmiş hər hansı fəaliyyətlə məşğul olmaq və ya hər hansı hərəkəti törətmək hüququnun verilməsi kimi təfsir oluna bilməz.</para>
  </article>
</udhr>

